period,year,day_of_year,product_id,product_name,distribution,target_mean,primary_demand
1,1,1,P1,Product 1,discrete_uniform,150.0,149
1,1,1,P2,Product 2,discrete_uniform,150.0,148
1,1,1,P3,Product 3,discrete_uniform,150.0,153
2,1,2,P1,Product 1,discrete_uniform,150.0,150
2,1,2,P2,Product 2,discrete_uniform,150.0,148
2,1,2,P3,Product 3,discrete_uniform,150.0,153
3,1,3,P1,Product 1,discrete_uniform,150.0,153
3,1,3,P2,Product 2,discrete_uniform,150.0,151
3,1,3,P3,Product 3,discrete_uniform,150.0,148
4,1,4,P1,Product 1,discrete_uniform,150.0,150
4,1,4,P2,Product 2,discrete_uniform,150.0,153
4,1,4,P3,Product 3,discrete_uniform,150.0,148
5,1,5,P1,Product 1,discrete_uniform,150.0,149
5,1,5,P2,Product 2,discrete_uniform,150.0,148
5,1,5,P3,Product 3,discrete_uniform,150.0,153
6,1,6,P1,Product 1,discrete_uniform,150.0,148
6,1,6,P2,Product 2,discrete_uniform,150.0,152
6,1,6,P3,Product 3,discrete_uniform,150.0,153
7,1,7,P1,Product 1,discrete_uniform,150.0,149
7,1,7,P2,Product 2,discrete_uniform,150.0,149
7,1,7,P3,Product 3,discrete_uniform,150.0,151
8,1,8,P1,Product 1,discrete_uniform,150.0,150
8,1,8,P2,Product 2,discrete_uniform,150.0,151
8,1,8,P3,Product 3,discrete_uniform,150.0,149
9,1,9,P1,Product 1,discrete_uniform,150.0,149
9,1,9,P2,Product 2,discrete_uniform,150.0,147
9,1,9,P3,Product 3,discrete_uniform,150.0,148
10,1,10,P1,Product 1,discrete_uniform,150.0,149
10,1,10,P2,Product 2,discrete_uniform,150.0,153
10,1,10,P3,Product 3,discrete_uniform,150.0,147
11,1,11,P1,Product 1,discrete_uniform,150.0,152
11,1,11,P2,Product 2,discrete_uniform,150.0,147
11,1,11,P3,Product 3,discrete_uniform,150.0,150
12,1,12,P1,Product 1,discrete_uniform,150.0,152
12,1,12,P2,Product 2,discrete_uniform,150.0,148
12,1,12,P3,Product 3,discrete_uniform,150.0,149
13,1,13,P1,Product 1,discrete_uniform,150.0,152
13,1,13,P2,Product 2,discrete_uniform,150.0,149
13,1,13,P3,Product 3,discrete_uniform,150.0,150
14,1,14,P1,Product 1,discrete_uniform,150.0,150
14,1,14,P2,Product 2,discrete_uniform,150.0,147
14,1,14,P3,Product 3,discrete_uniform,150.0,153
15,1,15,P1,Product 1,discrete_uniform,150.0,151
15,1,15,P2,Product 2,discrete_uniform,150.0,148
15,1,15,P3,Product 3,discrete_uniform,150.0,149
16,1,16,P1,Product 1,discrete_uniform,150.0,149
16,1,16,P2,Product 2,discrete_uniform,150.0,149
16,1,16,P3,Product 3,discrete_uniform,150.0,149
17,1,17,P1,Product 1,discrete_uniform,150.0,152
17,1,17,P2,Product 2,discrete_uniform,150.0,149
17,1,17,P3,Product 3,discrete_uniform,150.0,151
18,1,18,P1,Product 1,discrete_uniform,150.0,152
18,1,18,P2,Product 2,discrete_uniform,150.0,150
18,1,18,P3,Product 3,discrete_uniform,150.0,152
19,1,19,P1,Product 1,discrete_uniform,150.0,147
19,1,19,P2,Product 2,discrete_uniform,150.0,147
19,1,19,P3,Product 3,discrete_uniform,150.0,148
20,1,20,P1,Product 1,discrete_uniform,150.0,147
20,1,20,P2,Product 2,discrete_uniform,150.0,151
20,1,20,P3,Product 3,discrete_uniform,150.0,149
21,1,21,P1,Product 1,discrete_uniform,150.0,152
21,1,21,P2,Product 2,discrete_uniform,150.0,153
21,1,21,P3,Product 3,discrete_uniform,150.0,147
22,1,22,P1,Product 1,discrete_uniform,150.0,149
22,1,22,P2,Product 2,discrete_uniform,150.0,152
22,1,22,P3,Product 3,discrete_uniform,150.0,148
23,1,23,P1,Product 1,discrete_uniform,150.0,149
23,1,23,P2,Product 2,discrete_uniform,150.0,150
23,1,23,P3,Product 3,discrete_uniform,150.0,147
24,1,24,P1,Product 1,discrete_uniform,150.0,151
24,1,24,P2,Product 2,discrete_uniform,150.0,148
24,1,24,P3,Product 3,discrete_uniform,150.0,152
25,1,25,P1,Product 1,discrete_uniform,150.0,153
25,1,25,P2,Product 2,discrete_uniform,150.0,153
25,1,25,P3,Product 3,discrete_uniform,150.0,149
26,1,26,P1,Product 1,discrete_uniform,150.0,152
26,1,26,P2,Product 2,discrete_uniform,150.0,148
26,1,26,P3,Product 3,discrete_uniform,150.0,150
27,1,27,P1,Product 1,discrete_uniform,150.0,152
27,1,27,P2,Product 2,discrete_uniform,150.0,153
27,1,27,P3,Product 3,discrete_uniform,150.0,153
28,1,28,P1,Product 1,discrete_uniform,150.0,150
28,1,28,P2,Product 2,discrete_uniform,150.0,150
28,1,28,P3,Product 3,discrete_uniform,150.0,152
29,1,29,P1,Product 1,discrete_uniform,150.0,153
29,1,29,P2,Product 2,discrete_uniform,150.0,152
29,1,29,P3,Product 3,discrete_uniform,150.0,147
30,1,30,P1,Product 1,discrete_uniform,150.0,147
30,1,30,P2,Product 2,discrete_uniform,150.0,153
30,1,30,P3,Product 3,discrete_uniform,150.0,150
31,1,31,P1,Product 1,discrete_uniform,150.0,149
31,1,31,P2,Product 2,discrete_uniform,150.0,153
31,1,31,P3,Product 3,discrete_uniform,150.0,148
32,1,32,P1,Product 1,discrete_uniform,150.0,148
32,1,32,P2,Product 2,discrete_uniform,150.0,151
32,1,32,P3,Product 3,discrete_uniform,150.0,153
33,1,33,P1,Product 1,discrete_uniform,150.0,149
33,1,33,P2,Product 2,discrete_uniform,150.0,147
33,1,33,P3,Product 3,discrete_uniform,150.0,151
34,1,34,P1,Product 1,discrete_uniform,150.0,150
34,1,34,P2,Product 2,discrete_uniform,150.0,153
34,1,34,P3,Product 3,discrete_uniform,150.0,150
35,1,35,P1,Product 1,discrete_uniform,150.0,149
35,1,35,P2,Product 2,discrete_uniform,150.0,149
35,1,35,P3,Product 3,discrete_uniform,150.0,149
36,1,36,P1,Product 1,discrete_uniform,150.0,148
36,1,36,P2,Product 2,discrete_uniform,150.0,147
36,1,36,P3,Product 3,discrete_uniform,150.0,150
37,1,37,P1,Product 1,discrete_uniform,150.0,153
37,1,37,P2,Product 2,discrete_uniform,150.0,153
37,1,37,P3,Product 3,discrete_uniform,150.0,153
38,1,38,P1,Product 1,discrete_uniform,150.0,152
38,1,38,P2,Product 2,discrete_uniform,150.0,150
38,1,38,P3,Product 3,discrete_uniform,150.0,149
39,1,39,P1,Product 1,discrete_uniform,150.0,149
39,1,39,P2,Product 2,discrete_uniform,150.0,148
39,1,39,P3,Product 3,discrete_uniform,150.0,151
40,1,40,P1,Product 1,discrete_uniform,150.0,153
40,1,40,P2,Product 2,discrete_uniform,150.0,150
40,1,40,P3,Product 3,discrete_uniform,150.0,151
41,1,41,P1,Product 1,discrete_uniform,150.0,151
41,1,41,P2,Product 2,discrete_uniform,150.0,153
41,1,41,P3,Product 3,discrete_uniform,150.0,150
42,1,42,P1,Product 1,discrete_uniform,150.0,151
42,1,42,P2,Product 2,discrete_uniform,150.0,150
42,1,42,P3,Product 3,discrete_uniform,150.0,152
43,1,43,P1,Product 1,discrete_uniform,150.0,153
43,1,43,P2,Product 2,discrete_uniform,150.0,148
43,1,43,P3,Product 3,discrete_uniform,150.0,150
44,1,44,P1,Product 1,discrete_uniform,150.0,152
44,1,44,P2,Product 2,discrete_uniform,150.0,147
44,1,44,P3,Product 3,discrete_uniform,150.0,147
45,1,45,P1,Product 1,discrete_uniform,150.0,153
45,1,45,P2,Product 2,discrete_uniform,150.0,152
45,1,45,P3,Product 3,discrete_uniform,150.0,147
46,1,46,P1,Product 1,discrete_uniform,150.0,148
46,1,46,P2,Product 2,discrete_uniform,150.0,149
46,1,46,P3,Product 3,discrete_uniform,150.0,149
47,1,47,P1,Product 1,discrete_uniform,150.0,152
47,1,47,P2,Product 2,discrete_uniform,150.0,152
47,1,47,P3,Product 3,discrete_uniform,150.0,148
48,1,48,P1,Product 1,discrete_uniform,150.0,150
48,1,48,P2,Product 2,discrete_uniform,150.0,147
48,1,48,P3,Product 3,discrete_uniform,150.0,150
49,1,49,P1,Product 1,discrete_uniform,150.0,151
49,1,49,P2,Product 2,discrete_uniform,150.0,151
49,1,49,P3,Product 3,discrete_uniform,150.0,153
50,1,50,P1,Product 1,discrete_uniform,150.0,148
50,1,50,P2,Product 2,discrete_uniform,150.0,151
50,1,50,P3,Product 3,discrete_uniform,150.0,147
51,1,51,P1,Product 1,discrete_uniform,150.0,148
51,1,51,P2,Product 2,discrete_uniform,150.0,153
51,1,51,P3,Product 3,discrete_uniform,150.0,150
52,1,52,P1,Product 1,discrete_uniform,150.0,150
52,1,52,P2,Product 2,discrete_uniform,150.0,150
52,1,52,P3,Product 3,discrete_uniform,150.0,149
53,1,53,P1,Product 1,discrete_uniform,150.0,153
53,1,53,P2,Product 2,discrete_uniform,150.0,150
53,1,53,P3,Product 3,discrete_uniform,150.0,153
54,1,54,P1,Product 1,discrete_uniform,150.0,152
54,1,54,P2,Product 2,discrete_uniform,150.0,147
54,1,54,P3,Product 3,discrete_uniform,150.0,147
55,1,55,P1,Product 1,discrete_uniform,150.0,151
55,1,55,P2,Product 2,discrete_uniform,150.0,147
55,1,55,P3,Product 3,discrete_uniform,150.0,152
56,1,56,P1,Product 1,discrete_uniform,150.0,149
56,1,56,P2,Product 2,discrete_uniform,150.0,148
56,1,56,P3,Product 3,discrete_uniform,150.0,151
57,1,57,P1,Product 1,discrete_uniform,150.0,149
57,1,57,P2,Product 2,discrete_uniform,150.0,150
57,1,57,P3,Product 3,discrete_uniform,150.0,148
58,1,58,P1,Product 1,discrete_uniform,150.0,149
58,1,58,P2,Product 2,discrete_uniform,150.0,153
58,1,58,P3,Product 3,discrete_uniform,150.0,153
59,1,59,P1,Product 1,discrete_uniform,150.0,150
59,1,59,P2,Product 2,discrete_uniform,150.0,148
59,1,59,P3,Product 3,discrete_uniform,150.0,150
60,1,60,P1,Product 1,discrete_uniform,150.0,150
60,1,60,P2,Product 2,discrete_uniform,150.0,148
60,1,60,P3,Product 3,discrete_uniform,150.0,147
61,2,1,P1,Product 1,poisson,175.0,165
61,2,1,P2,Product 2,poisson,135.0,143
61,2,1,P3,Product 3,poisson,150.0,155
62,2,2,P1,Product 1,poisson,175.0,195
62,2,2,P2,Product 2,poisson,135.0,120
62,2,2,P3,Product 3,poisson,150.0,145
63,2,3,P1,Product 1,poisson,175.0,177
63,2,3,P2,Product 2,poisson,135.0,124
63,2,3,P3,Product 3,poisson,150.0,154
64,2,4,P1,Product 1,poisson,175.0,151
64,2,4,P2,Product 2,poisson,135.0,126
64,2,4,P3,Product 3,poisson,150.0,139
65,2,5,P1,Product 1,poisson,175.0,174
65,2,5,P2,Product 2,poisson,135.0,132
65,2,5,P3,Product 3,poisson,150.0,167
66,2,6,P1,Product 1,poisson,175.0,175
66,2,6,P2,Product 2,poisson,135.0,123
66,2,6,P3,Product 3,poisson,150.0,151
67,2,7,P1,Product 1,poisson,175.0,193
67,2,7,P2,Product 2,poisson,135.0,124
67,2,7,P3,Product 3,poisson,150.0,172
68,2,8,P1,Product 1,poisson,175.0,144
68,2,8,P2,Product 2,poisson,135.0,142
68,2,8,P3,Product 3,poisson,150.0,143
69,2,9,P1,Product 1,poisson,175.0,181
69,2,9,P2,Product 2,poisson,135.0,133
69,2,9,P3,Product 3,poisson,150.0,135
70,2,10,P1,Product 1,poisson,175.0,169
70,2,10,P2,Product 2,poisson,135.0,141
70,2,10,P3,Product 3,poisson,150.0,161
71,2,11,P1,Product 1,poisson,175.0,190
71,2,11,P2,Product 2,poisson,135.0,142
71,2,11,P3,Product 3,poisson,150.0,155
72,2,12,P1,Product 1,poisson,175.0,156
72,2,12,P2,Product 2,poisson,135.0,139
72,2,12,P3,Product 3,poisson,150.0,162
73,2,13,P1,Product 1,poisson,175.0,180
73,2,13,P2,Product 2,poisson,135.0,127
73,2,13,P3,Product 3,poisson,150.0,152
74,2,14,P1,Product 1,poisson,175.0,171
74,2,14,P2,Product 2,poisson,135.0,147
74,2,14,P3,Product 3,poisson,150.0,136
75,2,15,P1,Product 1,poisson,175.0,182
75,2,15,P2,Product 2,poisson,135.0,126
75,2,15,P3,Product 3,poisson,150.0,175
76,2,16,P1,Product 1,poisson,175.0,202
76,2,16,P2,Product 2,poisson,135.0,142
76,2,16,P3,Product 3,poisson,150.0,139
77,2,17,P1,Product 1,poisson,175.0,161
77,2,17,P2,Product 2,poisson,135.0,133
77,2,17,P3,Product 3,poisson,150.0,146
78,2,18,P1,Product 1,poisson,175.0,169
78,2,18,P2,Product 2,poisson,135.0,145
78,2,18,P3,Product 3,poisson,150.0,148
79,2,19,P1,Product 1,poisson,175.0,173
79,2,19,P2,Product 2,poisson,135.0,128
79,2,19,P3,Product 3,poisson,150.0,139
80,2,20,P1,Product 1,poisson,175.0,179
80,2,20,P2,Product 2,poisson,135.0,135
80,2,20,P3,Product 3,poisson,150.0,155
81,2,21,P1,Product 1,poisson,175.0,183
81,2,21,P2,Product 2,poisson,135.0,137
81,2,21,P3,Product 3,poisson,150.0,161
82,2,22,P1,Product 1,poisson,175.0,188
82,2,22,P2,Product 2,poisson,135.0,116
82,2,22,P3,Product 3,poisson,150.0,168
83,2,23,P1,Product 1,poisson,175.0,183
83,2,23,P2,Product 2,poisson,135.0,148
83,2,23,P3,Product 3,poisson,150.0,137
84,2,24,P1,Product 1,poisson,175.0,165
84,2,24,P2,Product 2,poisson,135.0,124
84,2,24,P3,Product 3,poisson,150.0,141
85,2,25,P1,Product 1,poisson,175.0,166
85,2,25,P2,Product 2,poisson,135.0,147
85,2,25,P3,Product 3,poisson,150.0,143
86,2,26,P1,Product 1,poisson,175.0,155
86,2,26,P2,Product 2,poisson,135.0,132
86,2,26,P3,Product 3,poisson,150.0,143
87,2,27,P1,Product 1,poisson,175.0,193
87,2,27,P2,Product 2,poisson,135.0,149
87,2,27,P3,Product 3,poisson,150.0,171
88,2,28,P1,Product 1,poisson,175.0,169
88,2,28,P2,Product 2,poisson,135.0,146
88,2,28,P3,Product 3,poisson,150.0,161
89,2,29,P1,Product 1,poisson,175.0,183
89,2,29,P2,Product 2,poisson,135.0,134
89,2,29,P3,Product 3,poisson,150.0,134
90,2,30,P1,Product 1,poisson,175.0,169
90,2,30,P2,Product 2,poisson,135.0,140
90,2,30,P3,Product 3,poisson,150.0,156
91,2,31,P1,Product 1,poisson,175.0,176
91,2,31,P2,Product 2,poisson,135.0,138
91,2,31,P3,Product 3,poisson,150.0,141
92,2,32,P1,Product 1,poisson,175.0,203
92,2,32,P2,Product 2,poisson,135.0,138
92,2,32,P3,Product 3,poisson,150.0,135
93,2,33,P1,Product 1,poisson,175.0,174
93,2,33,P2,Product 2,poisson,135.0,138
93,2,33,P3,Product 3,poisson,150.0,150
94,2,34,P1,Product 1,poisson,175.0,171
94,2,34,P2,Product 2,poisson,135.0,122
94,2,34,P3,Product 3,poisson,150.0,142
95,2,35,P1,Product 1,poisson,175.0,190
95,2,35,P2,Product 2,poisson,135.0,127
95,2,35,P3,Product 3,poisson,150.0,143
96,2,36,P1,Product 1,poisson,175.0,142
96,2,36,P2,Product 2,poisson,135.0,140
96,2,36,P3,Product 3,poisson,150.0,176
97,2,37,P1,Product 1,poisson,175.0,208
97,2,37,P2,Product 2,poisson,135.0,153
97,2,37,P3,Product 3,poisson,150.0,161
98,2,38,P1,Product 1,poisson,175.0,176
98,2,38,P2,Product 2,poisson,135.0,127
98,2,38,P3,Product 3,poisson,150.0,157
99,2,39,P1,Product 1,poisson,175.0,183
99,2,39,P2,Product 2,poisson,135.0,138
99,2,39,P3,Product 3,poisson,150.0,154
100,2,40,P1,Product 1,poisson,175.0,168
100,2,40,P2,Product 2,poisson,135.0,113
100,2,40,P3,Product 3,poisson,150.0,151
101,2,41,P1,Product 1,poisson,175.0,183
101,2,41,P2,Product 2,poisson,135.0,147
101,2,41,P3,Product 3,poisson,150.0,141
102,2,42,P1,Product 1,poisson,175.0,192
102,2,42,P2,Product 2,poisson,135.0,141
102,2,42,P3,Product 3,poisson,150.0,152
103,2,43,P1,Product 1,poisson,175.0,169
103,2,43,P2,Product 2,poisson,135.0,145
103,2,43,P3,Product 3,poisson,150.0,129
104,2,44,P1,Product 1,poisson,175.0,185
104,2,44,P2,Product 2,poisson,135.0,146
104,2,44,P3,Product 3,poisson,150.0,156
105,2,45,P1,Product 1,poisson,175.0,178
105,2,45,P2,Product 2,poisson,135.0,137
105,2,45,P3,Product 3,poisson,150.0,151
106,2,46,P1,Product 1,poisson,175.0,183
106,2,46,P2,Product 2,poisson,135.0,144
106,2,46,P3,Product 3,poisson,150.0,147
107,2,47,P1,Product 1,poisson,175.0,206
107,2,47,P2,Product 2,poisson,135.0,124
107,2,47,P3,Product 3,poisson,150.0,148
108,2,48,P1,Product 1,poisson,175.0,173
108,2,48,P2,Product 2,poisson,135.0,147
108,2,48,P3,Product 3,poisson,150.0,172
109,2,49,P1,Product 1,poisson,175.0,166
109,2,49,P2,Product 2,poisson,135.0,151
109,2,49,P3,Product 3,poisson,150.0,146
110,2,50,P1,Product 1,poisson,175.0,180
110,2,50,P2,Product 2,poisson,135.0,134
110,2,50,P3,Product 3,poisson,150.0,165
111,2,51,P1,Product 1,poisson,175.0,178
111,2,51,P2,Product 2,poisson,135.0,144
111,2,51,P3,Product 3,poisson,150.0,151
112,2,52,P1,Product 1,poisson,175.0,176
112,2,52,P2,Product 2,poisson,135.0,151
112,2,52,P3,Product 3,poisson,150.0,136
113,2,53,P1,Product 1,poisson,175.0,179
113,2,53,P2,Product 2,poisson,135.0,146
113,2,53,P3,Product 3,poisson,150.0,139
114,2,54,P1,Product 1,poisson,175.0,170
114,2,54,P2,Product 2,poisson,135.0,134
114,2,54,P3,Product 3,poisson,150.0,147
115,2,55,P1,Product 1,poisson,175.0,185
115,2,55,P2,Product 2,poisson,135.0,124
115,2,55,P3,Product 3,poisson,150.0,158
116,2,56,P1,Product 1,poisson,175.0,177
116,2,56,P2,Product 2,poisson,135.0,137
116,2,56,P3,Product 3,poisson,150.0,170
117,2,57,P1,Product 1,poisson,175.0,187
117,2,57,P2,Product 2,poisson,135.0,132
117,2,57,P3,Product 3,poisson,150.0,136
118,2,58,P1,Product 1,poisson,175.0,185
118,2,58,P2,Product 2,poisson,135.0,134
118,2,58,P3,Product 3,poisson,150.0,158
119,2,59,P1,Product 1,poisson,175.0,160
119,2,59,P2,Product 2,poisson,135.0,123
119,2,59,P3,Product 3,poisson,150.0,164
120,2,60,P1,Product 1,poisson,175.0,192
120,2,60,P2,Product 2,poisson,135.0,133
120,2,60,P3,Product 3,poisson,150.0,161
121,3,1,P1,Product 1,discrete_uniform,145.0,148
121,3,1,P2,Product 2,discrete_uniform,175.0,168
121,3,1,P3,Product 3,discrete_uniform,135.0,129
122,3,2,P1,Product 1,discrete_uniform,145.0,142
122,3,2,P2,Product 2,discrete_uniform,175.0,172
122,3,2,P3,Product 3,discrete_uniform,135.0,123
123,3,3,P1,Product 1,discrete_uniform,145.0,138
123,3,3,P2,Product 2,discrete_uniform,175.0,169
123,3,3,P3,Product 3,discrete_uniform,135.0,130
124,3,4,P1,Product 1,discrete_uniform,145.0,133
124,3,4,P2,Product 2,discrete_uniform,175.0,171
124,3,4,P3,Product 3,discrete_uniform,135.0,126
125,3,5,P1,Product 1,discrete_uniform,145.0,143
125,3,5,P2,Product 2,discrete_uniform,175.0,185
125,3,5,P3,Product 3,discrete_uniform,135.0,125
126,3,6,P1,Product 1,discrete_uniform,145.0,144
126,3,6,P2,Product 2,discrete_uniform,175.0,185
126,3,6,P3,Product 3,discrete_uniform,135.0,139
127,3,7,P1,Product 1,discrete_uniform,145.0,153
127,3,7,P2,Product 2,discrete_uniform,175.0,173
127,3,7,P3,Product 3,discrete_uniform,135.0,123
128,3,8,P1,Product 1,discrete_uniform,145.0,148
128,3,8,P2,Product 2,discrete_uniform,175.0,183
128,3,8,P3,Product 3,discrete_uniform,135.0,133
129,3,9,P1,Product 1,discrete_uniform,145.0,145
129,3,9,P2,Product 2,discrete_uniform,175.0,165
129,3,9,P3,Product 3,discrete_uniform,135.0,140
130,3,10,P1,Product 1,discrete_uniform,145.0,146
130,3,10,P2,Product 2,discrete_uniform,175.0,181
130,3,10,P3,Product 3,discrete_uniform,135.0,131
131,3,11,P1,Product 1,discrete_uniform,145.0,147
131,3,11,P2,Product 2,discrete_uniform,175.0,170
131,3,11,P3,Product 3,discrete_uniform,135.0,142
132,3,12,P1,Product 1,discrete_uniform,145.0,143
132,3,12,P2,Product 2,discrete_uniform,175.0,176
132,3,12,P3,Product 3,discrete_uniform,135.0,132
133,3,13,P1,Product 1,discrete_uniform,145.0,144
133,3,13,P2,Product 2,discrete_uniform,175.0,184
133,3,13,P3,Product 3,discrete_uniform,135.0,135
134,3,14,P1,Product 1,discrete_uniform,145.0,152
134,3,14,P2,Product 2,discrete_uniform,175.0,178
134,3,14,P3,Product 3,discrete_uniform,135.0,133
135,3,15,P1,Product 1,discrete_uniform,145.0,157
135,3,15,P2,Product 2,discrete_uniform,175.0,184
135,3,15,P3,Product 3,discrete_uniform,135.0,147
136,3,16,P1,Product 1,discrete_uniform,145.0,139
136,3,16,P2,Product 2,discrete_uniform,175.0,171
136,3,16,P3,Product 3,discrete_uniform,135.0,123
137,3,17,P1,Product 1,discrete_uniform,145.0,152
137,3,17,P2,Product 2,discrete_uniform,175.0,173
137,3,17,P3,Product 3,discrete_uniform,135.0,128
138,3,18,P1,Product 1,discrete_uniform,145.0,146
138,3,18,P2,Product 2,discrete_uniform,175.0,179
138,3,18,P3,Product 3,discrete_uniform,135.0,136
139,3,19,P1,Product 1,discrete_uniform,145.0,139
139,3,19,P2,Product 2,discrete_uniform,175.0,184
139,3,19,P3,Product 3,discrete_uniform,135.0,125
140,3,20,P1,Product 1,discrete_uniform,145.0,138
140,3,20,P2,Product 2,discrete_uniform,175.0,174
140,3,20,P3,Product 3,discrete_uniform,135.0,133
141,3,21,P1,Product 1,discrete_uniform,145.0,155
141,3,21,P2,Product 2,discrete_uniform,175.0,174
141,3,21,P3,Product 3,discrete_uniform,135.0,133
142,3,22,P1,Product 1,discrete_uniform,145.0,135
142,3,22,P2,Product 2,discrete_uniform,175.0,181
142,3,22,P3,Product 3,discrete_uniform,135.0,140
143,3,23,P1,Product 1,discrete_uniform,145.0,150
143,3,23,P2,Product 2,discrete_uniform,175.0,175
143,3,23,P3,Product 3,discrete_uniform,135.0,129
144,3,24,P1,Product 1,discrete_uniform,145.0,136
144,3,24,P2,Product 2,discrete_uniform,175.0,163
144,3,24,P3,Product 3,discrete_uniform,135.0,125
145,3,25,P1,Product 1,discrete_uniform,145.0,147
145,3,25,P2,Product 2,discrete_uniform,175.0,174
145,3,25,P3,Product 3,discrete_uniform,135.0,133
146,3,26,P1,Product 1,discrete_uniform,145.0,146
146,3,26,P2,Product 2,discrete_uniform,175.0,164
146,3,26,P3,Product 3,discrete_uniform,135.0,134
147,3,27,P1,Product 1,discrete_uniform,145.0,144
147,3,27,P2,Product 2,discrete_uniform,175.0,175
147,3,27,P3,Product 3,discrete_uniform,135.0,141
148,3,28,P1,Product 1,discrete_uniform,145.0,151
148,3,28,P2,Product 2,discrete_uniform,175.0,174
148,3,28,P3,Product 3,discrete_uniform,135.0,140
149,3,29,P1,Product 1,discrete_uniform,145.0,147
149,3,29,P2,Product 2,discrete_uniform,175.0,182
149,3,29,P3,Product 3,discrete_uniform,135.0,124
150,3,30,P1,Product 1,discrete_uniform,145.0,143
150,3,30,P2,Product 2,discrete_uniform,175.0,172
150,3,30,P3,Product 3,discrete_uniform,135.0,126
151,3,31,P1,Product 1,discrete_uniform,145.0,139
151,3,31,P2,Product 2,discrete_uniform,175.0,169
151,3,31,P3,Product 3,discrete_uniform,135.0,143
152,3,32,P1,Product 1,discrete_uniform,145.0,142
152,3,32,P2,Product 2,discrete_uniform,175.0,176
152,3,32,P3,Product 3,discrete_uniform,135.0,135
153,3,33,P1,Product 1,discrete_uniform,145.0,146
153,3,33,P2,Product 2,discrete_uniform,175.0,178
153,3,33,P3,Product 3,discrete_uniform,135.0,127
154,3,34,P1,Product 1,discrete_uniform,145.0,147
154,3,34,P2,Product 2,discrete_uniform,175.0,177
154,3,34,P3,Product 3,discrete_uniform,135.0,124
155,3,35,P1,Product 1,discrete_uniform,145.0,146
155,3,35,P2,Product 2,discrete_uniform,175.0,180
155,3,35,P3,Product 3,discrete_uniform,135.0,146
156,3,36,P1,Product 1,discrete_uniform,145.0,151
156,3,36,P2,Product 2,discrete_uniform,175.0,172
156,3,36,P3,Product 3,discrete_uniform,135.0,143
157,3,37,P1,Product 1,discrete_uniform,145.0,152
157,3,37,P2,Product 2,discrete_uniform,175.0,185
157,3,37,P3,Product 3,discrete_uniform,135.0,126
158,3,38,P1,Product 1,discrete_uniform,145.0,133
158,3,38,P2,Product 2,discrete_uniform,175.0,175
158,3,38,P3,Product 3,discrete_uniform,135.0,142
159,3,39,P1,Product 1,discrete_uniform,145.0,142
159,3,39,P2,Product 2,discrete_uniform,175.0,168
159,3,39,P3,Product 3,discrete_uniform,135.0,139
160,3,40,P1,Product 1,discrete_uniform,145.0,137
160,3,40,P2,Product 2,discrete_uniform,175.0,169
160,3,40,P3,Product 3,discrete_uniform,135.0,145
161,3,41,P1,Product 1,discrete_uniform,145.0,134
161,3,41,P2,Product 2,discrete_uniform,175.0,179
161,3,41,P3,Product 3,discrete_uniform,135.0,132
162,3,42,P1,Product 1,discrete_uniform,145.0,157
162,3,42,P2,Product 2,discrete_uniform,175.0,171
162,3,42,P3,Product 3,discrete_uniform,135.0,134
163,3,43,P1,Product 1,discrete_uniform,145.0,136
163,3,43,P2,Product 2,discrete_uniform,175.0,170
163,3,43,P3,Product 3,discrete_uniform,135.0,140
164,3,44,P1,Product 1,discrete_uniform,145.0,146
164,3,44,P2,Product 2,discrete_uniform,175.0,171
164,3,44,P3,Product 3,discrete_uniform,135.0,145
165,3,45,P1,Product 1,discrete_uniform,145.0,148
165,3,45,P2,Product 2,discrete_uniform,175.0,169
165,3,45,P3,Product 3,discrete_uniform,135.0,135
166,3,46,P1,Product 1,discrete_uniform,145.0,138
166,3,46,P2,Product 2,discrete_uniform,175.0,179
166,3,46,P3,Product 3,discrete_uniform,135.0,146
167,3,47,P1,Product 1,discrete_uniform,145.0,149
167,3,47,P2,Product 2,discrete_uniform,175.0,168
167,3,47,P3,Product 3,discrete_uniform,135.0,132
168,3,48,P1,Product 1,discrete_uniform,145.0,146
168,3,48,P2,Product 2,discrete_uniform,175.0,163
168,3,48,P3,Product 3,discrete_uniform,135.0,131
169,3,49,P1,Product 1,discrete_uniform,145.0,146
169,3,49,P2,Product 2,discrete_uniform,175.0,169
169,3,49,P3,Product 3,discrete_uniform,135.0,126
170,3,50,P1,Product 1,discrete_uniform,145.0,156
170,3,50,P2,Product 2,discrete_uniform,175.0,175
170,3,50,P3,Product 3,discrete_uniform,135.0,132
171,3,51,P1,Product 1,discrete_uniform,145.0,150
171,3,51,P2,Product 2,discrete_uniform,175.0,174
171,3,51,P3,Product 3,discrete_uniform,135.0,143
172,3,52,P1,Product 1,discrete_uniform,145.0,145
172,3,52,P2,Product 2,discrete_uniform,175.0,182
172,3,52,P3,Product 3,discrete_uniform,135.0,147
173,3,53,P1,Product 1,discrete_uniform,145.0,136
173,3,53,P2,Product 2,discrete_uniform,175.0,176
173,3,53,P3,Product 3,discrete_uniform,135.0,137
174,3,54,P1,Product 1,discrete_uniform,145.0,151
174,3,54,P2,Product 2,discrete_uniform,175.0,176
174,3,54,P3,Product 3,discrete_uniform,135.0,143
175,3,55,P1,Product 1,discrete_uniform,145.0,141
175,3,55,P2,Product 2,discrete_uniform,175.0,170
175,3,55,P3,Product 3,discrete_uniform,135.0,139
176,3,56,P1,Product 1,discrete_uniform,145.0,145
176,3,56,P2,Product 2,discrete_uniform,175.0,184
176,3,56,P3,Product 3,discrete_uniform,135.0,140
177,3,57,P1,Product 1,discrete_uniform,145.0,146
177,3,57,P2,Product 2,discrete_uniform,175.0,179
177,3,57,P3,Product 3,discrete_uniform,135.0,128
178,3,58,P1,Product 1,discrete_uniform,145.0,142
178,3,58,P2,Product 2,discrete_uniform,175.0,185
178,3,58,P3,Product 3,discrete_uniform,135.0,133
179,3,59,P1,Product 1,discrete_uniform,145.0,147
179,3,59,P2,Product 2,discrete_uniform,175.0,176
179,3,59,P3,Product 3,discrete_uniform,135.0,126
180,3,60,P1,Product 1,discrete_uniform,145.0,141
180,3,60,P2,Product 2,discrete_uniform,175.0,168
180,3,60,P3,Product 3,discrete_uniform,135.0,134
181,4,1,P1,Product 1,negative_binomial,185.0,188
181,4,1,P2,Product 2,negative_binomial,130.0,149
181,4,1,P3,Product 3,negative_binomial,145.0,131
182,4,2,P1,Product 1,negative_binomial,185.0,214
182,4,2,P2,Product 2,negative_binomial,130.0,123
182,4,2,P3,Product 3,negative_binomial,145.0,138
183,4,3,P1,Product 1,negative_binomial,185.0,177
183,4,3,P2,Product 2,negative_binomial,130.0,117
183,4,3,P3,Product 3,negative_binomial,145.0,145
184,4,4,P1,Product 1,negative_binomial,185.0,205
184,4,4,P2,Product 2,negative_binomial,130.0,131
184,4,4,P3,Product 3,negative_binomial,145.0,155
185,4,5,P1,Product 1,negative_binomial,185.0,187
185,4,5,P2,Product 2,negative_binomial,130.0,126
185,4,5,P3,Product 3,negative_binomial,145.0,129
186,4,6,P1,Product 1,negative_binomial,185.0,196
186,4,6,P2,Product 2,negative_binomial,130.0,127
186,4,6,P3,Product 3,negative_binomial,145.0,155
187,4,7,P1,Product 1,negative_binomial,185.0,184
187,4,7,P2,Product 2,negative_binomial,130.0,128
187,4,7,P3,Product 3,negative_binomial,145.0,128
188,4,8,P1,Product 1,negative_binomial,185.0,193
188,4,8,P2,Product 2,negative_binomial,130.0,125
188,4,8,P3,Product 3,negative_binomial,145.0,147
189,4,9,P1,Product 1,negative_binomial,185.0,201
189,4,9,P2,Product 2,negative_binomial,130.0,143
189,4,9,P3,Product 3,negative_binomial,145.0,152
190,4,10,P1,Product 1,negative_binomial,185.0,190
190,4,10,P2,Product 2,negative_binomial,130.0,132
190,4,10,P3,Product 3,negative_binomial,145.0,144
191,4,11,P1,Product 1,negative_binomial,185.0,175
191,4,11,P2,Product 2,negative_binomial,130.0,128
191,4,11,P3,Product 3,negative_binomial,145.0,151
192,4,12,P1,Product 1,negative_binomial,185.0,158
192,4,12,P2,Product 2,negative_binomial,130.0,143
192,4,12,P3,Product 3,negative_binomial,145.0,155
193,4,13,P1,Product 1,negative_binomial,185.0,176
193,4,13,P2,Product 2,negative_binomial,130.0,127
193,4,13,P3,Product 3,negative_binomial,145.0,150
194,4,14,P1,Product 1,negative_binomial,185.0,202
194,4,14,P2,Product 2,negative_binomial,130.0,113
194,4,14,P3,Product 3,negative_binomial,145.0,145
195,4,15,P1,Product 1,negative_binomial,185.0,171
195,4,15,P2,Product 2,negative_binomial,130.0,115
195,4,15,P3,Product 3,negative_binomial,145.0,153
196,4,16,P1,Product 1,negative_binomial,185.0,191
196,4,16,P2,Product 2,negative_binomial,130.0,141
196,4,16,P3,Product 3,negative_binomial,145.0,159
197,4,17,P1,Product 1,negative_binomial,185.0,171
197,4,17,P2,Product 2,negative_binomial,130.0,133
197,4,17,P3,Product 3,negative_binomial,145.0,126
198,4,18,P1,Product 1,negative_binomial,185.0,198
198,4,18,P2,Product 2,negative_binomial,130.0,143
198,4,18,P3,Product 3,negative_binomial,145.0,143
199,4,19,P1,Product 1,negative_binomial,185.0,166
199,4,19,P2,Product 2,negative_binomial,130.0,146
199,4,19,P3,Product 3,negative_binomial,145.0,144
200,4,20,P1,Product 1,negative_binomial,185.0,201
200,4,20,P2,Product 2,negative_binomial,130.0,131
200,4,20,P3,Product 3,negative_binomial,145.0,144
201,4,21,P1,Product 1,negative_binomial,185.0,197
201,4,21,P2,Product 2,negative_binomial,130.0,126
201,4,21,P3,Product 3,negative_binomial,145.0,127
202,4,22,P1,Product 1,negative_binomial,185.0,186
202,4,22,P2,Product 2,negative_binomial,130.0,113
202,4,22,P3,Product 3,negative_binomial,145.0,140
203,4,23,P1,Product 1,negative_binomial,185.0,186
203,4,23,P2,Product 2,negative_binomial,130.0,128
203,4,23,P3,Product 3,negative_binomial,145.0,178
204,4,24,P1,Product 1,negative_binomial,185.0,162
204,4,24,P2,Product 2,negative_binomial,130.0,120
204,4,24,P3,Product 3,negative_binomial,145.0,126
205,4,25,P1,Product 1,negative_binomial,185.0,192
205,4,25,P2,Product 2,negative_binomial,130.0,114
205,4,25,P3,Product 3,negative_binomial,145.0,140
206,4,26,P1,Product 1,negative_binomial,185.0,185
206,4,26,P2,Product 2,negative_binomial,130.0,141
206,4,26,P3,Product 3,negative_binomial,145.0,158
207,4,27,P1,Product 1,negative_binomial,185.0,192
207,4,27,P2,Product 2,negative_binomial,130.0,129
207,4,27,P3,Product 3,negative_binomial,145.0,153
208,4,28,P1,Product 1,negative_binomial,185.0,192
208,4,28,P2,Product 2,negative_binomial,130.0,134
208,4,28,P3,Product 3,negative_binomial,145.0,139
209,4,29,P1,Product 1,negative_binomial,185.0,174
209,4,29,P2,Product 2,negative_binomial,130.0,145
209,4,29,P3,Product 3,negative_binomial,145.0,144
210,4,30,P1,Product 1,negative_binomial,185.0,186
210,4,30,P2,Product 2,negative_binomial,130.0,126
210,4,30,P3,Product 3,negative_binomial,145.0,134
211,4,31,P1,Product 1,negative_binomial,185.0,206
211,4,31,P2,Product 2,negative_binomial,130.0,111
211,4,31,P3,Product 3,negative_binomial,145.0,162
212,4,32,P1,Product 1,negative_binomial,185.0,172
212,4,32,P2,Product 2,negative_binomial,130.0,136
212,4,32,P3,Product 3,negative_binomial,145.0,139
213,4,33,P1,Product 1,negative_binomial,185.0,192
213,4,33,P2,Product 2,negative_binomial,130.0,143
213,4,33,P3,Product 3,negative_binomial,145.0,139
214,4,34,P1,Product 1,negative_binomial,185.0,193
214,4,34,P2,Product 2,negative_binomial,130.0,137
214,4,34,P3,Product 3,negative_binomial,145.0,146
215,4,35,P1,Product 1,negative_binomial,185.0,184
215,4,35,P2,Product 2,negative_binomial,130.0,124
215,4,35,P3,Product 3,negative_binomial,145.0,140
216,4,36,P1,Product 1,negative_binomial,185.0,183
216,4,36,P2,Product 2,negative_binomial,130.0,118
216,4,36,P3,Product 3,negative_binomial,145.0,173
217,4,37,P1,Product 1,negative_binomial,185.0,139
217,4,37,P2,Product 2,negative_binomial,130.0,107
217,4,37,P3,Product 3,negative_binomial,145.0,165
218,4,38,P1,Product 1,negative_binomial,185.0,174
218,4,38,P2,Product 2,negative_binomial,130.0,123
218,4,38,P3,Product 3,negative_binomial,145.0,168
219,4,39,P1,Product 1,negative_binomial,185.0,170
219,4,39,P2,Product 2,negative_binomial,130.0,140
219,4,39,P3,Product 3,negative_binomial,145.0,149
220,4,40,P1,Product 1,negative_binomial,185.0,174
220,4,40,P2,Product 2,negative_binomial,130.0,128
220,4,40,P3,Product 3,negative_binomial,145.0,152
221,4,41,P1,Product 1,negative_binomial,185.0,183
221,4,41,P2,Product 2,negative_binomial,130.0,132
221,4,41,P3,Product 3,negative_binomial,145.0,162
222,4,42,P1,Product 1,negative_binomial,185.0,176
222,4,42,P2,Product 2,negative_binomial,130.0,145
222,4,42,P3,Product 3,negative_binomial,145.0,121
223,4,43,P1,Product 1,negative_binomial,185.0,185
223,4,43,P2,Product 2,negative_binomial,130.0,124
223,4,43,P3,Product 3,negative_binomial,145.0,140
224,4,44,P1,Product 1,negative_binomial,185.0,170
224,4,44,P2,Product 2,negative_binomial,130.0,127
224,4,44,P3,Product 3,negative_binomial,145.0,135
225,4,45,P1,Product 1,negative_binomial,185.0,191
225,4,45,P2,Product 2,negative_binomial,130.0,147
225,4,45,P3,Product 3,negative_binomial,145.0,167
226,4,46,P1,Product 1,negative_binomial,185.0,167
226,4,46,P2,Product 2,negative_binomial,130.0,116
226,4,46,P3,Product 3,negative_binomial,145.0,163
227,4,47,P1,Product 1,negative_binomial,185.0,173
227,4,47,P2,Product 2,negative_binomial,130.0,134
227,4,47,P3,Product 3,negative_binomial,145.0,142
228,4,48,P1,Product 1,negative_binomial,185.0,157
228,4,48,P2,Product 2,negative_binomial,130.0,129
228,4,48,P3,Product 3,negative_binomial,145.0,152
229,4,49,P1,Product 1,negative_binomial,185.0,188
229,4,49,P2,Product 2,negative_binomial,130.0,135
229,4,49,P3,Product 3,negative_binomial,145.0,145
230,4,50,P1,Product 1,negative_binomial,185.0,189
230,4,50,P2,Product 2,negative_binomial,130.0,115
230,4,50,P3,Product 3,negative_binomial,145.0,156
231,4,51,P1,Product 1,negative_binomial,185.0,225
231,4,51,P2,Product 2,negative_binomial,130.0,129
231,4,51,P3,Product 3,negative_binomial,145.0,145
232,4,52,P1,Product 1,negative_binomial,185.0,180
232,4,52,P2,Product 2,negative_binomial,130.0,108
232,4,52,P3,Product 3,negative_binomial,145.0,144
233,4,53,P1,Product 1,negative_binomial,185.0,175
233,4,53,P2,Product 2,negative_binomial,130.0,136
233,4,53,P3,Product 3,negative_binomial,145.0,143
234,4,54,P1,Product 1,negative_binomial,185.0,230
234,4,54,P2,Product 2,negative_binomial,130.0,131
234,4,54,P3,Product 3,negative_binomial,145.0,143
235,4,55,P1,Product 1,negative_binomial,185.0,165
235,4,55,P2,Product 2,negative_binomial,130.0,112
235,4,55,P3,Product 3,negative_binomial,145.0,159
236,4,56,P1,Product 1,negative_binomial,185.0,217
236,4,56,P2,Product 2,negative_binomial,130.0,128
236,4,56,P3,Product 3,negative_binomial,145.0,157
237,4,57,P1,Product 1,negative_binomial,185.0,187
237,4,57,P2,Product 2,negative_binomial,130.0,126
237,4,57,P3,Product 3,negative_binomial,145.0,138
238,4,58,P1,Product 1,negative_binomial,185.0,191
238,4,58,P2,Product 2,negative_binomial,130.0,130
238,4,58,P3,Product 3,negative_binomial,145.0,132
239,4,59,P1,Product 1,negative_binomial,185.0,184
239,4,59,P2,Product 2,negative_binomial,130.0,133
239,4,59,P3,Product 3,negative_binomial,145.0,159
240,4,60,P1,Product 1,negative_binomial,185.0,182
240,4,60,P2,Product 2,negative_binomial,130.0,133
240,4,60,P3,Product 3,negative_binomial,145.0,143
241,5,1,P1,Product 1,discrete_uniform,150.0,148
241,5,1,P2,Product 2,discrete_uniform,170.0,174
241,5,1,P3,Product 3,discrete_uniform,135.0,130
242,5,2,P1,Product 1,discrete_uniform,150.0,155
242,5,2,P2,Product 2,discrete_uniform,170.0,173
242,5,2,P3,Product 3,discrete_uniform,135.0,129
243,5,3,P1,Product 1,discrete_uniform,150.0,155
243,5,3,P2,Product 2,discrete_uniform,170.0,164
243,5,3,P3,Product 3,discrete_uniform,135.0,137
244,5,4,P1,Product 1,discrete_uniform,150.0,144
244,5,4,P2,Product 2,discrete_uniform,170.0,170
244,5,4,P3,Product 3,discrete_uniform,135.0,135
245,5,5,P1,Product 1,discrete_uniform,150.0,152
245,5,5,P2,Product 2,discrete_uniform,170.0,168
245,5,5,P3,Product 3,discrete_uniform,135.0,129
246,5,6,P1,Product 1,discrete_uniform,150.0,156
246,5,6,P2,Product 2,discrete_uniform,170.0,176
246,5,6,P3,Product 3,discrete_uniform,135.0,130
247,5,7,P1,Product 1,discrete_uniform,150.0,149
247,5,7,P2,Product 2,discrete_uniform,170.0,171
247,5,7,P3,Product 3,discrete_uniform,135.0,136
248,5,8,P1,Product 1,discrete_uniform,150.0,152
248,5,8,P2,Product 2,discrete_uniform,170.0,168
248,5,8,P3,Product 3,discrete_uniform,135.0,139
249,5,9,P1,Product 1,discrete_uniform,150.0,152
249,5,9,P2,Product 2,discrete_uniform,170.0,168
249,5,9,P3,Product 3,discrete_uniform,135.0,130
250,5,10,P1,Product 1,discrete_uniform,150.0,153
250,5,10,P2,Product 2,discrete_uniform,170.0,169
250,5,10,P3,Product 3,discrete_uniform,135.0,136
251,5,11,P1,Product 1,discrete_uniform,150.0,149
251,5,11,P2,Product 2,discrete_uniform,170.0,173
251,5,11,P3,Product 3,discrete_uniform,135.0,135
252,5,12,P1,Product 1,discrete_uniform,150.0,150
252,5,12,P2,Product 2,discrete_uniform,170.0,173
252,5,12,P3,Product 3,discrete_uniform,135.0,140
253,5,13,P1,Product 1,discrete_uniform,150.0,156
253,5,13,P2,Product 2,discrete_uniform,170.0,164
253,5,13,P3,Product 3,discrete_uniform,135.0,135
254,5,14,P1,Product 1,discrete_uniform,150.0,148
254,5,14,P2,Product 2,discrete_uniform,170.0,165
254,5,14,P3,Product 3,discrete_uniform,135.0,133
255,5,15,P1,Product 1,discrete_uniform,150.0,145
255,5,15,P2,Product 2,discrete_uniform,170.0,172
255,5,15,P3,Product 3,discrete_uniform,135.0,139
256,5,16,P1,Product 1,discrete_uniform,150.0,148
256,5,16,P2,Product 2,discrete_uniform,170.0,175
256,5,16,P3,Product 3,discrete_uniform,135.0,140
257,5,17,P1,Product 1,discrete_uniform,150.0,147
257,5,17,P2,Product 2,discrete_uniform,170.0,175
257,5,17,P3,Product 3,discrete_uniform,135.0,135
258,5,18,P1,Product 1,discrete_uniform,150.0,150
258,5,18,P2,Product 2,discrete_uniform,170.0,166
258,5,18,P3,Product 3,discrete_uniform,135.0,129
259,5,19,P1,Product 1,discrete_uniform,150.0,146
259,5,19,P2,Product 2,discrete_uniform,170.0,173
259,5,19,P3,Product 3,discrete_uniform,135.0,135
260,5,20,P1,Product 1,discrete_uniform,150.0,144
260,5,20,P2,Product 2,discrete_uniform,170.0,170
260,5,20,P3,Product 3,discrete_uniform,135.0,132
261,5,21,P1,Product 1,discrete_uniform,150.0,149
261,5,21,P2,Product 2,discrete_uniform,170.0,166
261,5,21,P3,Product 3,discrete_uniform,135.0,132
262,5,22,P1,Product 1,discrete_uniform,150.0,145
262,5,22,P2,Product 2,discrete_uniform,170.0,175
262,5,22,P3,Product 3,discrete_uniform,135.0,132
263,5,23,P1,Product 1,discrete_uniform,150.0,147
263,5,23,P2,Product 2,discrete_uniform,170.0,168
263,5,23,P3,Product 3,discrete_uniform,135.0,140
264,5,24,P1,Product 1,discrete_uniform,150.0,147
264,5,24,P2,Product 2,discrete_uniform,170.0,175
264,5,24,P3,Product 3,discrete_uniform,135.0,134
265,5,25,P1,Product 1,discrete_uniform,150.0,155
265,5,25,P2,Product 2,discrete_uniform,170.0,164
265,5,25,P3,Product 3,discrete_uniform,135.0,136
266,5,26,P1,Product 1,discrete_uniform,150.0,155
266,5,26,P2,Product 2,discrete_uniform,170.0,172
266,5,26,P3,Product 3,discrete_uniform,135.0,137
267,5,27,P1,Product 1,discrete_uniform,150.0,145
267,5,27,P2,Product 2,discrete_uniform,170.0,176
267,5,27,P3,Product 3,discrete_uniform,135.0,136
268,5,28,P1,Product 1,discrete_uniform,150.0,145
268,5,28,P2,Product 2,discrete_uniform,170.0,175
268,5,28,P3,Product 3,discrete_uniform,135.0,139
269,5,29,P1,Product 1,discrete_uniform,150.0,150
269,5,29,P2,Product 2,discrete_uniform,170.0,171
269,5,29,P3,Product 3,discrete_uniform,135.0,130
270,5,30,P1,Product 1,discrete_uniform,150.0,149
270,5,30,P2,Product 2,discrete_uniform,170.0,176
270,5,30,P3,Product 3,discrete_uniform,135.0,134
271,5,31,P1,Product 1,discrete_uniform,150.0,154
271,5,31,P2,Product 2,discrete_uniform,170.0,173
271,5,31,P3,Product 3,discrete_uniform,135.0,140
272,5,32,P1,Product 1,discrete_uniform,150.0,153
272,5,32,P2,Product 2,discrete_uniform,170.0,175
272,5,32,P3,Product 3,discrete_uniform,135.0,140
273,5,33,P1,Product 1,discrete_uniform,150.0,145
273,5,33,P2,Product 2,discrete_uniform,170.0,173
273,5,33,P3,Product 3,discrete_uniform,135.0,141
274,5,34,P1,Product 1,discrete_uniform,150.0,153
274,5,34,P2,Product 2,discrete_uniform,170.0,169
274,5,34,P3,Product 3,discrete_uniform,135.0,134
275,5,35,P1,Product 1,discrete_uniform,150.0,149
275,5,35,P2,Product 2,discrete_uniform,170.0,172
275,5,35,P3,Product 3,discrete_uniform,135.0,131
276,5,36,P1,Product 1,discrete_uniform,150.0,146
276,5,36,P2,Product 2,discrete_uniform,170.0,172
276,5,36,P3,Product 3,discrete_uniform,135.0,138
277,5,37,P1,Product 1,discrete_uniform,150.0,150
277,5,37,P2,Product 2,discrete_uniform,170.0,168
277,5,37,P3,Product 3,discrete_uniform,135.0,137
278,5,38,P1,Product 1,discrete_uniform,150.0,151
278,5,38,P2,Product 2,discrete_uniform,170.0,166
278,5,38,P3,Product 3,discrete_uniform,135.0,135
279,5,39,P1,Product 1,discrete_uniform,150.0,154
279,5,39,P2,Product 2,discrete_uniform,170.0,167
279,5,39,P3,Product 3,discrete_uniform,135.0,131
280,5,40,P1,Product 1,discrete_uniform,150.0,156
280,5,40,P2,Product 2,discrete_uniform,170.0,175
280,5,40,P3,Product 3,discrete_uniform,135.0,135
281,5,41,P1,Product 1,discrete_uniform,150.0,144
281,5,41,P2,Product 2,discrete_uniform,170.0,176
281,5,41,P3,Product 3,discrete_uniform,135.0,139
282,5,42,P1,Product 1,discrete_uniform,150.0,146
282,5,42,P2,Product 2,discrete_uniform,170.0,175
282,5,42,P3,Product 3,discrete_uniform,135.0,132
283,5,43,P1,Product 1,discrete_uniform,150.0,149
283,5,43,P2,Product 2,discrete_uniform,170.0,174
283,5,43,P3,Product 3,discrete_uniform,135.0,138
284,5,44,P1,Product 1,discrete_uniform,150.0,145
284,5,44,P2,Product 2,discrete_uniform,170.0,175
284,5,44,P3,Product 3,discrete_uniform,135.0,129
285,5,45,P1,Product 1,discrete_uniform,150.0,155
285,5,45,P2,Product 2,discrete_uniform,170.0,170
285,5,45,P3,Product 3,discrete_uniform,135.0,134
286,5,46,P1,Product 1,discrete_uniform,150.0,148
286,5,46,P2,Product 2,discrete_uniform,170.0,167
286,5,46,P3,Product 3,discrete_uniform,135.0,134
287,5,47,P1,Product 1,discrete_uniform,150.0,147
287,5,47,P2,Product 2,discrete_uniform,170.0,176
287,5,47,P3,Product 3,discrete_uniform,135.0,140
288,5,48,P1,Product 1,discrete_uniform,150.0,152
288,5,48,P2,Product 2,discrete_uniform,170.0,176
288,5,48,P3,Product 3,discrete_uniform,135.0,139
289,5,49,P1,Product 1,discrete_uniform,150.0,145
289,5,49,P2,Product 2,discrete_uniform,170.0,164
289,5,49,P3,Product 3,discrete_uniform,135.0,132
290,5,50,P1,Product 1,discrete_uniform,150.0,148
290,5,50,P2,Product 2,discrete_uniform,170.0,172
290,5,50,P3,Product 3,discrete_uniform,135.0,140
291,5,51,P1,Product 1,discrete_uniform,150.0,154
291,5,51,P2,Product 2,discrete_uniform,170.0,172
291,5,51,P3,Product 3,discrete_uniform,135.0,133
292,5,52,P1,Product 1,discrete_uniform,150.0,154
292,5,52,P2,Product 2,discrete_uniform,170.0,168
292,5,52,P3,Product 3,discrete_uniform,135.0,131
293,5,53,P1,Product 1,discrete_uniform,150.0,149
293,5,53,P2,Product 2,discrete_uniform,170.0,176
293,5,53,P3,Product 3,discrete_uniform,135.0,129
294,5,54,P1,Product 1,discrete_uniform,150.0,154
294,5,54,P2,Product 2,discrete_uniform,170.0,165
294,5,54,P3,Product 3,discrete_uniform,135.0,138
295,5,55,P1,Product 1,discrete_uniform,150.0,145
295,5,55,P2,Product 2,discrete_uniform,170.0,164
295,5,55,P3,Product 3,discrete_uniform,135.0,129
296,5,56,P1,Product 1,discrete_uniform,150.0,150
296,5,56,P2,Product 2,discrete_uniform,170.0,176
296,5,56,P3,Product 3,discrete_uniform,135.0,130
297,5,57,P1,Product 1,discrete_uniform,150.0,151
297,5,57,P2,Product 2,discrete_uniform,170.0,175
297,5,57,P3,Product 3,discrete_uniform,135.0,137
298,5,58,P1,Product 1,discrete_uniform,150.0,148
298,5,58,P2,Product 2,discrete_uniform,170.0,172
298,5,58,P3,Product 3,discrete_uniform,135.0,130
299,5,59,P1,Product 1,discrete_uniform,150.0,153
299,5,59,P2,Product 2,discrete_uniform,170.0,170
299,5,59,P3,Product 3,discrete_uniform,135.0,137
300,5,60,P1,Product 1,discrete_uniform,150.0,151
300,5,60,P2,Product 2,discrete_uniform,170.0,166
300,5,60,P3,Product 3,discrete_uniform,135.0,140
