method,path,seed,entering_season,previous_day60_substitution_mae,new_day1_substitution_mae,substitution_mae_jump
full,1,202610001,2,0.124706,0.124371,-0.00033500000000000196
full,1,202610001,3,0.128182,0.129053,0.0008710000000000107
full,1,202610001,4,0.136521,0.136721,0.00020000000000000573
full,1,202610001,5,0.141333,0.141246,-8.699999999997599e-05
full,1,203610001,2,0.219629,0.219667,3.800000000001025e-05
full,1,203610001,3,0.215692,0.215984,0.00029200000000001447
full,1,203610001,4,0.214341,0.214284,-5.7000000000001494e-05
full,1,203610001,5,0.215185,0.215189,4.000000000004e-06
full,1,204610001,2,0.199873,0.199879,6.0000000000060005e-06
full,1,204610001,3,0.197018,0.197822,0.0008039999999999992
full,1,204610001,4,0.19665,0.19659,-6.0000000000004494e-05
full,1,204610001,5,0.194343,0.194362,1.9000000000019e-05
full,1,205610001,2,0.193932,0.19409,0.00015800000000001924
full,1,205610001,3,0.208006,0.20837,0.0003640000000000032
full,1,205610001,4,0.192671,0.192787,0.00011599999999997723
full,1,205610001,5,0.196156,0.196273,0.00011700000000000599
full,1,206610001,2,0.179555,0.179439,-0.00011600000000000499
full,1,206610001,3,0.173427,0.173642,0.00021499999999999297
full,1,206610001,4,0.177883,0.177906,2.2999999999995246e-05
full,1,206610001,5,0.17784,0.177836,-4.000000000004e-06
full,2,202610001,2,0.112204,0.111417,-0.000786999999999996
full,2,202610001,3,0.106259,0.106307,4.799999999999249e-05
full,2,202610001,4,0.121482,0.121741,0.00025899999999999535
full,2,202610001,5,0.127625,0.127499,-0.00012599999999998723
full,2,203610001,2,0.201319,0.201362,4.300000000001525e-05
full,2,203610001,3,0.205293,0.205252,-4.100000000001325e-05
full,2,203610001,4,0.208337,0.208352,1.5000000000015001e-05
full,2,203610001,5,0.208657,0.208532,-0.000125000000000014
full,2,204610001,2,0.221631,0.222284,0.0006530000000000147
full,2,204610001,3,0.221767,0.222594,0.0008269999999999944
full,2,204610001,4,0.218515,0.218394,-0.00012099999999998223
full,2,204610001,5,0.221156,0.221145,-1.0999999999983245e-05
full,2,205610001,2,0.163282,0.163443,0.00016099999999999448
full,2,205610001,3,0.162375,0.162719,0.00034400000000001096
full,2,205610001,4,0.163692,0.163494,-0.00019800000000000373
full,2,205610001,5,0.166924,0.167034,0.00010999999999999899
full,2,206610001,2,0.133182,0.133221,3.900000000001125e-05
full,2,206610001,3,0.138215,0.138759,0.0005439999999999889
full,2,206610001,4,0.138356,0.138347,-9.000000000009e-06
full,2,206610001,5,0.137761,0.13761,-0.00015099999999998448
full,3,202610001,2,0.14561,0.144908,-0.0007019999999999804
full,3,202610001,3,0.13378,0.132495,-0.0012850000000000084
full,3,202610001,4,0.154235,0.15409,-0.00014500000000000624
full,3,202610001,5,0.158199,0.158368,0.00016900000000000248
full,3,203610001,2,0.204053,0.204059,5.999999999978245e-06
full,3,203610001,3,0.201777,0.202151,0.00037399999999998546
full,3,203610001,4,0.207252,0.207148,-0.00010399999999999299
full,3,203610001,5,0.206045,0.20608,3.500000000000725e-05
full,3,204610001,2,0.215816,0.216606,0.0007899999999999852
full,3,204610001,3,0.219352,0.22002,0.0006680000000000019
full,3,204610001,4,0.218754,0.218774,1.9999999999992246e-05
full,3,204610001,5,0.21888,0.218892,1.2000000000012001e-05
full,3,205610001,2,0.162158,0.162617,0.00045900000000001495
full,3,205610001,3,0.163515,0.164418,0.0009030000000000149
full,3,205610001,4,0.179501,0.180016,0.0005150000000000154
full,3,205610001,5,0.186714,0.186881,0.00016700000000000048
full,3,206610001,2,0.195225,0.195304,7.899999999999574e-05
full,3,206610001,3,0.204944,0.205187,0.00024300000000002098
full,3,206610001,4,0.205357,0.205037,-0.0003200000000000147
full,3,206610001,5,0.204906,0.204991,8.500000000000174e-05
full,4,202610001,2,0.121301,0.120709,-0.0005920000000000092
full,4,202610001,3,0.124394,0.124047,-0.0003470000000000001
full,4,202610001,4,0.124031,0.124129,9.800000000000086e-05
full,4,202610001,5,0.134096,0.134088,-7.999999999980245e-06
full,4,203610001,2,0.178939,0.179216,0.00027699999999999947
full,4,203610001,3,0.183776,0.183426,-0.0003499999999999892
full,4,203610001,4,0.184603,0.184113,-0.0004899999999999904
full,4,203610001,5,0.184269,0.184522,0.0002530000000000032
full,4,204610001,2,0.18729,0.187084,-0.00020600000000001173
full,4,204610001,3,0.196865,0.195922,-0.0009429999999999994
full,4,204610001,4,0.208931,0.209094,0.00016299999999999648
full,4,204610001,5,0.207201,0.207119,-8.199999999999874e-05
full,4,205610001,2,0.17499,0.175011,2.0999999999993246e-05
full,4,205610001,3,0.183952,0.183654,-0.0002979999999999927
full,4,205610001,4,0.177841,0.177551,-0.00029000000000001247
full,4,205610001,5,0.181001,0.181203,0.00020200000000000773
full,4,206610001,2,0.131225,0.131354,0.00012899999999999023
full,4,206610001,3,0.126765,0.126868,0.00010300000000001974
full,4,206610001,4,0.122774,0.122973,0.00019900000000000473
full,4,206610001,5,0.127255,0.127522,0.00026699999999998947
full,5,202610001,2,0.137966,0.138206,0.00023999999999999022
full,5,202610001,3,0.127247,0.128308,0.0010610000000000064
full,5,202610001,4,0.126006,0.126158,0.00015199999999998548
full,5,202610001,5,0.125338,0.125331,-7.000000000007001e-06
full,5,203610001,2,0.206592,0.206328,-0.00026399999999998647
full,5,203610001,3,0.202649,0.202965,0.0003160000000000107
full,5,203610001,4,0.201474,0.2014,-7.399999999999074e-05
full,5,203610001,5,0.202109,0.201968,-0.00014100000000000223
full,5,204610001,2,0.223102,0.223335,0.00023300000000001098
full,5,204610001,3,0.220595,0.220659,6.399999999998074e-05
full,5,204610001,4,0.21589,0.215903,1.3000000000013001e-05
full,5,204610001,5,0.213333,0.213283,-4.999999999999449e-05
full,5,205610001,2,0.162493,0.163434,0.0009409999999999974
full,5,205610001,3,0.155636,0.158609,0.0029730000000000034
full,5,205610001,4,0.158144,0.158402,0.00025799999999998047
full,5,205610001,5,0.163098,0.163064,-3.400000000000625e-05
full,5,206610001,2,0.138537,0.139028,0.0004910000000000192
full,5,206610001,3,0.143739,0.142693,-0.0010460000000000191
full,5,206610001,4,0.139939,0.1399,-3.900000000001125e-05
full,5,206610001,5,0.138577,0.138585,8.000000000008e-06
no_exploration,1,202610001,2,0.174686,0.173996,-0.0006899999999999962
no_exploration,1,202610001,3,0.17569,0.178627,0.002936999999999995
no_exploration,1,202610001,4,0.175462,0.175127,-0.00033500000000000196
no_exploration,1,202610001,5,0.176745,0.1772,0.0004549999999999832
no_exploration,1,203610001,2,0.195916,0.194672,-0.0012439999999999951
no_exploration,1,203610001,3,0.200726,0.20013,-0.0005959999999999854
no_exploration,1,203610001,4,0.196506,0.195957,-0.0005489999999999939
no_exploration,1,203610001,5,0.188981,0.189008,2.6999999999999247e-05
no_exploration,1,204610001,2,0.220629,0.221517,0.0008879999999999999
no_exploration,1,204610001,3,0.235804,0.235914,0.00010999999999999899
no_exploration,1,204610001,4,0.217381,0.215955,-0.0014259999999999828
no_exploration,1,204610001,5,0.207666,0.20769,2.4000000000024002e-05
no_exploration,1,205610001,2,0.205778,0.205974,0.00019600000000000173
no_exploration,1,205610001,3,0.225409,0.225801,0.00039200000000000346
no_exploration,1,205610001,4,0.219102,0.2192,9.800000000001474e-05
no_exploration,1,205610001,5,0.217641,0.217765,0.00012399999999998523
no_exploration,1,206610001,2,0.276181,0.276336,0.00015500000000001624
no_exploration,1,206610001,3,0.270158,0.27171,0.0015519999999999978
no_exploration,1,206610001,4,0.264101,0.264234,0.00013300000000004975
no_exploration,1,206610001,5,0.261473,0.261029,-0.00044399999999999995
no_exploration,2,202610001,2,0.19546,0.195028,-0.00043199999999998795
no_exploration,2,202610001,3,0.199264,0.19789,-0.0013739999999999863
no_exploration,2,202610001,4,0.195969,0.196002,3.300000000000525e-05
no_exploration,2,202610001,5,0.197859,0.198017,0.00015799999999999148
no_exploration,2,203610001,2,0.174138,0.175355,0.0012170000000000236
no_exploration,2,203610001,3,0.165529,0.166195,0.0006659999999999999
no_exploration,2,203610001,4,0.161405,0.161344,-6.1000000000005494e-05
no_exploration,2,203610001,5,0.168678,0.16904,0.0003620000000000012
no_exploration,2,204610001,2,0.255199,0.254931,-0.00026799999999999047
no_exploration,2,204610001,3,0.256713,0.256584,-0.00012900000000004574
no_exploration,2,204610001,4,0.262842,0.262768,-7.40000000000185e-05
no_exploration,2,204610001,5,0.263281,0.263205,-7.599999999996498e-05
no_exploration,2,205610001,2,0.188028,0.187932,-9.600000000001274e-05
no_exploration,2,205610001,3,0.189607,0.189918,0.0003110000000000057
no_exploration,2,205610001,4,0.183045,0.182625,-0.0004200000000000037
no_exploration,2,205610001,5,0.174944,0.175149,0.00020500000000001073
no_exploration,2,206610001,2,0.261309,0.262223,0.0009139999999999704
no_exploration,2,206610001,3,0.264349,0.264543,0.00019399999999997197
no_exploration,2,206610001,4,0.256049,0.255903,-0.000146000000000035
no_exploration,2,206610001,5,0.259221,0.259342,0.00012100000000003774
no_exploration,3,202610001,2,0.197381,0.198324,0.0009429999999999994
no_exploration,3,202610001,3,0.186423,0.190652,0.004228999999999983
no_exploration,3,202610001,4,0.218226,0.218083,-0.00014300000000000423
no_exploration,3,202610001,5,0.221311,0.221291,-2.0000000000020002e-05
no_exploration,3,203610001,2,0.301478,0.300891,-0.0005870000000000042
no_exploration,3,203610001,3,0.283641,0.285773,0.0021320000000000228
no_exploration,3,203610001,4,0.253698,0.254186,0.00048800000000004395
no_exploration,3,203610001,5,0.256102,0.256158,5.6000000000000494e-05
no_exploration,3,204610001,2,0.240554,0.241326,0.0007720000000000227
no_exploration,3,204610001,3,0.241735,0.241686,-4.899999999999349e-05
no_exploration,3,204610001,4,0.223293,0.223259,-3.399999999997849e-05
no_exploration,3,204610001,5,0.215597,0.21544,-0.00015700000000001824
no_exploration,3,205610001,2,0.2183,0.218898,0.0005980000000000152
no_exploration,3,205610001,3,0.224705,0.225055,0.00035000000000001696
no_exploration,3,205610001,4,0.211943,0.212047,0.00010400000000002074
no_exploration,3,205610001,5,0.208892,0.208787,-0.00010499999999999399
no_exploration,3,206610001,2,0.239258,0.239382,0.000124000000000013
no_exploration,3,206610001,3,0.242646,0.242168,-0.0004780000000000062
no_exploration,3,206610001,4,0.232157,0.231868,-0.00028900000000001147
no_exploration,3,206610001,5,0.212299,0.212172,-0.00012699999999998823
no_exploration,4,202610001,2,0.199545,0.199201,-0.00034400000000001096
no_exploration,4,202610001,3,0.204343,0.205008,0.0006649999999999989
no_exploration,4,202610001,4,0.205178,0.205022,-0.00015599999999998948
no_exploration,4,202610001,5,0.209001,0.209063,6.20000000000065e-05
no_exploration,4,203610001,2,0.242412,0.241205,-0.0012069999999999859
no_exploration,4,203610001,3,0.227622,0.227179,-0.00044299999999999895
no_exploration,4,203610001,4,0.204433,0.20435,-8.299999999999974e-05
no_exploration,4,203610001,5,0.208284,0.208288,4.000000000004e-06
no_exploration,4,204610001,2,0.227825,0.22605,-0.0017749999999999988
no_exploration,4,204610001,3,0.206405,0.205466,-0.0009389999999999954
no_exploration,4,204610001,4,0.1851,0.184857,-0.00024299999999999322
no_exploration,4,204610001,5,0.181062,0.181129,6.70000000000115e-05
no_exploration,4,205610001,2,0.19176,0.191767,6.999999999979245e-06
no_exploration,4,205610001,3,0.192148,0.191984,-0.00016400000000002524
no_exploration,4,205610001,4,0.195214,0.195141,-7.299999999998974e-05
no_exploration,4,205610001,5,0.189446,0.189584,0.00013799999999999923
no_exploration,4,206610001,2,0.222791,0.224502,0.001711000000000018
no_exploration,4,206610001,3,0.214024,0.213878,-0.00014599999999997948
no_exploration,4,206610001,4,0.21952,0.219221,-0.0002989999999999937
no_exploration,4,206610001,5,0.216665,0.216261,-0.0004039999999999877
no_exploration,5,202610001,2,0.218328,0.218304,-2.3999999999996247e-05
no_exploration,5,202610001,3,0.228676,0.22749,-0.0011859999999999926
no_exploration,5,202610001,4,0.239102,0.237392,-0.001710000000000017
no_exploration,5,202610001,5,0.236929,0.235817,-0.0011120000000000019
no_exploration,5,203610001,2,0.213511,0.21353,1.8999999999991246e-05
no_exploration,5,203610001,3,0.24186,0.242287,0.0004270000000000107
no_exploration,5,203610001,4,0.233514,0.233487,-2.6999999999999247e-05
no_exploration,5,203610001,5,0.238358,0.238679,0.0003210000000000157
no_exploration,5,204610001,2,0.237853,0.23916,0.0013070000000000026
no_exploration,5,204610001,3,0.264065,0.266663,0.002597999999999989
no_exploration,5,204610001,4,0.256319,0.256529,0.00020999999999998797
no_exploration,5,204610001,5,0.245919,0.246105,0.00018599999999999173
no_exploration,5,205610001,2,0.197168,0.198164,0.0009959999999999969
no_exploration,5,205610001,3,0.207453,0.207652,0.00019900000000000473
no_exploration,5,205610001,4,0.203292,0.203168,-0.000124000000000013
no_exploration,5,205610001,5,0.203641,0.203896,0.0002550000000000052
no_exploration,5,206610001,2,0.26286,0.263296,0.00043599999999999195
no_exploration,5,206610001,3,0.25916,0.259723,0.0005629999999999802
no_exploration,5,206610001,4,0.262286,0.261508,-0.0007780000000000009
no_exploration,5,206610001,5,0.252022,0.251831,-0.00019099999999999673
no_substitution,1,202610001,2,0.497778,0.497778,0.0
no_substitution,1,202610001,3,0.497778,0.497778,0.0
no_substitution,1,202610001,4,0.497778,0.497778,0.0
no_substitution,1,202610001,5,0.497778,0.497778,0.0
no_substitution,1,203610001,2,0.497778,0.497778,0.0
no_substitution,1,203610001,3,0.497778,0.497778,0.0
no_substitution,1,203610001,4,0.497778,0.497778,0.0
no_substitution,1,203610001,5,0.497778,0.497778,0.0
no_substitution,1,204610001,2,0.497778,0.497778,0.0
no_substitution,1,204610001,3,0.497778,0.497778,0.0
no_substitution,1,204610001,4,0.497778,0.497778,0.0
no_substitution,1,204610001,5,0.497778,0.497778,0.0
no_substitution,1,205610001,2,0.497778,0.497778,0.0
no_substitution,1,205610001,3,0.497778,0.497778,0.0
no_substitution,1,205610001,4,0.497778,0.497778,0.0
no_substitution,1,205610001,5,0.497778,0.497778,0.0
no_substitution,1,206610001,2,0.497778,0.497778,0.0
no_substitution,1,206610001,3,0.497778,0.497778,0.0
no_substitution,1,206610001,4,0.497778,0.497778,0.0
no_substitution,1,206610001,5,0.497778,0.497778,0.0
no_substitution,2,202610001,2,0.497778,0.497778,0.0
no_substitution,2,202610001,3,0.497778,0.497778,0.0
no_substitution,2,202610001,4,0.497778,0.497778,0.0
no_substitution,2,202610001,5,0.497778,0.497778,0.0
no_substitution,2,203610001,2,0.497778,0.497778,0.0
no_substitution,2,203610001,3,0.497778,0.497778,0.0
no_substitution,2,203610001,4,0.497778,0.497778,0.0
no_substitution,2,203610001,5,0.497778,0.497778,0.0
no_substitution,2,204610001,2,0.497778,0.497778,0.0
no_substitution,2,204610001,3,0.497778,0.497778,0.0
no_substitution,2,204610001,4,0.497778,0.497778,0.0
no_substitution,2,204610001,5,0.497778,0.497778,0.0
no_substitution,2,205610001,2,0.497778,0.497778,0.0
no_substitution,2,205610001,3,0.497778,0.497778,0.0
no_substitution,2,205610001,4,0.497778,0.497778,0.0
no_substitution,2,205610001,5,0.497778,0.497778,0.0
no_substitution,2,206610001,2,0.497778,0.497778,0.0
no_substitution,2,206610001,3,0.497778,0.497778,0.0
no_substitution,2,206610001,4,0.497778,0.497778,0.0
no_substitution,2,206610001,5,0.497778,0.497778,0.0
no_substitution,3,202610001,2,0.497778,0.497778,0.0
no_substitution,3,202610001,3,0.497778,0.497778,0.0
no_substitution,3,202610001,4,0.497778,0.497778,0.0
no_substitution,3,202610001,5,0.497778,0.497778,0.0
no_substitution,3,203610001,2,0.497778,0.497778,0.0
no_substitution,3,203610001,3,0.497778,0.497778,0.0
no_substitution,3,203610001,4,0.497778,0.497778,0.0
no_substitution,3,203610001,5,0.497778,0.497778,0.0
no_substitution,3,204610001,2,0.497778,0.497778,0.0
no_substitution,3,204610001,3,0.497778,0.497778,0.0
no_substitution,3,204610001,4,0.497778,0.497778,0.0
no_substitution,3,204610001,5,0.497778,0.497778,0.0
no_substitution,3,205610001,2,0.497778,0.497778,0.0
no_substitution,3,205610001,3,0.497778,0.497778,0.0
no_substitution,3,205610001,4,0.497778,0.497778,0.0
no_substitution,3,205610001,5,0.497778,0.497778,0.0
no_substitution,3,206610001,2,0.497778,0.497778,0.0
no_substitution,3,206610001,3,0.497778,0.497778,0.0
no_substitution,3,206610001,4,0.497778,0.497778,0.0
no_substitution,3,206610001,5,0.497778,0.497778,0.0
no_substitution,4,202610001,2,0.497778,0.497778,0.0
no_substitution,4,202610001,3,0.497778,0.497778,0.0
no_substitution,4,202610001,4,0.497778,0.497778,0.0
no_substitution,4,202610001,5,0.497778,0.497778,0.0
no_substitution,4,203610001,2,0.497778,0.497778,0.0
no_substitution,4,203610001,3,0.497778,0.497778,0.0
no_substitution,4,203610001,4,0.497778,0.497778,0.0
no_substitution,4,203610001,5,0.497778,0.497778,0.0
no_substitution,4,204610001,2,0.497778,0.497778,0.0
no_substitution,4,204610001,3,0.497778,0.497778,0.0
no_substitution,4,204610001,4,0.497778,0.497778,0.0
no_substitution,4,204610001,5,0.497778,0.497778,0.0
no_substitution,4,205610001,2,0.497778,0.497778,0.0
no_substitution,4,205610001,3,0.497778,0.497778,0.0
no_substitution,4,205610001,4,0.497778,0.497778,0.0
no_substitution,4,205610001,5,0.497778,0.497778,0.0
no_substitution,4,206610001,2,0.497778,0.497778,0.0
no_substitution,4,206610001,3,0.497778,0.497778,0.0
no_substitution,4,206610001,4,0.497778,0.497778,0.0
no_substitution,4,206610001,5,0.497778,0.497778,0.0
no_substitution,5,202610001,2,0.497778,0.497778,0.0
no_substitution,5,202610001,3,0.497778,0.497778,0.0
no_substitution,5,202610001,4,0.497778,0.497778,0.0
no_substitution,5,202610001,5,0.497778,0.497778,0.0
no_substitution,5,203610001,2,0.497778,0.497778,0.0
no_substitution,5,203610001,3,0.497778,0.497778,0.0
no_substitution,5,203610001,4,0.497778,0.497778,0.0
no_substitution,5,203610001,5,0.497778,0.497778,0.0
no_substitution,5,204610001,2,0.497778,0.497778,0.0
no_substitution,5,204610001,3,0.497778,0.497778,0.0
no_substitution,5,204610001,4,0.497778,0.497778,0.0
no_substitution,5,204610001,5,0.497778,0.497778,0.0
no_substitution,5,205610001,2,0.497778,0.497778,0.0
no_substitution,5,205610001,3,0.497778,0.497778,0.0
no_substitution,5,205610001,4,0.497778,0.497778,0.0
no_substitution,5,205610001,5,0.497778,0.497778,0.0
no_substitution,5,206610001,2,0.497778,0.497778,0.0
no_substitution,5,206610001,3,0.497778,0.497778,0.0
no_substitution,5,206610001,4,0.497778,0.497778,0.0
no_substitution,5,206610001,5,0.497778,0.497778,0.0
fixed_schedule,1,202610001,2,0.164887,0.164667,-0.00021999999999999797
fixed_schedule,1,202610001,3,0.165966,0.166221,0.0002550000000000052
fixed_schedule,1,202610001,4,0.169436,0.16668,-0.0027560000000000084
fixed_schedule,1,202610001,5,0.179472,0.179403,-6.899999999998574e-05
fixed_schedule,1,203610001,2,0.194763,0.194772,9.000000000009e-06
fixed_schedule,1,203610001,3,0.197049,0.196779,-0.00026999999999999247
fixed_schedule,1,203610001,4,0.199259,0.199194,-6.499999999998174e-05
fixed_schedule,1,203610001,5,0.197983,0.197947,-3.599999999998049e-05
fixed_schedule,1,204610001,2,0.122048,0.122418,0.00036999999999999533
fixed_schedule,1,204610001,3,0.116521,0.114244,-0.0022770000000000012
fixed_schedule,1,204610001,4,0.132734,0.132938,0.00020400000000000973
fixed_schedule,1,204610001,5,0.134486,0.134365,-0.00012099999999998223
fixed_schedule,1,205610001,2,0.166006,0.166082,7.60000000000205e-05
fixed_schedule,1,205610001,3,0.171351,0.171963,0.0006120000000000014
fixed_schedule,1,205610001,4,0.167777,0.167631,-0.00014600000000000724
fixed_schedule,1,205610001,5,0.168573,0.16852,-5.2999999999997494e-05
fixed_schedule,1,206610001,2,0.224098,0.223458,-0.0006400000000000017
fixed_schedule,1,206610001,3,0.226826,0.229258,0.0024319999999999897
fixed_schedule,1,206610001,4,0.237956,0.238033,7.699999999999374e-05
fixed_schedule,1,206610001,5,0.228583,0.229131,0.0005479999999999929
fixed_schedule,2,202610001,2,0.19078,0.190919,0.00013900000000000023
fixed_schedule,2,202610001,3,0.169932,0.169746,-0.00018599999999999173
fixed_schedule,2,202610001,4,0.16246,0.16276,0.0002999999999999947
fixed_schedule,2,202610001,5,0.163307,0.163403,9.599999999998499e-05
fixed_schedule,2,203610001,2,0.185559,0.185025,-0.0005340000000000067
fixed_schedule,2,203610001,3,0.20128,0.201369,8.900000000000574e-05
fixed_schedule,2,203610001,4,0.201132,0.201731,0.0005989999999999884
fixed_schedule,2,203610001,5,0.203837,0.203974,0.00013699999999999823
fixed_schedule,2,204610001,2,0.146003,0.147457,0.0014540000000000108
fixed_schedule,2,204610001,3,0.144593,0.144792,0.00019900000000000473
fixed_schedule,2,204610001,4,0.155595,0.15625,0.0006549999999999889
fixed_schedule,2,204610001,5,0.151102,0.151021,-8.099999999999774e-05
fixed_schedule,2,205610001,2,0.133827,0.135149,0.0013219999999999898
fixed_schedule,2,205610001,3,0.13541,0.134222,-0.0011879999999999946
fixed_schedule,2,205610001,4,0.135511,0.134809,-0.0007019999999999804
fixed_schedule,2,205610001,5,0.143529,0.143386,-0.00014299999999997648
fixed_schedule,2,206610001,2,0.204159,0.204517,0.0003579999999999972
fixed_schedule,2,206610001,3,0.216194,0.216218,2.3999999999996247e-05
fixed_schedule,2,206610001,4,0.223808,0.223981,0.00017300000000000648
fixed_schedule,2,206610001,5,0.222138,0.222205,6.70000000000115e-05
fixed_schedule,3,202610001,2,0.177188,0.177556,0.00036799999999997945
fixed_schedule,3,202610001,3,0.177649,0.178981,0.0013319999999999999
fixed_schedule,3,202610001,4,0.181677,0.181699,2.1999999999994246e-05
fixed_schedule,3,202610001,5,0.181593,0.181536,-5.7000000000001494e-05
fixed_schedule,3,203610001,2,0.191212,0.191319,0.00010699999999999599
fixed_schedule,3,203610001,3,0.187029,0.190228,0.0031990000000000074
fixed_schedule,3,203610001,4,0.204809,0.20201,-0.002798999999999996
fixed_schedule,3,203610001,5,0.197623,0.196901,-0.0007220000000000004
fixed_schedule,3,204610001,2,0.152932,0.15336,0.00042799999999998395
fixed_schedule,3,204610001,3,0.152686,0.15324,0.0005539999999999989
fixed_schedule,3,204610001,4,0.159513,0.159606,9.300000000000974e-05
fixed_schedule,3,204610001,5,0.158911,0.158826,-8.500000000000174e-05
fixed_schedule,3,205610001,2,0.153816,0.154403,0.0005870000000000042
fixed_schedule,3,205610001,3,0.174488,0.172475,-0.0020130000000000148
fixed_schedule,3,205610001,4,0.174227,0.174479,0.0002520000000000022
fixed_schedule,3,205610001,5,0.169745,0.170137,0.00039200000000000346
fixed_schedule,3,206610001,2,0.175222,0.175323,0.00010100000000001774
fixed_schedule,3,206610001,3,0.175551,0.176154,0.0006029999999999924
fixed_schedule,3,206610001,4,0.175922,0.175911,-1.0999999999983245e-05
fixed_schedule,3,206610001,5,0.174533,0.174604,7.10000000000155e-05
fixed_schedule,4,202610001,2,0.198458,0.198361,-9.699999999998599e-05
fixed_schedule,4,202610001,3,0.20894,0.208782,-0.00015799999999999148
fixed_schedule,4,202610001,4,0.211523,0.211582,5.9000000000003494e-05
fixed_schedule,4,202610001,5,0.212722,0.21289,0.00016800000000000148
fixed_schedule,4,203610001,2,0.172111,0.171443,-0.0006679999999999742
fixed_schedule,4,203610001,3,0.17907,0.178932,-0.00013799999999999923
fixed_schedule,4,203610001,4,0.178916,0.178909,-6.999999999979245e-06
fixed_schedule,4,203610001,5,0.179349,0.17926,-8.900000000000574e-05
fixed_schedule,4,204610001,2,0.112317,0.112949,0.0006319999999999937
fixed_schedule,4,204610001,3,0.140463,0.139901,-0.0005620000000000069
fixed_schedule,4,204610001,4,0.152884,0.15285,-3.399999999997849e-05
fixed_schedule,4,204610001,5,0.15161,0.151099,-0.0005109999999999837
fixed_schedule,4,205610001,2,0.162683,0.163153,0.0004699999999999982
fixed_schedule,4,205610001,3,0.175973,0.176137,0.00016399999999999748
fixed_schedule,4,205610001,4,0.17415,0.174683,0.0005330000000000057
fixed_schedule,4,205610001,5,0.172559,0.173158,0.0005990000000000162
fixed_schedule,4,206610001,2,0.216434,0.216799,0.0003650000000000042
fixed_schedule,4,206610001,3,0.221149,0.221571,0.00042199999999997795
fixed_schedule,4,206610001,4,0.225534,0.225476,-5.8000000000002494e-05
fixed_schedule,4,206610001,5,0.223572,0.223697,0.000125000000000014
fixed_schedule,5,202610001,2,0.154368,0.154418,4.999999999999449e-05
fixed_schedule,5,202610001,3,0.151061,0.151213,0.00015199999999998548
fixed_schedule,5,202610001,4,0.154153,0.154181,2.8000000000000247e-05
fixed_schedule,5,202610001,5,0.155296,0.155357,6.1000000000005494e-05
fixed_schedule,5,203610001,2,0.148198,0.150183,0.0019850000000000145
fixed_schedule,5,203610001,3,0.1499,0.150587,0.0006869999999999932
fixed_schedule,5,203610001,4,0.144252,0.143936,-0.00031599999999998296
fixed_schedule,5,203610001,5,0.136042,0.135819,-0.00022300000000000098
fixed_schedule,5,204610001,2,0.097411,0.097616,0.00020499999999999685
fixed_schedule,5,204610001,3,0.117746,0.118489,0.0007429999999999937
fixed_schedule,5,204610001,4,0.138656,0.138818,0.00016199999999999548
fixed_schedule,5,204610001,5,0.140109,0.140156,4.699999999999149e-05
fixed_schedule,5,205610001,2,0.157826,0.15789,6.40000000000085e-05
fixed_schedule,5,205610001,3,0.160514,0.160437,-7.699999999999374e-05
fixed_schedule,5,205610001,4,0.159075,0.158837,-0.00023799999999998822
fixed_schedule,5,205610001,5,0.161706,0.16181,0.00010400000000002074
fixed_schedule,5,206610001,2,0.2206,0.22068,7.999999999999674e-05
fixed_schedule,5,206610001,3,0.216139,0.215734,-0.0004049999999999887
fixed_schedule,5,206610001,4,0.212802,0.212719,-8.299999999999974e-05
fixed_schedule,5,206610001,5,0.211699,0.211668,-3.100000000000325e-05
reset_all,1,202610001,2,0.101565,0.168452,0.06688699999999999
reset_all,1,202610001,3,0.217243,0.16791,-0.04933299999999999
reset_all,1,202610001,4,0.193374,0.161772,-0.03160199999999999
reset_all,1,202610001,5,0.204536,0.168538,-0.035998
reset_all,1,203610001,2,0.207431,0.171495,-0.035935999999999996
reset_all,1,203610001,3,0.24491,0.160961,-0.083949
reset_all,1,203610001,4,0.109174,0.162153,0.052979
reset_all,1,203610001,5,0.167058,0.168112,0.0010539999999999994
reset_all,1,204610001,2,0.192794,0.169753,-0.023041000000000006
reset_all,1,204610001,3,0.2277,0.170979,-0.05672100000000002
reset_all,1,204610001,4,0.156724,0.173819,0.017095
reset_all,1,204610001,5,0.148748,0.164193,0.015445000000000014
reset_all,1,205610001,2,0.193737,0.166143,-0.02759399999999998
reset_all,1,205610001,3,0.235439,0.170577,-0.064862
reset_all,1,205610001,4,0.153322,0.168315,0.014992999999999979
reset_all,1,205610001,5,0.145903,0.165525,0.019622
reset_all,1,206610001,2,0.153942,0.162903,0.008960999999999997
reset_all,1,206610001,3,0.204245,0.159661,-0.04458400000000001
reset_all,1,206610001,4,0.192849,0.171897,-0.020952
reset_all,1,206610001,5,0.21463,0.162675,-0.051955
reset_all,2,202610001,2,0.145425,0.168452,0.023026999999999992
reset_all,2,202610001,3,0.243789,0.16791,-0.075879
reset_all,2,202610001,4,0.208361,0.161772,-0.04658899999999999
reset_all,2,202610001,5,0.202943,0.168538,-0.03440500000000002
reset_all,2,203610001,2,0.223706,0.171495,-0.05221099999999998
reset_all,2,203610001,3,0.231406,0.160961,-0.07044500000000001
reset_all,2,203610001,4,0.147165,0.162153,0.014988000000000001
reset_all,2,203610001,5,0.236177,0.168112,-0.06806499999999999
reset_all,2,204610001,2,0.203359,0.169753,-0.033606000000000025
reset_all,2,204610001,3,0.208823,0.170979,-0.037844000000000017
reset_all,2,204610001,4,0.288618,0.173819,-0.11479899999999998
reset_all,2,204610001,5,0.220405,0.164193,-0.056211999999999984
reset_all,2,205610001,2,0.177405,0.166143,-0.011261999999999994
reset_all,2,205610001,3,0.187433,0.170577,-0.016855999999999982
reset_all,2,205610001,4,0.205573,0.168315,-0.03725800000000001
reset_all,2,205610001,5,0.222355,0.165525,-0.05682999999999999
reset_all,2,206610001,2,0.148458,0.162903,0.014444999999999986
reset_all,2,206610001,3,0.197647,0.159661,-0.03798599999999999
reset_all,2,206610001,4,0.2142,0.171897,-0.04230300000000001
reset_all,2,206610001,5,0.210113,0.162675,-0.04743800000000001
reset_all,3,202610001,2,0.135864,0.168452,0.03258799999999998
reset_all,3,202610001,3,0.241651,0.16791,-0.073741
reset_all,3,202610001,4,0.202847,0.161772,-0.041075
reset_all,3,202610001,5,0.211845,0.168538,-0.04330700000000001
reset_all,3,203610001,2,0.204053,0.171495,-0.032558000000000004
reset_all,3,203610001,3,0.204921,0.160961,-0.04396
reset_all,3,203610001,4,0.148602,0.162153,0.01355099999999998
reset_all,3,203610001,5,0.210658,0.168112,-0.042546
reset_all,3,204610001,2,0.21676,0.169753,-0.04700700000000002
reset_all,3,204610001,3,0.21778,0.170979,-0.04680100000000001
reset_all,3,204610001,4,0.179889,0.173819,-0.006069999999999992
reset_all,3,204610001,5,0.213687,0.164193,-0.04949399999999998
reset_all,3,205610001,2,0.165527,0.166143,0.0006160000000000054
reset_all,3,205610001,3,0.272413,0.170577,-0.10183600000000001
reset_all,3,205610001,4,0.108521,0.168315,0.059793999999999986
reset_all,3,205610001,5,0.116689,0.165525,0.048836000000000004
reset_all,3,206610001,2,0.171886,0.162903,-0.008983000000000019
reset_all,3,206610001,3,0.209458,0.159661,-0.04979700000000001
reset_all,3,206610001,4,0.14175,0.171897,0.030147000000000007
reset_all,3,206610001,5,0.269985,0.162675,-0.10730999999999999
reset_all,4,202610001,2,0.112915,0.168452,0.05553699999999999
reset_all,4,202610001,3,0.188622,0.16791,-0.020712000000000008
reset_all,4,202610001,4,0.202649,0.161772,-0.040877
reset_all,4,202610001,5,0.28028,0.168538,-0.11174199999999998
reset_all,4,203610001,2,0.178939,0.171495,-0.007443999999999978
reset_all,4,203610001,3,0.150985,0.160961,0.009975999999999985
reset_all,4,203610001,4,0.189082,0.162153,-0.02692900000000001
reset_all,4,203610001,5,0.234985,0.168112,-0.06687299999999999
reset_all,4,204610001,2,0.213193,0.169753,-0.043440000000000006
reset_all,4,204610001,3,0.184766,0.170979,-0.013787000000000021
reset_all,4,204610001,4,0.191849,0.173819,-0.01802999999999999
reset_all,4,204610001,5,0.230183,0.164193,-0.06599
reset_all,4,205610001,2,0.170976,0.166143,-0.004832999999999976
reset_all,4,205610001,3,0.234237,0.170577,-0.06366
reset_all,4,205610001,4,0.151376,0.168315,0.016938999999999982
reset_all,4,205610001,5,0.240026,0.165525,-0.07450099999999998
reset_all,4,206610001,2,0.132571,0.162903,0.030331999999999998
reset_all,4,206610001,3,0.203441,0.159661,-0.04378000000000001
reset_all,4,206610001,4,0.242771,0.171897,-0.07087399999999999
reset_all,4,206610001,5,0.217981,0.162675,-0.05530600000000002
reset_all,5,202610001,2,0.139489,0.168452,0.02896299999999999
reset_all,5,202610001,3,0.260682,0.16791,-0.09277200000000002
reset_all,5,202610001,4,0.196535,0.161772,-0.03476299999999999
reset_all,5,202610001,5,0.256214,0.168538,-0.087676
reset_all,5,203610001,2,0.19394,0.171495,-0.022444999999999993
reset_all,5,203610001,3,0.186957,0.160961,-0.02599600000000002
reset_all,5,203610001,4,0.180639,0.162153,-0.018486000000000002
reset_all,5,203610001,5,0.21152,0.168112,-0.043408
reset_all,5,204610001,2,0.237994,0.169753,-0.06824100000000002
reset_all,5,204610001,3,0.207578,0.170979,-0.03659900000000002
reset_all,5,204610001,4,0.1721,0.173819,0.0017189999999999983
reset_all,5,204610001,5,0.178054,0.164193,-0.013860999999999984
reset_all,5,205610001,2,0.171464,0.166143,-0.005320999999999992
reset_all,5,205610001,3,0.216892,0.170577,-0.046314999999999995
reset_all,5,205610001,4,0.163936,0.168315,0.004378999999999994
reset_all,5,205610001,5,0.1827,0.165525,-0.017174999999999996
reset_all,5,206610001,2,0.175642,0.162903,-0.012739
reset_all,5,206610001,3,0.164384,0.159661,-0.004723000000000005
reset_all,5,206610001,4,0.184498,0.171897,-0.012601000000000001
reset_all,5,206610001,5,0.206121,0.162675,-0.04344600000000001
no_reset,1,202610001,2,0.105707,0.104941,-0.0007659999999999889
no_reset,1,202610001,3,0.117118,0.117224,0.00010599999999999499
no_reset,1,202610001,4,0.11968,0.119594,-8.599999999998886e-05
no_reset,1,202610001,5,0.126894,0.126551,-0.00034300000000000996
no_reset,1,203610001,2,0.213709,0.213721,1.1999999999984245e-05
no_reset,1,203610001,3,0.205056,0.208683,0.003627000000000019
no_reset,1,203610001,4,0.207834,0.207867,3.300000000000525e-05
no_reset,1,203610001,5,0.208581,0.208487,-9.399999999998299e-05
no_reset,1,204610001,2,0.199024,0.198928,-9.600000000001274e-05
no_reset,1,204610001,3,0.197983,0.198583,0.0006000000000000172
no_reset,1,204610001,4,0.207251,0.206993,-0.00025799999999998047
no_reset,1,204610001,5,0.205039,0.205252,0.00021299999999999097
no_reset,1,205610001,2,0.184535,0.184631,9.599999999998499e-05
no_reset,1,205610001,3,0.185075,0.185064,-1.0999999999983245e-05
no_reset,1,205610001,4,0.187162,0.187254,9.200000000000874e-05
no_reset,1,205610001,5,0.187399,0.1875,0.00010099999999998999
no_reset,1,206610001,2,0.179555,0.179439,-0.00011600000000000499
no_reset,1,206610001,3,0.166762,0.164947,-0.0018149999999999833
no_reset,1,206610001,4,0.165261,0.166133,0.0008720000000000117
no_reset,1,206610001,5,0.176956,0.176973,1.6999999999989246e-05
no_reset,2,202610001,2,0.115301,0.113685,-0.0016160000000000063
no_reset,2,202610001,3,0.135757,0.135678,-7.899999999999574e-05
no_reset,2,202610001,4,0.145234,0.145559,0.00032499999999999196
no_reset,2,202610001,5,0.14607,0.145867,-0.00020300000000000873
no_reset,2,203610001,2,0.208245,0.208264,1.8999999999991246e-05
no_reset,2,203610001,3,0.206834,0.207134,0.00030000000000002247
no_reset,2,203610001,4,0.213774,0.213648,-0.00012599999999998723
no_reset,2,203610001,5,0.212499,0.212419,-7.999999999999674e-05
no_reset,2,204610001,2,0.221631,0.222284,0.0006530000000000147
no_reset,2,204610001,3,0.21649,0.216689,0.00019900000000000473
no_reset,2,204610001,4,0.215259,0.214821,-0.00043799999999999395
no_reset,2,204610001,5,0.217551,0.217834,0.00028300000000000547
no_reset,2,205610001,2,0.172912,0.172825,-8.700000000000374e-05
no_reset,2,205610001,3,0.182205,0.182421,0.00021599999999999397
no_reset,2,205610001,4,0.193504,0.1937,0.00019600000000000173
no_reset,2,205610001,5,0.186994,0.187089,9.500000000001174e-05
no_reset,2,206610001,2,0.133182,0.133221,3.900000000001125e-05
no_reset,2,206610001,3,0.134543,0.134823,0.00028000000000000247
no_reset,2,206610001,4,0.139103,0.139136,3.300000000000525e-05
no_reset,2,206610001,5,0.139451,0.139463,1.2000000000012001e-05
no_reset,3,202610001,2,0.119235,0.118457,-0.000777999999999987
no_reset,3,202610001,3,0.131427,0.131699,0.0002720000000000222
no_reset,3,202610001,4,0.123512,0.123369,-0.00014299999999999036
no_reset,3,202610001,5,0.120371,0.12038,8.999999999995123e-06
no_reset,3,203610001,2,0.21578,0.215648,-0.00013199999999999323
no_reset,3,203610001,3,0.221701,0.221084,-0.0006170000000000064
no_reset,3,203610001,4,0.212344,0.212078,-0.0002660000000000162
no_reset,3,203610001,5,0.212321,0.212577,0.00025599999999997847
no_reset,3,204610001,2,0.215816,0.216606,0.0007899999999999852
no_reset,3,204610001,3,0.215742,0.215805,6.30000000000075e-05
no_reset,3,204610001,4,0.213352,0.213457,0.00010499999999999399
no_reset,3,204610001,5,0.21348,0.213333,-0.00014700000000000824
no_reset,3,205610001,2,0.162158,0.162617,0.00045900000000001495
no_reset,3,205610001,3,0.153551,0.152198,-0.001352999999999993
no_reset,3,205610001,4,0.150128,0.150034,-9.400000000001074e-05
no_reset,3,205610001,5,0.153581,0.153664,8.299999999999974e-05
no_reset,3,206610001,2,0.194289,0.194813,0.0005239999999999967
no_reset,3,206610001,3,0.182947,0.18263,-0.0003170000000000117
no_reset,3,206610001,4,0.184712,0.185079,0.0003670000000000062
no_reset,3,206610001,5,0.184863,0.185731,0.0008680000000000077
no_reset,4,202610001,2,0.103426,0.103113,-0.0003130000000000077
no_reset,4,202610001,3,0.126239,0.127345,0.0011060000000000236
no_reset,4,202610001,4,0.131224,0.131374,0.00014999999999998348
no_reset,4,202610001,5,0.133099,0.13299,-0.00010899999999999799
no_reset,4,203610001,2,0.183627,0.183966,0.0003389999999999782
no_reset,4,203610001,3,0.17701,0.17726,0.0002500000000000002
no_reset,4,203610001,4,0.1952,0.195213,1.2999999999985246e-05
no_reset,4,203610001,5,0.194374,0.194375,1.000000000001e-06
no_reset,4,204610001,2,0.18729,0.187084,-0.00020600000000001173
no_reset,4,204610001,3,0.200336,0.200169,-0.00016699999999997273
no_reset,4,204610001,4,0.19493,0.195166,0.00023600000000001398
no_reset,4,204610001,5,0.194953,0.195006,5.300000000002525e-05
no_reset,4,205610001,2,0.164114,0.164118,4.000000000004e-06
no_reset,4,205610001,3,0.160392,0.159971,-0.0004210000000000047
no_reset,4,205610001,4,0.175764,0.175853,8.900000000000574e-05
no_reset,4,205610001,5,0.177047,0.177103,5.6000000000000494e-05
no_reset,4,206610001,2,0.131225,0.131354,0.00012899999999999023
no_reset,4,206610001,3,0.132455,0.132276,-0.00017899999999998473
no_reset,4,206610001,4,0.136356,0.136372,1.5999999999988246e-05
no_reset,4,206610001,5,0.136876,0.136903,2.6999999999999247e-05
no_reset,5,202610001,2,0.120039,0.120247,0.00020799999999999985
no_reset,5,202610001,3,0.135348,0.134972,-0.00037599999999998746
no_reset,5,202610001,4,0.141172,0.141099,-7.299999999998974e-05
no_reset,5,202610001,5,0.143952,0.144006,5.3999999999998494e-05
no_reset,5,203610001,2,0.206477,0.206244,-0.00023299999999998322
no_reset,5,203610001,3,0.203028,0.202941,-8.699999999997599e-05
no_reset,5,203610001,4,0.201838,0.201798,-3.999999999998449e-05
no_reset,5,203610001,5,0.202803,0.202829,2.5999999999998247e-05
no_reset,5,204610001,2,0.239067,0.239319,0.0002520000000000022
no_reset,5,204610001,3,0.255352,0.255391,3.899999999995574e-05
no_reset,5,204610001,4,0.235458,0.235414,-4.399999999998849e-05
no_reset,5,204610001,5,0.237338,0.2373,-3.799999999998249e-05
no_reset,5,205610001,2,0.182391,0.182469,7.799999999999474e-05
no_reset,5,205610001,3,0.173015,0.172845,-0.00017000000000000348
no_reset,5,205610001,4,0.180132,0.180085,-4.699999999999149e-05
no_reset,5,205610001,5,0.179959,0.179962,3.0000000000030003e-06
no_reset,5,206610001,2,0.138537,0.139028,0.0004910000000000192
no_reset,5,206610001,3,0.14617,0.144276,-0.0018940000000000068
no_reset,5,206610001,4,0.155649,0.155478,-0.00017100000000000448
no_reset,5,206610001,5,0.151716,0.151847,0.00013100000000002
