method,path,seed,decisions,information_actions,early_information_actions,mean_boundary_substitution_mae_jump,exploit,demand_reveal,sub_probe_P1,sub_probe_P2,sub_probe_P3
full,1,202610001,1200,20,20,0.0001622500000000096,1180,2,9,0,9
full,1,203610001,1200,30,29,6.92500000000068e-05,1170,19,6,0,5
full,1,204610001,1200,28,28,0.00019225000000000492,1172,17,7,0,4
full,1,205610001,1200,32,32,0.00018875000000000142,1168,17,7,0,8
full,1,206610001,1200,30,30,2.9499999999994808e-05,1170,15,8,0,7
full,2,202610001,1200,22,22,-0.00015149999999999886,1178,2,10,0,10
full,2,203610001,1200,41,41,-2.6999999999999247e-05,1159,16,8,0,17
full,2,204610001,1200,30,30,0.0003370000000000109,1170,16,9,0,5
full,2,205610001,1200,21,21,0.00010425000000000018,1179,4,10,0,7
full,2,206610001,1200,23,23,0.00010575000000000168,1177,4,11,0,8
full,3,202610001,1200,19,19,-0.0004907499999999981,1181,2,9,0,8
full,3,203610001,1200,22,22,7.774999999999449e-05,1178,6,9,0,7
full,3,204610001,1200,22,22,0.00037249999999999783,1178,7,10,0,5
full,3,205610001,1200,20,20,0.0005110000000000114,1180,6,8,0,6
full,3,206610001,1200,47,47,2.1750000000000935e-05,1153,33,8,0,6
full,4,202610001,1200,21,21,-0.00021224999999999716,1179,2,9,0,10
full,4,203610001,1200,18,18,-7.749999999999424e-05,1182,3,9,0,6
full,4,204610001,1200,16,16,-0.00026700000000000335,1184,4,7,0,5
full,4,205610001,1200,36,28,-9.125000000000105e-05,1164,20,8,0,8
full,4,206610001,1200,22,22,0.00017450000000000104,1178,4,10,0,8
full,5,202610001,1200,20,20,0.00036149999999999377,1180,2,9,0,9
full,5,203610001,1200,32,27,-4.074999999999218e-05,1168,17,9,0,6
full,5,204610001,1200,28,28,6.500000000000256e-05,1172,17,6,0,5
full,5,205610001,1200,32,32,0.0010344999999999938,1168,16,8,0,8
full,5,206610001,1200,21,21,-0.0001465000000000008,1179,3,9,0,9
no_exploration,1,202610001,1200,0,0,0.0005917499999999951,1200,0,0,0,0
no_exploration,1,203610001,1200,0,0,-0.0005904999999999938,1200,0,0,0,0
no_exploration,1,204610001,1200,0,0,-0.00010099999999998999,1200,0,0,0,0
no_exploration,1,205610001,1200,0,0,0.0002025000000000013,1200,0,0,0,0
no_exploration,1,206610001,1200,0,0,0.00034900000000001596,1200,0,0,0,0
no_exploration,2,202610001,1200,0,0,-0.0004037499999999944,1200,0,0,0,0
no_exploration,2,203610001,1200,0,0,0.0005460000000000048,1200,0,0,0,0
no_exploration,2,204610001,1200,0,0,-0.00013675000000000492,1200,0,0,0,0
no_exploration,2,205610001,1200,0,0,0.0,1200,0,0,0,0
no_exploration,2,206610001,1200,0,0,0.0002707499999999863,1200,0,0,0,0
no_exploration,3,202610001,1200,0,0,0.0012522499999999895,1200,0,0,0,0
no_exploration,3,203610001,1200,0,0,0.0005222500000000158,1200,0,0,0,0
no_exploration,3,204610001,1200,0,0,0.0001330000000000081,1200,0,0,0,0
no_exploration,3,205610001,1200,0,0,0.00023675000000001473,1200,0,0,0,0
no_exploration,3,206610001,1200,0,0,-0.00019249999999999823,1200,0,0,0,0
no_exploration,4,202610001,1200,0,0,5.6750000000001244e-05,1200,0,0,0,0
no_exploration,4,203610001,1200,0,0,-0.00043224999999999514,1200,0,0,0,0
no_exploration,4,204610001,1200,0,0,-0.000722499999999994,1200,0,0,0,0
no_exploration,4,205610001,1200,0,0,-2.3000000000009124e-05,1200,0,0,0,0
no_exploration,4,206610001,1200,0,0,0.0002155000000000143,1200,0,0,0,0
no_exploration,5,202610001,1200,0,0,-0.001008000000000002,1200,0,0,0,0
no_exploration,5,203610001,1200,0,0,0.0001850000000000046,1200,0,0,0,0
no_exploration,5,204610001,1200,0,0,0.0010752499999999929,1200,0,0,0,0
no_exploration,5,205610001,1200,0,0,0.00033149999999999846,1200,0,0,0,0
no_exploration,5,206610001,1200,0,0,7.499999999993623e-06,1200,0,0,0,0
no_substitution,1,202610001,1200,27,27,0.0,1173,27,0,0,0
no_substitution,1,203610001,1200,51,51,0.0,1149,51,0,0,0
no_substitution,1,204610001,1200,24,24,0.0,1176,24,0,0,0
no_substitution,1,205610001,1200,14,14,0.0,1186,14,0,0,0
no_substitution,1,206610001,1200,36,36,0.0,1164,36,0,0,0
no_substitution,2,202610001,1200,29,29,0.0,1171,29,0,0,0
no_substitution,2,203610001,1200,41,41,0.0,1159,41,0,0,0
no_substitution,2,204610001,1200,24,24,0.0,1176,24,0,0,0
no_substitution,2,205610001,1200,14,14,0.0,1186,14,0,0,0
no_substitution,2,206610001,1200,31,31,0.0,1169,31,0,0,0
no_substitution,3,202610001,1200,33,33,0.0,1167,33,0,0,0
no_substitution,3,203610001,1200,32,32,0.0,1168,32,0,0,0
no_substitution,3,204610001,1200,21,21,0.0,1179,21,0,0,0
no_substitution,3,205610001,1200,20,20,0.0,1180,20,0,0,0
no_substitution,3,206610001,1200,42,42,0.0,1158,42,0,0,0
no_substitution,4,202610001,1200,23,23,0.0,1177,23,0,0,0
no_substitution,4,203610001,1200,35,35,0.0,1165,35,0,0,0
no_substitution,4,204610001,1200,27,27,0.0,1173,27,0,0,0
no_substitution,4,205610001,1200,19,19,0.0,1181,19,0,0,0
no_substitution,4,206610001,1200,42,42,0.0,1158,42,0,0,0
no_substitution,5,202610001,1200,27,27,0.0,1173,27,0,0,0
no_substitution,5,203610001,1200,35,35,0.0,1165,35,0,0,0
no_substitution,5,204610001,1200,22,22,0.0,1178,22,0,0,0
no_substitution,5,205610001,1200,20,17,0.0,1180,20,0,0,0
no_substitution,5,206610001,1200,42,42,0.0,1158,42,0,0,0
fixed_schedule,1,202610001,1200,20,14,-0.0006974999999999967,1180,5,10,0,5
fixed_schedule,1,203610001,1200,12,11,-9.049999999998642e-05,1188,3,8,0,1
fixed_schedule,1,204610001,1200,14,13,-0.0004559999999999946,1186,4,9,0,1
fixed_schedule,1,205610001,1200,14,13,0.0001222500000000043,1186,3,11,0,0
fixed_schedule,1,206610001,1200,14,14,0.0006042499999999937,1186,4,10,0,0
fixed_schedule,2,202610001,1200,15,12,8.724999999999705e-05,1185,4,8,0,3
fixed_schedule,2,203610001,1200,18,14,7.274999999999643e-05,1182,3,11,0,4
fixed_schedule,2,204610001,1200,15,13,0.0005567500000000017,1185,4,9,0,2
fixed_schedule,2,205610001,1200,19,14,-0.00017774999999999042,1181,3,12,0,4
fixed_schedule,2,206610001,1200,15,15,0.00015550000000000286,1185,4,11,0,0
fixed_schedule,3,202610001,1200,13,12,0.000416249999999993,1187,4,8,0,1
fixed_schedule,3,203610001,1200,16,13,-5.3749999999998244e-05,1184,3,10,0,3
fixed_schedule,3,204610001,1200,12,12,0.0002474999999999977,1188,4,8,0,0
fixed_schedule,3,205610001,1200,14,12,-0.00019550000000000123,1186,3,10,0,1
fixed_schedule,3,206610001,1200,15,15,0.0001910000000000106,1185,4,11,0,0
fixed_schedule,4,202610001,1200,12,11,-6.999999999993123e-06,1188,4,7,0,1
fixed_schedule,4,203610001,1200,15,12,-0.0002254999999999896,1185,3,9,0,3
fixed_schedule,4,204610001,1200,12,12,-0.00011874999999999386,1188,4,8,0,0
fixed_schedule,4,205610001,1200,19,13,0.0004415000000000044,1181,3,13,0,3
fixed_schedule,4,206610001,1200,18,15,0.0002134999999999984,1182,4,11,0,3
fixed_schedule,5,202610001,1200,17,14,7.274999999999643e-05,1183,4,12,0,1
fixed_schedule,5,203610001,1200,18,12,0.0005332500000000059,1182,3,9,0,6
fixed_schedule,5,204610001,1200,13,12,0.00028924999999999437,1187,4,8,0,1
fixed_schedule,5,205610001,1200,16,13,-3.674999999998818e-05,1184,3,11,0,2
fixed_schedule,5,206610001,1200,17,15,-0.00010974999999999874,1183,4,12,0,1
reset_all,1,202610001,1200,95,95,-0.012511499999999998,1105,4,48,0,43
reset_all,1,203610001,1200,99,99,-0.016463,1101,5,53,0,41
reset_all,1,204610001,1200,95,95,-0.011805500000000003,1105,7,48,0,40
reset_all,1,205610001,1200,94,91,-0.014460250000000001,1106,5,47,0,42
reset_all,1,206610001,1200,100,100,-0.027132500000000004,1100,4,49,0,47
reset_all,2,202610001,1200,98,92,-0.033461500000000005,1102,9,49,0,40
reset_all,2,203610001,1200,102,102,-0.04393324999999999,1098,6,51,0,45
reset_all,2,204610001,1200,93,93,-0.06061525,1107,8,45,0,40
reset_all,2,205610001,1200,91,91,-0.030551499999999995,1109,7,47,0,37
reset_all,2,206610001,1200,103,103,-0.028320500000000005,1097,2,57,0,44
reset_all,3,202610001,1200,96,96,-0.03138375000000001,1104,9,48,0,39
reset_all,3,203610001,1200,101,99,-0.026378250000000006,1099,10,52,0,39
reset_all,3,204610001,1200,93,93,-0.037343,1107,11,47,0,35
reset_all,3,205610001,1200,88,84,0.0018524999999999965,1112,8,41,0,39
reset_all,3,206610001,1200,98,97,-0.03398575,1102,8,52,0,38
reset_all,4,202610001,1200,87,87,-0.0294485,1113,7,45,0,35
reset_all,4,203610001,1200,93,93,-0.022817499999999998,1107,9,44,0,40
reset_all,4,204610001,1200,90,90,-0.03531175,1110,10,44,0,36
reset_all,4,205610001,1200,82,82,-0.03151374999999999,1118,9,41,0,32
reset_all,4,206610001,1200,93,93,-0.03490700000000001,1107,3,47,0,43
reset_all,5,202610001,1200,89,89,-0.046562000000000006,1111,5,47,0,37
reset_all,5,203610001,1200,109,107,-0.027583750000000004,1091,6,52,0,51
reset_all,5,204610001,1200,98,97,-0.029245500000000008,1102,6,49,0,43
reset_all,5,205610001,1200,91,89,-0.016107999999999997,1109,6,42,0,43
reset_all,5,206610001,1200,99,99,-0.018377250000000005,1101,4,48,0,47
no_reset,1,202610001,1200,18,18,-0.0002722499999999982,1182,1,8,0,9
no_reset,1,203610001,1200,18,18,0.0008945000000000064,1182,3,8,0,7
no_reset,1,204610001,1200,14,14,0.00011475000000000374,1186,3,7,0,4
no_reset,1,205610001,1200,22,22,6.950000000000012e-05,1178,5,9,0,8
no_reset,1,206610001,1200,18,18,-0.00026049999999999685,1182,3,8,0,7
no_reset,2,202610001,1200,23,20,-0.0003932500000000047,1177,5,8,0,10
no_reset,2,203610001,1200,20,20,2.8250000000007436e-05,1180,3,10,0,7
no_reset,2,204610001,1200,17,17,0.00017425000000000773,1183,3,9,0,5
no_reset,2,205610001,1200,19,19,0.00010500000000000093,1181,4,8,0,7
no_reset,2,206610001,1200,23,23,9.100000000000774e-05,1177,4,11,0,8
no_reset,3,202610001,1200,17,17,-0.00015999999999999,1183,1,8,0,8
no_reset,3,203610001,1200,17,17,-0.00018975000000000936,1183,2,9,0,6
no_reset,3,204610001,1200,18,18,0.0002027499999999946,1182,3,10,0,5
no_reset,3,205610001,1200,19,19,-0.0002262499999999973,1181,5,8,0,6
no_reset,3,206610001,1200,17,17,0.0003604999999999997,1183,3,8,0,6
no_reset,4,202610001,1200,19,19,0.00020850000000000035,1181,1,8,0,10
no_reset,4,203610001,1200,17,17,0.00015074999999999117,1183,2,9,0,6
no_reset,4,204610001,1200,15,15,-2.0999999999986307e-05,1185,3,7,0,5
no_reset,4,205610001,1200,21,21,-6.799999999999862e-05,1179,3,10,0,8
no_reset,4,206610001,1200,22,22,-1.7500000000017502e-06,1178,4,10,0,8
no_reset,5,202610001,1200,18,18,-4.674999999999471e-05,1182,1,8,0,9
no_reset,5,203610001,1200,20,20,-8.349999999998636e-05,1180,3,9,0,8
no_reset,5,204610001,1200,15,15,5.2249999999996743e-05,1185,3,7,0,5
no_reset,5,205610001,1200,21,21,-3.399999999999931e-05,1179,3,10,0,8
no_reset,5,206610001,1200,21,21,-0.000360749999999993,1179,3,9,0,9
