method,path,seed,replications,total_revenue,holding_cost,lost_sales_cost,total_profit,total_sales,total_final_lost,fill_rate,unit_contribution
full,1,202610001,4,1736960.5,18571.300000000003,20680.5,1697708.7,132151.75,4900.25,0.9642453229431165,13.143681411710402
full,1,203610001,4,1679083.0,15866.0,13337.0,1649880.0,134027.25,3024.75,0.9779299098152526,12.527922493373548
full,1,204610001,4,1647493.0,14162.150000000001,9429.0,1623901.8500000003,135030.5,2021.5,0.9852501240405102,12.200895353272038
full,1,205610001,4,1690161.25,16027.449999999999,14663.5,1659470.3000000003,133687.75,3364.25,0.9754527478621253,12.642603753896674
full,1,206610001,4,1648514.0,14328.55,9473.0,1624712.449999999,134993.75,2058.25,0.9849819776435221,12.211780175008101
full,2,202610001,4,1723632.0,18858.25,19630.0,1685143.7500000007,132221.5,4635.5,0.9661288790489342,13.035943473640822
full,2,203610001,4,1686937.25,19577.799999999996,30986.5,1636372.9499999997,130876.75,5980.25,0.9563029293349992,12.889510550957294
full,2,204610001,4,1688447.75,16040.599999999999,13732.5,1658674.6500000001,133643.0,3214.0,0.9765156331060889,12.634015623713925
full,2,205610001,4,1777590.25,20322.449999999997,24819.5,1732448.3000000003,130822.0,6035.0,0.955902876725341,13.587854107107367
full,2,206610001,4,1733635.5,18548.85,19704.5,1695382.1499999992,132146.5,4710.5,0.9655808617754298,13.119042123703617
full,3,202610001,4,1730600.5,19084.199999999997,19933.0,1691583.2999999998,131786.75,4754.25,0.9651807881881633,13.131824709236703
full,3,203610001,4,1729622.5,18339.25,18734.0,1692549.2500000005,132035.0,4506.0,0.9669989234002974,13.099727345022153
full,3,204610001,4,1637999.0,14611.399999999998,11805.0,1611582.6,134334.75,2206.25,0.9838418497008224,12.193412352351123
full,3,205610001,4,1720713.25,18309.1,18239.0,1684165.1499999994,132190.75,4350.25,0.9681396064185849,13.016896038489834
full,3,206610001,4,1678496.5,16660.1,13849.5,1647986.8999999997,133374.75,3166.25,0.9768109944998206,12.58481459196737
full,4,202610001,4,1740585.75,18429.199999999997,20060.5,1702096.05,132274.75,4814.25,0.9648823027376376,13.158866299123604
full,4,203610001,4,1768151.0,19503.949999999997,22722.0,1725925.0500000003,131562.0,5527.0,0.9596831255607671,13.439678630607622
full,4,204610001,4,1686861.75,15585.5,13605.0,1657671.2500000005,133980.5,3108.5,0.9773249494853707,12.590352700579562
full,4,205610001,4,1692543.25,16146.7,14542.0,1661854.5500000003,133736.25,3352.75,0.9755432602178147,12.6558300386021
full,4,206610001,4,1736810.5,18712.2,20813.0,1697285.2999999993,132183.75,4905.25,0.9642185003902575,13.13936471010998
full,5,202610001,4,1731048.0,18939.85,19514.0,1692594.1500000001,131950.75,4675.25,0.9657806713217103,13.118894739135625
full,5,203610001,4,1681224.0,16352.0,12680.5,1652191.4999999998,133664.0,2962.0,0.9783203782588965,12.577986593248744
full,5,204610001,4,1642447.0,14386.2,8491.0,1619569.8000000012,134768.75,1857.25,0.9864063209052449,12.1871502110096
full,5,205610001,4,1687614.5,16571.5,13743.0,1657299.999999999,133407.75,3218.25,0.9764448201660005,12.65004844171347
full,5,206610001,4,1729575.5,19369.7,20333.0,1689872.7999999998,131805.25,4820.75,0.9647157202875002,13.122204919758508
no_exploration,1,202610001,4,1741446.75,21090.05,35775.0,1684581.7000000004,129716.25,7335.75,0.9464746957359251,13.42504697753751
no_exploration,1,203610001,4,1687536.0,16824.0,17182.5,1653529.5000000005,133295.75,3756.25,0.9725925196275866,12.660088562463544
no_exploration,1,204610001,4,1645920.5,14244.949999999999,9556.0,1622119.55,135028.0,2024.0,0.9852318827890143,12.189475516189235
no_exploration,1,205610001,4,1622034.75,16557.0,23823.5,1581654.2500000005,133017.5,4034.5,0.9705622683361059,12.19414550717011
no_exploration,1,206610001,4,1654436.25,16776.9,21913.5,1615745.8499999996,132954.5,4097.5,0.9701025887984123,12.443627331154643
no_exploration,2,202610001,4,1736807.0,21310.049999999996,37042.0,1678454.9500000011,129341.25,7515.75,0.9450831890221181,13.428098151208529
no_exploration,2,203610001,4,1651090.75,15750.599999999999,15302.5,1620037.6500000006,133821.25,3035.75,0.9778180874927844,12.338031142288687
no_exploration,2,204610001,4,1616477.0,17118.949999999997,24594.5,1574763.5500000003,132743.75,4113.25,0.9699449059967704,12.177424549178399
no_exploration,2,205610001,4,1655273.25,18761.199999999997,28729.5,1607782.5499999998,131607.75,5249.25,0.9616442710274228,12.577323523880622
no_exploration,2,206610001,4,1661982.25,18972.199999999997,33375.0,1609635.0500000003,130811.5,6045.5,0.9558261543070504,12.70516927028587
no_exploration,3,202610001,4,1719097.0,21725.3,35268.0,1662103.7,129513.5,7027.5,0.9485319427864158,13.273496585298057
no_exploration,3,203610001,4,1598901.25,13720.4,8509.0,1576671.8499999999,135174.25,1366.75,0.9899901860979485,11.828445506448158
no_exploration,3,204610001,4,1645002.75,16502.25,16938.0,1611562.4999999995,133285.5,3255.5,0.9761573446803524,12.34194829895225
no_exploration,3,205610001,4,1652547.25,17535.149999999998,28258.0,1606754.1,131382.0,5159.0,0.9622164771021159,12.578186128997885
no_exploration,3,206610001,4,1649190.75,17912.8,24120.5,1607157.4499999997,132073.5,4467.5,0.9672808899890876,12.486916376108757
no_exploration,4,202610001,4,1701893.25,19415.5,32171.5,1650306.2500000007,130817.0,6272.0,0.9542486997497975,13.009725417950266
no_exploration,4,203610001,4,1680213.25,15737.399999999998,13205.0,1651270.8500000006,134092.25,2996.75,0.9781401133570162,12.53027859551913
no_exploration,4,204610001,4,1646998.0,14153.099999999999,9467.0,1623377.9000000004,135085.25,2003.75,0.985383582927879,12.192285982370391
no_exploration,4,205610001,4,1659450.5,17913.35,27608.5,1613928.65,132034.75,5054.25,0.9631316152280635,12.568286000465786
no_exploration,4,206610001,4,1695814.0,18832.550000000003,27974.5,1649006.9500000002,131538.5,5550.5,0.9595117040754546,12.892149446739928
no_exploration,5,202610001,4,1689426.0,19628.0,30483.5,1639314.4999999998,130706.25,5919.75,0.9566718633349436,12.925365083919093
no_exploration,5,203610001,4,1650984.5,17255.85,23830.0,1609898.6499999997,132232.0,4394.0,0.967839210691962,12.485514096436566
no_exploration,5,204610001,4,1608022.75,13021.65,4857.0,1590144.0999999994,135748.0,878.0,0.9935736975392678,11.845645976367976
no_exploration,5,205610001,4,1654886.75,18503.75,27363.0,1609019.9999999998,131602.0,5024.0,0.9632280825025983,12.57493617118281
no_exploration,5,206610001,4,1609241.25,15433.25,17358.5,1576449.4999999995,133751.75,2874.25,0.978962642542415,12.031552858186902
no_substitution,1,202610001,4,1601505.5,12056.6,4124.0,1585324.9000000001,136440.75,611.25,0.9955400140092812,11.73773597697169
no_substitution,1,203610001,4,1601789.25,12131.35,4134.5,1585523.4,136420.0,632.0,0.9953886116218662,11.741601304794019
no_substitution,1,204610001,4,1602535.25,12023.349999999999,3904.0,1586607.9000000001,136453.5,598.5,0.9956330443919097,11.744185748258564
no_substitution,1,205610001,4,1601079.75,11975.1,4003.5,1585101.1499999997,136456.75,595.25,0.9956567580188541,11.73323965285704
no_substitution,1,206610001,4,1601369.25,11912.9,3970.5,1585485.8499999994,136460.0,592.0,0.9956804716457988,11.735081708925692
no_substitution,2,202610001,4,1600573.0,12053.9,2926.0,1585593.0999999994,136396.25,460.75,0.9966333472164376,11.734728777367414
no_substitution,2,203610001,4,1599912.0,11957.7,3072.0,1584882.3000000005,136379.0,478.0,0.9965073032435315,11.731366266067356
no_substitution,2,204610001,4,1599334.75,11929.399999999998,3026.5,1584378.8500000006,136405.0,452.0,0.9966972825650131,11.724898280854807
no_substitution,2,205610001,4,1600605.0,12079.6,2713.5,1585811.8999999994,136433.5,423.5,0.9969055291289448,11.731759428586088
no_substitution,2,206610001,4,1600314.75,11989.999999999998,3041.0,1585283.75,136394.25,462.75,0.9966187334224775,11.733007439829759
no_substitution,3,202610001,4,1594985.5,12342.949999999999,3163.5,1579479.0500000003,136086.0,455.0,0.9966676675870252,11.720423114795055
no_substitution,3,203610001,4,1594479.5,12246.4,3156.5,1579076.6000000006,136096.25,444.75,0.9967427366139108,11.715822441838037
no_substitution,3,204610001,4,1593976.0,12183.15,3171.5,1578621.35,136097.75,443.25,0.9967537223251624,11.71199376918428
no_substitution,3,205610001,4,1593946.5,12180.3,3241.0,1578525.2000000002,136087.5,453.5,0.9966786532982768,11.712659134747865
no_substitution,3,206610001,4,1595210.75,12325.4,3287.5,1579597.8499999996,136053.5,487.5,0.9964296438432413,11.72487844855149
no_substitution,4,202610001,4,1602375.5,11704.7,3371.0,1587299.8000000003,136601.5,487.5,0.9964439159961777,11.730292127099629
no_substitution,4,203610001,4,1602705.75,11793.05,3628.5,1587284.2000000002,136562.0,527.0,0.9961557820102269,11.736103381614212
no_substitution,4,204610001,4,1601561.25,11716.0,3663.0,1586182.2500000002,136570.75,518.25,0.9962196091590134,11.72697118526478
no_substitution,4,205610001,4,1602037.0,11756.65,3679.0,1586601.3500000006,136564.5,524.5,0.9961740183384518,11.730991582731969
no_substitution,4,206610001,4,1601859.0,11768.75,3668.5,1586421.75,136555.5,533.5,0.9961083675568426,11.730461241033865
no_substitution,5,202610001,4,1598216.5,12384.949999999999,2811.5,1583020.0499999998,136180.0,446.0,0.9967356140119743,11.736058892642092
no_substitution,5,203610001,4,1598360.0,12414.649999999998,2705.0,1583240.3500000006,136190.5,435.5,0.9968124661484637,11.73620773842522
no_substitution,5,204610001,4,1598079.0,12375.949999999999,2963.5,1582739.5499999998,136169.25,456.75,0.9966569320627113,11.73597563326522
no_substitution,5,205610001,4,1598231.25,12302.5,2955.5,1582973.25,136170.0,456.0,0.996662421501032,11.73702908129544
no_substitution,5,206610001,4,1597441.5,12272.449999999999,3154.5,1582014.55,136156.25,469.75,0.9965617817984863,11.732414046362177
reset_all,1,202610001,4,1697917.0,17174.399999999998,20631.5,1660111.1000000006,132667.75,4384.25,0.9680103172518459,12.798264838289636
reset_all,1,203610001,4,1707896.75,17568.85,20182.5,1670145.4000000008,132600.25,4451.75,0.9675178034614599,12.88004170429543
reset_all,1,204610001,4,1671839.25,16072.25,15864.0,1639903.0,133688.25,3363.75,0.9754563961124245,12.505506280469675
reset_all,1,205610001,4,1713962.75,17068.7,19651.5,1677242.5499999993,132651.0,4401.0,0.9678881008668243,12.920843039253379
reset_all,1,206610001,4,1673118.75,16529.35,18090.0,1638499.4,133353.0,3699.0,0.97301024428684,12.546540010348474
reset_all,2,202610001,4,1664461.25,16024.3,14930.5,1633506.4500000002,133727.0,3130.0,0.9771294124524139,12.446710462359883
reset_all,2,203610001,4,1673323.25,16637.5,21123.5,1635562.2500000002,132654.25,4202.75,0.969290938717055,12.614169919169571
reset_all,2,204610001,4,1679074.75,15937.8,15445.5,1647691.4500000004,133527.5,3329.5,0.975671686504892,12.574748647282394
reset_all,2,205610001,4,1679736.25,16256.05,16056.0,1647424.2000000002,133380.0,3477.0,0.9745939192003331,12.593614110061479
reset_all,2,206610001,4,1696453.75,17041.9,18202.0,1661209.8499999996,132846.75,4010.25,0.9706975163857164,12.770005664421598
reset_all,3,202610001,4,1672776.0,16796.85,18997.5,1636981.6500000006,132741.75,3799.25,0.9721750243516598,12.601732311047579
reset_all,3,203610001,4,1716643.25,19740.149999999998,28938.5,1667964.6,130568.25,5972.75,0.9562567287481416,13.147478426033894
reset_all,3,204610001,4,1655937.5,16243.65,18021.0,1621672.85,133174.0,3367.0,0.9753407401439861,12.434390346464024
reset_all,3,205610001,4,1678132.25,17307.9,21692.0,1639132.3500000003,132342.25,4198.75,0.969249163254993,12.680245726515908
reset_all,3,206610001,4,1664602.75,16826.199999999997,21156.5,1626620.0500000003,132553.25,3987.75,0.9707944866377132,12.557992731223113
reset_all,4,202610001,4,1676229.5,16533.3,19521.5,1640174.7000000007,133165.25,3923.75,0.9713780828512865,12.58758947998821
reset_all,4,203610001,4,1691423.75,16055.699999999999,15333.0,1660035.049999999,133673.0,3416.0,0.9750818811137291,12.653443477740456
reset_all,4,204610001,4,1676968.25,16334.75,18487.5,1642146.0,133332.0,3757.0,0.9725944459438759,12.577387648876488
reset_all,4,205610001,4,1680344.75,15713.65,15079.0,1649552.0999999996,133816.25,3272.75,0.976126822721006,12.557105359027771
reset_all,4,206610001,4,1691841.5,16130.8,15629.0,1660081.6999999997,133598.5,3490.5,0.9745384385326321,12.663626462871964
reset_all,5,202610001,4,1654080.0,15152.65,10932.0,1627995.3500000008,134243.5,2382.5,0.9825618842680017,12.321490425979656
reset_all,5,203610001,4,1689990.25,18050.699999999997,23174.0,1648765.5500000003,131913.5,4712.5,0.9655080292184502,12.811351757022594
reset_all,5,204610001,4,1662867.0,16111.649999999998,15445.5,1631309.85,133437.75,3188.25,0.9766643976988275,12.461743397202065
reset_all,5,205610001,4,1680803.75,18680.4,26999.0,1635124.350000001,131368.0,5258.0,0.9615153777465489,12.794620836124475
reset_all,5,206610001,4,1675618.75,17079.1,18823.0,1639716.6500000001,132737.75,3888.25,0.9715409219328678,12.623528348190323
fixed_schedule,1,202610001,4,1737733.0,19458.800000000003,25697.5,1692576.7000000002,131346.0,5706.0,0.9583661675860258,13.230193534633715
fixed_schedule,1,203610001,4,1761366.75,19560.449999999997,23886.0,1717920.300000001,131390.5,5661.5,0.9586908618626506,13.405586781388305
fixed_schedule,1,204610001,4,1729952.75,19369.8,25783.0,1684799.95,131446.75,5605.25,0.9591012900213058,13.160863619678691
fixed_schedule,1,205610001,4,1734113.5,21457.149999999994,37453.0,1675203.35,129498.25,7553.75,0.9448840586054927,13.391018797551318
fixed_schedule,1,206610001,4,1708853.25,19447.7,27765.5,1661640.0499999998,131352.25,5699.75,0.9584117707147652,13.009699110597648
fixed_schedule,2,202610001,4,1775748.25,20297.3,24441.5,1731009.4500000004,130911.0,5946.0,0.9565531905565663,13.564545760096554
fixed_schedule,2,203610001,4,1744082.75,22401.899999999998,37817.0,1683863.8499999999,129136.0,7721.0,0.9435834484169607,13.505782663238756
fixed_schedule,2,204610001,4,1775479.75,20504.899999999998,24821.0,1730153.8499999999,130836.75,6020.25,0.9560106534557969,13.570191479076025
fixed_schedule,2,205610001,4,1743709.75,22677.65,38553.5,1682478.6000000003,128992.25,7864.75,0.9425330819760772,13.517941969381882
fixed_schedule,2,206610001,4,1743842.25,21346.550000000003,34513.5,1687982.2000000004,129683.5,7173.5,0.9475839745135434,13.446909205874302
fixed_schedule,3,202610001,4,1738763.25,21268.299999999996,34267.0,1683227.9500000002,129415.5,7125.5,0.9478142096513136,13.435510043232844
fixed_schedule,3,203610001,4,1753570.5,20244.199999999997,22481.5,1710844.8000000003,131112.75,5428.25,0.9602445419324598,13.37452307269888
fixed_schedule,3,204610001,4,1772651.0,20658.8,24182.5,1727809.7000000002,130651.5,5889.5,0.9568664357226034,13.567781464430183
fixed_schedule,3,205610001,4,1740184.5,22480.550000000003,38565.0,1679138.95,128698.0,7843.0,0.9425593777693146,13.521457209902252
fixed_schedule,3,206610001,4,1766186.75,21434.899999999998,28263.5,1716488.3500000006,130046.0,6495.0,0.9524318702807216,13.581246251326453
fixed_schedule,4,202610001,4,1745118.5,21146.399999999998,35773.5,1688198.6000000003,129702.25,7386.75,0.9461171209943905,13.454805140234653
fixed_schedule,4,203610001,4,1779063.0,19929.5,24484.5,1734648.9999999993,131140.75,5948.25,0.9566103042549,13.566057842432654
fixed_schedule,4,204610001,4,1779089.75,20136.0,24590.0,1734363.7500000002,131124.5,5964.5,0.9564917681214393,13.56794306174666
fixed_schedule,4,205610001,4,1746918.5,22347.6,38646.0,1685924.9,129207.25,7881.75,0.942506328005894,13.520282337097957
fixed_schedule,4,206610001,4,1715196.75,22964.25,47736.5,1644495.9999999995,128156.5,8932.5,0.93484159925304,13.383611053672658
fixed_schedule,5,202610001,4,1768157.75,21064.199999999997,25366.5,1721727.0500000003,130562.25,6063.75,0.9556178911773747,13.542641536891406
fixed_schedule,5,203610001,4,1772941.25,20847.2,24714.0,1727380.0500000003,130638.75,5987.25,0.9561778138860831,13.571327420080182
fixed_schedule,5,204610001,4,1773259.75,20663.25,24483.0,1728113.5000000002,130686.0,5940.0,0.9565236485002855,13.56885779655051
fixed_schedule,5,205610001,4,1741975.5,22515.699999999997,37821.5,1681638.3000000003,128897.0,7729.0,0.9434295082927115,13.514476675174752
fixed_schedule,5,206610001,4,1740381.75,21667.05,32907.0,1685807.7,129720.25,6905.75,0.9494550817560348,13.416423033412284
no_reset,1,202610001,4,1735461.5,17202.85,20658.5,1697600.1500000001,132283.25,4768.75,0.9652048127717947,13.119283809552607
no_reset,1,203610001,4,1690306.5,15320.15,16810.5,1658175.8500000003,133494.75,3557.25,0.974044523246651,12.661969852747019
no_reset,1,204610001,4,1640335.75,13717.749999999998,12638.5,1613979.4999999995,134724.0,2328.0,0.9830137466071273,12.17552737448413
no_reset,1,205610001,4,1691881.75,15379.05,15880.5,1660622.2,133550.75,3501.25,0.9744531272801564,12.668455624547223
no_reset,1,206610001,4,1642117.25,13701.199999999999,12417.0,1615999.0500000005,134736.25,2315.75,0.9831031287394566,12.187642523819685
no_reset,2,202610001,4,1695216.75,15681.6,14190.0,1665345.1500000006,133521.75,3335.25,0.9756296718472566,12.696184329519348
no_reset,2,203610001,4,1683904.25,15123.049999999997,15422.0,1653359.1999999997,133552.5,3304.5,0.9758543589293934,12.608556560154247
no_reset,2,204610001,4,1675968.5,15395.099999999999,20545.5,1640027.9000000004,132998.75,3858.25,0.9718081647266855,12.601385351366083
no_reset,2,205610001,4,1732087.0,16823.2,20415.0,1694848.7999999993,132158.0,4699.0,0.9656648910907004,13.106183507619667
no_reset,2,206610001,4,1730547.5,17029.699999999997,20588.5,1692929.2999999996,132154.0,4703.0,0.9656356635027803,13.094930913933744
no_reset,3,202610001,4,1730916.25,17560.050000000003,19628.5,1693727.7,131914.25,4626.75,0.9661145736445463,13.121525915509507
no_reset,3,203610001,4,1677093.75,15558.349999999999,17567.5,1643967.9,132998.25,3542.75,0.9740535809756776,12.60989336325854
no_reset,3,204610001,4,1602744.5,15631.400000000001,33047.0,1554066.1,132197.5,4343.5,0.9681890421192169,12.123863915732143
no_reset,3,205610001,4,1687936.5,15897.0,15646.0,1656393.4999999998,133067.75,3473.25,0.974562585597,12.684790266612309
no_reset,3,206610001,4,1648047.75,14580.55,11443.5,1622023.7000000004,134186.75,2354.25,0.982757926190668,12.281747266402979
no_reset,4,202610001,4,1736691.5,16861.65,20552.0,1699277.8499999996,132353.0,4736.0,0.9654530998110716,13.121663279260765
no_reset,4,203610001,4,1729606.5,16451.55,18201.0,1694953.9499999995,132797.0,4292.0,0.9686918717037836,13.024439558122548
no_reset,4,204610001,4,1652328.5,13793.7,14707.5,1623827.3,134397.25,2691.75,0.9803649454004333,12.294362421850149
no_reset,4,205610001,4,1733979.25,16621.25,21063.5,1696294.5,132324.75,4764.25,0.9652470293021321,13.103967700675799
no_reset,4,206610001,4,1737261.0,16918.199999999997,19633.0,1700709.8000000003,132456.75,4632.25,0.9662099074323979,13.115684931119025
no_reset,5,202610001,4,1726244.25,17183.699999999997,19106.5,1689954.0499999998,132148.25,4477.75,0.9672262234128204,13.06293689095391
no_reset,5,203610001,4,1682426.75,15485.499999999998,16116.0,1650825.250000001,133200.0,3426.0,0.9749242457511749,12.630831456456457
no_reset,5,204610001,4,1590239.5,12367.949999999999,7136.5,1570735.05,135698.5,927.5,0.9932113946101034,11.7189173056445
no_reset,5,205610001,4,1723979.25,16980.5,21794.0,1685204.7500000002,131842.25,4783.75,0.9649865325779866,13.076075764787085
no_reset,5,206610001,4,1728892.75,17931.899999999998,19554.5,1691406.3499999992,132021.75,4604.25,0.9663003381494005,13.09551456483496
