baseline,path,seed,delta_total_revenue,delta_holding_cost,delta_lost_sales_cost,delta_total_profit,delta_total_sales,delta_total_final_lost,delta_fill_rate,holding_contribution,lost_contribution,volume_effect,mix_effect,profit_gain_percent
no_exploration,1,202610001,-4486.25,-2518.7499999999964,-15094.5,13126.999999999534,2435.5,-2435.5,0.01777062720719136,2518.7499999999964,15094.5,32696.701913792604,-37182.9519137926,0.7792438918219003
no_exploration,1,203610001,-8453.0,-958.0,-3845.5,-3649.5000000004657,731.5,-731.5,0.005337390187665991,958.0,3845.5,9260.854783442082,-17713.854783442082,-0.22070970006888083
no_exploration,1,204610001,1572.5,-82.79999999999745,-127.0,1782.3000000002794,2.5,-2.5,1.8241251495854094e-05,82.79999999999745,127.0,30.473688790473087,1542.026311209527,0.10987476231331282
no_exploration,1,205610001,68126.5,-529.5500000000011,-9160.0,77816.04999999981,670.25,-670.25,0.004890479526019398,529.5500000000011,9160.0,8173.126026180766,59953.37397381924,4.919915335478648
no_exploration,1,206610001,-5922.25,-2448.350000000002,-12440.5,8966.599999999395,2039.25,-2039.25,0.014879388845109864,2448.350000000002,12440.5,25375.667035057108,-31297.917035057108,0.5549511391286814
no_exploration,2,202610001,-13175.0,-2451.7999999999956,-17412.0,6688.799999999581,2880.25,-2880.25,0.02104569002681611,2451.7999999999956,17412.0,38676.279700018364,-51851.279700018364,0.39850935528532216
no_exploration,2,203610001,35846.5,3827.199999999997,15684.0,16335.299999999115,-2944.5,2944.5,-0.021515158157785264,-3827.199999999997,-15684.0,-36329.33269846904,72175.83269846905,1.008328417552463
no_exploration,2,204610001,71970.75,-1078.3499999999985,-10862.0,83911.09999999986,899.25,-899.25,0.006570727109318497,1078.3499999999985,10862.0,10950.549025848675,61020.200974151325,5.32848883884821
no_exploration,2,205610001,122317.0,1561.25,-3910.0,124665.75000000047,-785.75,785.75,-0.005741394302081759,-1561.25,3910.0,-9882.631958889198,132199.6319588892,7.75389370907157
no_exploration,2,206610001,71653.25,-423.34999999999854,-13670.5,85747.09999999893,1335.0,-1335.0,0.009754707468379364,423.34999999999854,13670.5,16961.400975831635,54691.84902416836,5.327114366700632
no_exploration,3,202610001,11503.5,-2641.100000000002,-15335.0,29479.59999999986,2273.25,-2273.25,0.016648845401747492,2641.100000000002,15335.0,30173.97611252881,-18670.47611252881,1.7736318137069222
no_exploration,3,203610001,130721.25,4618.85,10225.0,115877.4000000006,-3139.25,3139.25,-0.02299126269765117,-4618.85,-10225.0,-37132.44755611738,167853.69755611737,7.349493808746608
no_exploration,3,204610001,-7003.75,-1890.8500000000022,-5133.0,20.100000000558794,1049.25,-1049.25,0.007684505020470023,1890.8500000000022,5133.0,12949.789252675648,-19953.539252675648,0.0012472367655960472
no_exploration,3,205610001,68166.0,773.9500000000007,-10019.0,77411.04999999935,808.75,-808.75,0.005923129316468989,-773.9500000000007,10019.0,10172.608031827038,57993.39196817296,4.817852962068019
no_exploration,3,206610001,29305.75,-1252.7000000000007,-10271.0,40829.44999999995,1301.25,-1301.25,0.009530104510732995,1252.7000000000007,10271.0,16248.59993441152,13057.15006558848,2.540476043588633
no_exploration,4,202610001,38692.5,-986.3000000000029,-12111.0,51789.79999999935,1457.75,-1457.75,0.010633602987840107,986.3000000000029,12111.0,18964.927228017,19727.572771983,3.138193289881761
no_exploration,4,203610001,87937.75,3766.5499999999993,9517.0,74654.19999999972,-2530.25,2530.25,-0.018456987796249158,-3766.5499999999993,-9517.0,-31704.737416312277,119642.48741631227,4.521014829275264
no_exploration,4,204610001,39863.75,1432.4000000000015,4138.0,34293.35000000009,-1104.75,1104.75,-0.008058633442508234,-1432.4000000000015,-4138.0,-13469.42793902369,53333.17793902369,2.1124686987546206
no_exploration,4,205610001,33092.75,-1766.6499999999978,-13066.5,47925.90000000037,1701.5,-1701.5,0.012411644989751225,1766.6499999999978,13066.5,21384.938629792534,11707.811370207466,2.9695178903974706
no_exploration,4,206610001,40996.5,-120.35000000000218,-7161.5,48278.34999999916,645.25,-645.25,0.0047067963148028635,120.35000000000218,7161.5,8318.659430508938,32677.84056949106,2.9277226515024184
no_exploration,5,202610001,41622.0,-688.1500000000015,-10969.5,53279.65000000037,1244.5,-1244.5,0.00910880798676672,688.1500000000015,10969.5,16085.616846937311,25536.38315306269,3.250117655886066
no_exploration,5,203610001,30239.5,-903.8499999999985,-11149.5,42292.85000000009,1432.0,-1432.0,0.010481167566934513,903.8499999999985,11149.5,17879.256186097162,12360.243813902838,2.627050466810448
no_exploration,5,204610001,34424.25,1364.550000000001,3634.0,29425.700000001816,-979.25,979.25,-0.007167376634022893,-1364.550000000001,-3634.0,-11599.84882235834,46024.09882235834,1.85050524666298
no_exploration,5,205610001,32727.75,-1932.25,-13620.0,48279.9999999993,1805.75,-1805.75,0.013216737663402256,1932.25,13620.0,22707.190991113355,10020.559008886645,3.000584206535612
no_exploration,5,206610001,120334.25,3936.4500000000007,2974.5,113423.30000000028,-1946.5,1946.5,-0.014246922254914862,-3936.4500000000007,-2974.5,-23419.417638460804,143753.6676384608,7.1948578118106745
no_substitution,1,202610001,135455.0,6514.700000000003,16556.5,112383.79999999981,-4289.0,4289.0,-0.03129469106616467,-6514.700000000003,-16556.5,-50343.14960523158,185798.1496052316,7.089007433113541
no_substitution,1,203610001,77293.75,3734.6499999999996,9202.5,64356.60000000009,-2392.75,2392.75,-0.017458701806613575,-3734.6499999999996,-9202.5,-28094.71652204589,105388.46652204588,4.059012941720072
no_substitution,1,204610001,44957.75,2138.800000000003,5525.0,37293.950000000186,-1423.0,1423.0,-0.010382920351399538,-2138.800000000003,-5525.0,-16711.976319771937,61669.72631977194,2.3505460927050836
no_substitution,1,205610001,89081.5,4052.3499999999985,10660.0,74369.1500000006,-2769.0,2769.0,-0.02020401015672879,-4052.3499999999985,-10660.0,-32489.340598761148,121570.84059876115,4.691760522664476
no_substitution,1,206610001,47144.75,2415.6499999999996,5502.5,39226.59999999963,-1466.25,1466.25,-0.010698494002276626,-2415.6499999999996,-5502.5,-17206.563555712295,64351.313555712295,2.4741059656886653
no_substitution,2,202610001,123059.0,6804.35,16704.0,99550.6500000013,-4174.75,4174.75,-0.030504468167503407,-6804.35,-16704.0,-48989.55896331461,172048.5589633146,6.278448739465461
no_substitution,2,203610001,87025.25,7620.099999999995,27914.5,51490.64999999921,-5502.25,5502.25,-0.040204373908532376,-7620.099999999995,-27914.5,-64548.91003746911,151574.16003746912,3.2488627073442107
no_substitution,2,204610001,89113.0,4111.200000000001,10706.0,74295.79999999958,-2762.0,2762.0,-0.0201816494589242,-4111.200000000001,-10706.0,-32384.16905172098,121497.16905172098,4.6892698674941
no_substitution,2,205610001,176985.25,8242.849999999997,22106.0,146636.40000000084,-5611.5,5611.5,-0.04100265240360379,-8242.849999999997,-22106.0,-65832.76803351083,242818.01803351083,9.246771322626655
no_substitution,2,206610001,133320.75,6558.85,16663.5,110098.39999999921,-4247.75,4247.75,-0.031037871647047743,-6558.85,-16663.5,-49838.88235253686,183159.63235253686,6.945027980006683
no_substitution,3,202610001,135615.0,6741.249999999998,16769.5,112104.24999999953,-4299.25,4299.25,-0.031486879398861856,-6741.249999999998,-16769.5,-50389.02907628265,186004.02907628263,7.097545864884977
no_substitution,3,203610001,135143.0,6092.85,15577.5,113472.6499999999,-4061.25,4061.25,-0.029743813213613413,-6092.85,-15577.5,-47580.88389191473,182723.88389191474,7.18601301545472
no_substitution,3,204610001,44023.0,2428.249999999998,8633.5,32961.25,-1763.0,1763.0,-0.012911872624339904,-2428.249999999998,-8633.5,-20648.245015071887,64671.24501507189,2.0879769553351095
no_substitution,3,205610001,126766.75,6128.799999999999,14998.0,105639.94999999925,-3896.75,3896.75,-0.028539046879691887,-6128.799999999999,-14998.0,-45641.30448332874,172408.05448332874,6.692319514442927
no_substitution,3,206610001,83285.75,4334.699999999999,10562.0,68389.05000000005,-2678.75,2678.75,-0.019618649343420724,-4334.699999999999,-10562.0,-31408.0181440573,114693.7681440573,4.3295228592518065
no_substitution,4,202610001,138210.25,6724.499999999996,16689.5,114796.24999999977,-4326.75,4326.75,-0.03156161325854001,-6724.499999999996,-16689.5,-50754.04146092832,188964.29146092833,7.232171893425536
no_substitution,4,203610001,165445.25,7710.899999999998,19093.5,138640.8500000001,-5000.0,5000.0,-0.03647265644945985,-7710.899999999998,-19093.5,-58680.51690807106,224125.76690807106,8.734469227375921
no_substitution,4,204610001,85300.5,3869.5,9942.0,71489.00000000023,-2590.25,2590.25,-0.018894659673642678,-3869.5,-9942.0,-30375.787112632097,115676.2871126321,4.506985247124044
no_substitution,4,205610001,90506.25,4390.050000000001,10863.0,75253.19999999972,-2828.25,2828.25,-0.020630758120637083,-4390.050000000001,-10863.0,-33178.17694386169,123684.42694386169,4.743043991485303
no_substitution,4,206610001,134951.5,6943.450000000001,17144.5,110863.54999999935,-4371.75,4371.75,-0.03188986716658515,-6943.450000000001,-17144.5,-51282.6439304898,186234.1439304898,6.988277234600406
no_substitution,5,202610001,132831.5,6554.9,16702.5,109574.10000000033,-4229.25,4229.25,-0.030954942690263998,-6554.9,-16702.5,-49634.72707170656,182466.22707170655,6.921839050617226
no_substitution,5,203610001,82864.0,3937.350000000002,9975.5,68951.14999999921,-2526.5,2526.5,-0.018492087889567244,-3937.350000000002,-9975.5,-29651.52885113132,112515.52885113133,4.355065230620176
no_substitution,5,204610001,44368.0,2010.2500000000018,5527.5,36830.2500000014,-1400.5,1400.5,-0.010250611157466394,-2010.2500000000018,-5527.5,-16436.23387438794,60804.23387438794,2.3269937242676093
no_substitution,5,205610001,89383.25,4269.0,10787.5,74326.74999999907,-2762.25,2762.25,-0.020217601335031476,-4269.0,-10787.5,-32420.60857980833,121803.85857980832,4.695388882913787
no_substitution,5,206610001,132134.0,7097.250000000002,17178.5,107858.24999999977,-4351.0,4351.0,-0.03184606151098612,-7097.250000000002,-17178.5,-51047.733515721826,183181.73351572183,6.817778635474609
reset_all,1,202610001,39043.5,1396.900000000005,49.0,37597.599999999395,-516.0,516.0,-0.0037649943087294524,-1396.900000000005,-49.0,-6603.904656557453,45647.40465655745,2.26476408717461
reset_all,1,203610001,-28813.75,-1702.8499999999985,-6845.5,-20265.40000000084,1427.0,-1427.0,0.01041210635379275,1702.8499999999985,6845.5,18379.81951202958,-47193.56951202958,-1.2133913610156832
reset_all,1,204610001,-24346.25,-1910.0999999999985,-6435.0,-16001.149999999674,1342.25,-1342.25,0.009793727928085638,1910.0999999999985,6435.0,16785.51580496042,-41131.76580496042,-0.9757375893573995
reset_all,1,205610001,-23801.5,-1041.2500000000018,-4988.0,-17772.24999999907,1036.75,-1036.75,0.0075646469953010165,1041.2500000000018,4988.0,13395.68402094594,-37197.18402094594,-1.0596112053083244
reset_all,1,206610001,-24604.75,-2200.7999999999993,-8617.0,-13786.950000000885,1640.75,-1640.75,0.011971733356682113,2200.7999999999993,8617.0,20585.73552197926,-45190.48552197926,-0.8414375983293545
reset_all,2,202610001,59170.75,2833.9500000000007,4699.5,51637.30000000051,-1505.5,1505.5,-0.011000533403479729,-2833.9500000000007,-4699.5,-18738.522601082805,77909.2726010828,3.1611322991715465
reset_all,2,203610001,13614.0,2940.2999999999956,9863.0,810.6999999994878,-1777.5,1777.5,-0.012988009382055798,-2940.2999999999956,-9863.0,-22421.687031323912,36035.68703132391,0.04956705255330316
reset_all,2,204610001,9373.0,102.79999999999927,-1713.0,10983.19999999972,115.5,-115.5,0.0008439466011969099,-102.79999999999927,1713.0,1452.3834687611165,7920.616531238884,0.6665811126227376
reset_all,2,205610001,97854.0,4066.399999999998,8763.5,85024.1000000001,-2558.0,2558.0,-0.018691042474992092,-4066.399999999998,-8763.5,-32214.46489353726,130068.46489353725,5.161032598647032
reset_all,2,206610001,37181.75,1506.949999999997,1502.5,34172.29999999958,-700.25,700.25,-0.005116654610286653,-1506.949999999997,-1502.5,-8942.196466511225,46123.946466511225,2.0570730422769636
reset_all,3,202610001,57824.5,2287.3499999999985,935.5,54601.64999999921,-955.0,955.0,-0.006994236163496481,-2287.3499999999985,-935.5,-12034.654357050438,69859.15435705044,3.3355077621058973
reset_all,3,203610001,12979.25,-1400.8999999999978,-10204.5,24584.650000000373,1466.75,-1466.75,0.010742194652155757,1400.8999999999978,10204.5,19284.063981385214,-6304.813981385214,1.4739311613687947
reset_all,3,204610001,-17938.5,-1632.2500000000018,-6216.0,-10090.25,1160.75,-1160.75,0.008501109556836361,1632.2500000000018,6216.0,14433.218594658116,-32371.718594658116,-0.6222124271242501
reset_all,3,205610001,42581.0,1001.1999999999971,-3453.0,45032.799999999115,-151.5,151.5,-0.001109556836408121,-1001.1999999999971,3453.0,-1921.0572275671602,44502.05722756716,2.747355941086704
reset_all,3,206610001,13893.75,-166.09999999999854,-7307.0,21366.849999999395,821.5,-821.5,0.00601650786210739,166.09999999999854,7307.0,10316.391028699787,3577.358971300213,1.313573504765258
reset_all,4,202610001,64356.25,1895.8999999999978,539.0,61921.349999999395,-890.5,890.5,-0.006495780113648819,-1895.8999999999978,-539.0,-11209.248431929502,75565.4984319295,3.7752899127147472
reset_all,4,203610001,76727.25,3448.249999999998,7389.0,65890.00000000116,-2111.0,2111.0,-0.015398755552961996,-3448.249999999998,-7389.0,-26711.419181510104,103438.66918151011,3.969193301069227
reset_all,4,204610001,9893.5,-749.25,-4882.5,15525.250000000466,648.5,-648.5,0.004730503541494846,749.25,4882.5,8156.435890296403,1737.0641097035968,0.9454244628675201
reset_all,4,205610001,12198.5,433.0500000000011,-537.0,12302.450000000652,-80.0,80.0,-0.0005835625031913594,-433.0500000000011,537.0,-1004.5684287222217,13203.068428722221,0.7458054825913443
reset_all,4,206610001,44969.0,2581.4000000000015,5184.0,37203.59999999963,-1414.75,1414.75,-0.01031993814237464,-2581.4000000000015,-5184.0,-17915.86553834811,62884.86553834811,2.2410704244254744
reset_all,5,202610001,76968.0,3787.199999999999,8582.0,64598.79999999935,-2292.75,2292.75,-0.016781212946291424,-3787.199999999999,-8582.0,-28250.097174164857,105218.09717416485,3.9679965916364144
reset_all,5,203610001,-8766.25,-1698.699999999997,-10493.5,3425.9499999994878,1750.5,-1750.5,0.012812349040446258,1698.699999999997,10493.5,22426.27125066805,-31192.52125066805,0.2077887908319947
reset_all,5,204610001,-20420.0,-1725.449999999997,-6954.5,-11740.049999998882,1331.0,-1331.0,0.009741923206417424,1725.449999999997,6954.5,16586.58046167595,-37006.58046167595,-0.719670147274528
reset_all,5,205610001,6810.75,-2108.9000000000015,-13256.0,22175.649999998044,2039.75,-2039.75,0.0149294424194516,2108.9000000000015,13256.0,26097.827850484897,-19287.077850484897,1.3562057222129944
reset_all,5,206610001,53956.75,2290.600000000002,1510.0,50156.149999999674,-932.5,932.5,-0.006825201645367596,-2290.600000000002,-1510.0,-11771.440184687475,65728.19018468747,3.058830316811119
fixed_schedule,1,202610001,-772.5,-887.5,-5017.0,5131.999999999767,805.75,-805.75,0.005879155357090715,887.5,5017.0,10660.228440531117,-11432.728440531117,0.3032063480490879
fixed_schedule,1,203610001,-82283.75,-3694.449999999997,-10549.0,-68040.30000000098,2636.75,-2636.75,0.019239047952602006,3694.449999999997,10549.0,35347.18094582561,-117630.93094582562,-3.9606202918727336
fixed_schedule,1,204610001,-82459.75,-5207.649999999998,-16354.0,-60898.09999999963,3583.75,-3583.75,0.026148834019204314,5207.649999999998,16354.0,47165.24499702351,-129624.99499702352,-3.6145596989125997
fixed_schedule,1,205610001,-43952.25,-5429.699999999995,-22789.5,-15733.049999999814,4189.5,-4189.5,0.030568689256632586,5429.699999999995,22789.5,56101.67325234125,-100053.92325234125,-0.9391725488132419
fixed_schedule,1,206610001,-60339.25,-5119.1500000000015,-18292.5,-36927.60000000079,3641.5,-3641.5,0.02657020692875689,5119.1500000000015,18292.5,47374.819311241336,-107714.06931124133,-2.2223585667666588
fixed_schedule,2,202610001,-52116.25,-1439.0499999999993,-4811.5,-45865.69999999972,1310.5,-1310.5,0.009575688492367895,1439.0499999999993,4811.5,17776.337218606535,-69892.58721860654,-2.649650468401528
fixed_schedule,2,203610001,-57145.5,-2824.100000000002,-6830.5,-47490.90000000014,1740.75,-1740.75,0.012719480918038428,2824.100000000002,6830.5,23510.191171032864,-80655.69117103287,-2.8203527262611017
fixed_schedule,2,204610001,-87032.0,-4464.299999999999,-11088.5,-71479.19999999972,2806.25,-2806.25,0.020504979650291966,4464.299999999999,11088.5,38081.34983815709,-125113.3498381571,-4.131378258644439
fixed_schedule,2,205610001,33880.5,-2355.2000000000044,-13734.0,49969.69999999995,1829.75,-1829.75,0.013369794749263808,2355.2000000000044,13734.0,24734.4543184765,9146.045681523501,2.9700050865431478
fixed_schedule,2,206610001,-10206.75,-2797.7000000000044,-14809.0,7399.949999998789,2463.0,-2463.0,0.01799688726188642,2797.7000000000044,14809.0,33119.737374068405,-43326.487374068405,0.43839028634299504
fixed_schedule,3,202610001,-8162.75,-2184.0999999999985,-14334.0,8355.349999999627,2371.25,-2371.25,0.017366578536849753,2184.0999999999985,14334.0,31858.95319001588,-40021.703190015876,0.49638850162864906
fixed_schedule,3,203610001,-23948.0,-1904.949999999997,-3747.5,-18295.549999999814,922.25,-922.25,0.006754381467837578,1904.949999999997,3747.5,12334.653903796541,-36282.65390379654,-1.0693868900323285
fixed_schedule,3,204610001,-134652.0,-6047.4000000000015,-12377.5,-116227.1000000001,3683.25,-3683.25,0.02697541397821901,6047.4000000000015,12377.5,49973.53107886247,-184625.53107886246,-6.726846133575942
fixed_schedule,3,205610001,-19471.25,-4171.450000000004,-20326.0,5026.199999999488,3492.75,-3492.75,0.02558022864927023,4171.450000000004,20326.0,47227.06966988609,-66698.31966988608,0.29933198798107136
fixed_schedule,3,206610001,-87690.25,-4774.799999999999,-14414.0,-68501.45000000088,3328.75,-3328.75,0.024379124219098935,4774.799999999999,14414.0,45208.57345910293,-132898.82345910295,-3.9907902666511466
fixed_schedule,4,202610001,-4532.75,-2717.2000000000007,-15713.0,13897.44999999972,2572.5,-2572.5,0.01876518174324715,2717.2000000000007,15713.0,34612.48622325365,-39145.23622325365,0.8232117951051326
fixed_schedule,4,203610001,-10912.0,-425.5500000000029,-1762.5,-8723.949999999022,421.25,-421.25,0.0030728213058670573,425.5500000000029,1762.5,5714.701866124756,-16626.701866124757,-0.5029230697391245
fixed_schedule,4,204610001,-92228.0,-4550.5,-10985.0,-76692.49999999977,2856.0,-2856.0,0.02083318136393142,4550.5,10985.0,38750.045384348465,-130978.04538434846,-4.421938592754822
fixed_schedule,4,205610001,-54375.25,-6200.899999999998,-24104.0,-24070.349999999627,4529.0,-4529.0,0.03303693221192072,6200.899999999998,24104.0,61233.358704716644,-115608.60870471664,-1.4277237378722878
fixed_schedule,4,206610001,21613.75,-4252.049999999999,-26923.5,52789.299999999814,4027.25,-4027.25,0.02937690113721747,4252.049999999999,26923.5,53899.14761590321,-32285.39761590321,3.2100594954320245
fixed_schedule,5,202610001,-37109.75,-2124.3499999999985,-5852.5,-29132.90000000014,1388.5,-1388.5,0.010162780144335581,2124.3499999999985,5852.5,18803.957773973718,-55913.707773973714,-1.6920742460310496
fixed_schedule,5,203610001,-91717.25,-4495.200000000001,-12033.5,-75188.55000000051,3025.25,-3025.25,0.022142564372813367,4495.200000000001,12033.5,41056.65827759758,-132773.90827759757,-4.352750861051134
fixed_schedule,5,204610001,-130812.75,-6277.049999999999,-15992.0,-108543.69999999902,4082.75,-4082.75,0.029882672404959454,6277.049999999999,15992.0,55398.254168866595,-186211.0041688666,-6.281051562874719
fixed_schedule,5,205610001,-54361.0,-5944.199999999997,-24078.5,-24338.30000000121,4510.75,-4510.75,0.03301531187328899,5944.199999999997,24078.5,60960.42566254451,-115321.42566254451,-1.447296960351177
fixed_schedule,5,206610001,-10806.25,-2297.3499999999985,-12574.0,4065.0999999998603,2085.0,-2085.0,0.01526063853146542,2297.3499999999985,12574.0,27973.242024664614,-38779.492024664614,0.24113663735192692
no_reset,1,202610001,1499.0,1368.4500000000044,22.0,108.54999999981374,-131.5,131.5,-0.0009594898286782172,-1368.4500000000044,-22.0,-1725.1858209561678,3224.185820956168,0.006394320829897059
no_reset,1,203610001,-11223.5,545.8500000000004,-3473.5,-8295.850000000326,532.5,-532.5,0.003885386568601601,-545.8500000000004,3473.5,6742.498946587787,-17965.998946587788,-0.5002997721864254
no_reset,1,204610001,7157.25,444.4000000000033,-3209.5,9922.350000000792,306.5,-306.5,0.0022363774333828967,-444.4000000000033,3209.5,3731.799140279386,3425.450859720614,0.6147754664790225
no_reset,1,205610001,-1720.5,648.3999999999996,-1217.0,-1151.899999999674,137.0,-137.0,0.0009996205819688964,-648.3999999999996,1217.0,1735.5784205629695,-3456.0784205629698,-0.06936556671346884
no_reset,1,206610001,6396.75,627.3500000000004,-2944.0,8713.39999999851,257.5,-257.5,0.0018788489040655332,-627.3500000000004,2944.0,3138.317949883569,3258.432050116431,0.5391958615321282
no_reset,2,202610001,28415.25,3176.6499999999996,5440.0,19798.600000000093,-1300.25,1300.25,-0.009500792798322388,-3176.6499999999996,-5440.0,-16508.213674457533,44923.46367445753,1.1888586579184552
no_reset,2,203610001,3033.0,4454.749999999998,15564.5,-16986.25,-2675.75,2675.75,-0.019551429594394265,-4454.749999999998,-15564.5,-33737.34521583273,36770.34521583273,-1.0273780797300431
no_reset,2,204610001,12479.25,645.5,-6813.0,18646.749999999767,644.25,-644.25,0.00470746837940339,-645.5,6813.0,8118.4425126176,4360.8074873824,1.1369776087345687
no_reset,2,205610001,45503.25,3499.2499999999964,4404.5,37599.50000000093,-1336.0,1336.0,-0.009762014365359395,-3499.2499999999964,-4404.5,-17509.861166179875,63013.11116617988,2.2184574812809816
no_reset,2,206610001,3088.0,1519.1500000000015,-884.0,2452.8499999996275,-7.5,7.5,-5.480172735050637e-05,-1519.1500000000015,884.0,-98.21198185450308,3186.211981854503,0.1448879170559354
no_reset,3,202610001,-315.75,1524.1499999999942,304.5,-2144.4000000001397,-127.5,127.5,-0.0009337854563830073,-1524.1499999999942,-304.5,-1672.9945542274622,1357.2445542274622,-0.12660830899796582
no_reset,3,203610001,52528.75,2780.9000000000015,1166.5,48581.35000000056,-963.25,963.25,-0.007054657575380263,-2780.9000000000015,-1166.5,-12146.479782158787,64675.229782158785,2.955127651823406
no_reset,3,204610001,35254.5,-1020.0000000000036,-21242.0,57516.5,2137.25,-2137.25,0.015652807581605588,1020.0000000000036,21242.0,25911.728153898523,9342.771846101477,3.7010330512968523
no_reset,3,205610001,32776.75,2412.0999999999985,2593.0,27771.649999999674,-877.0,877.0,-0.006422979178415167,-2412.0999999999985,-2593.0,-11124.561063818994,43901.311063819,1.6766336018584762
no_reset,3,206610001,30448.75,2079.5499999999993,2406.0,25963.199999999255,-812.0,812.0,-0.005946931690847479,-2079.5499999999993,-2406.0,-9972.778780319219,40421.52878031922,1.6006671172560085
no_reset,4,202610001,3894.25,1567.5499999999956,-491.5,2818.200000000419,-78.25,78.25,-0.0005707970734339929,-1567.5499999999956,491.5,-1026.7701516021548,4921.020151602155,0.16584692138489418
no_reset,4,203610001,38544.5,3052.399999999998,4521.0,30971.10000000079,-1235.0,1235.0,-0.0090087461430165,-3052.399999999998,-4521.0,-16085.182854281347,54629.682854281345,1.8272531828962553
no_reset,4,204610001,34533.25,1791.7999999999993,-1102.5,33843.95000000042,-416.75,416.75,-0.0030399959150625433,-1791.7999999999993,1102.5,-5123.675539306049,39656.92553930605,2.0842087086477985
no_reset,4,205610001,-41436.0,-474.5499999999993,-6521.5,-34439.94999999972,1411.5,-1411.5,0.010296230915682547,474.5499999999993,6521.5,18496.25040950389,-59932.25040950389,-2.030304879252967
no_reset,4,206610001,-450.5,1794.0000000000036,1180.0,-3424.5000000009313,-273.0,273.0,-0.001991407042140403,-1794.0000000000036,-1180.0,-3580.581986195494,3130.081986195494,-0.20135710395747297
no_reset,5,202610001,4803.75,1756.1500000000015,407.5,2640.100000000326,-197.5,197.5,-0.0014455520911100805,-1756.1500000000015,-407.5,-2579.930035963397,7383.680035963397,0.15622318251791084
no_reset,5,203610001,-1202.75,866.5000000000018,-3435.5,1366.2499999988358,464.0,-464.0,0.0033961325077216387,-866.5000000000018,3435.5,5860.705795795796,-7063.455795795796,0.08276163694484531
no_reset,5,204610001,52207.5,2018.2500000000018,1354.5,48834.750000001164,-929.75,929.75,-0.0068050737048585,-2018.2500000000018,-1354.5,-10895.663364922973,63103.16336492298,3.109038026496013
no_reset,5,205610001,-36364.75,-409.0,-8051.0,-27904.750000001164,1565.5,-1565.5,0.011458287588013927,409.0,8051.0,20470.59660977418,-56835.34660977418,-1.6558670393019699
no_reset,5,206610001,682.75,1437.800000000003,778.5,-1533.549999999348,-216.5,216.5,-0.0015846178619003393,-1437.800000000003,-778.5,-2835.178903286769,3517.928903286769,-0.09066715399285032
