method,path,seed,product,stock_target,sales,primary_demand,leftover,lost,revenue,bias,mape_percent
full,1,202610001,P1,42.5375,40.759166666666665,161.65333333333334,1.7783333333333333,14.823333333333334,122277.5,-6.717422333333333,6.660449952957884
full,1,202610001,P2,288.4891666666667,254.93666666666667,151.87333333333333,33.5525,0.14416666666666667,1223696.0,19.927598999999997,14.401122787857023
full,1,202610001,P3,157.9625,144.81,143.31333333333333,13.1525,1.3666666666666667,390987.0,-5.742604666666668,4.58152596253725
full,1,203610001,P1,96.02166666666666,90.9825,161.65333333333334,5.039166666666667,8.629166666666666,272947.5,32.110555999999995,20.51859460278998
full,1,203610001,P2,239.18416666666667,212.16333333333333,151.87333333333333,27.020833333333332,0.305,1018384.0,-3.4865553333333326,8.344625725809413
full,1,203610001,P3,153.63,143.61166666666668,143.31333333333333,10.018333333333333,1.1483333333333334,387751.5,-13.933996,10.143356707535121
full,1,204610001,P1,125.89666666666666,119.2975,161.65333333333334,6.599166666666667,5.318333333333333,357892.5,1.8130123333333332,2.5206335307031167
full,1,204610001,P2,210.08333333333334,188.77583333333334,151.87333333333333,21.3075,0.4091666666666667,906124.0,12.599197333333333,9.172879041777394
full,1,204610001,P3,152.80583333333334,142.02833333333334,143.31333333333333,10.7775,1.0108333333333333,383476.5,-8.713709333333332,6.345141661983825
full,1,205610001,P1,87.45333333333333,82.59083333333334,161.65333333333334,4.8625,9.716666666666667,247772.5,8.180588666666665,7.893296523794731
full,1,205610001,P2,245.58166666666668,220.0925,151.87333333333333,25.489166666666666,0.25666666666666665,1056444.0,23.498232,16.493215952484697
full,1,205610001,P3,155.82,142.9425,143.31333333333333,12.8775,1.2408333333333332,385944.75,-23.330307,16.57793896126011
full,1,206610001,P1,124.94666666666667,118.29666666666667,161.65333333333334,6.65,5.465833333333333,354890.0,3.0965013333333333,4.764614462965429
full,1,206610001,P2,211.915,189.5625,151.87333333333333,22.3525,0.3358333333333333,909900.0,5.315119333333333,5.986056732616694
full,1,206610001,P3,151.93833333333333,142.12,143.31333333333333,9.818333333333333,1.0591666666666666,383724.0,-2.050713,2.255486464878672
full,2,202610001,P1,51.825833333333335,50.06916666666667,161.16,1.7566666666666666,13.698333333333334,150207.5,4.483184666666666,8.822189710498677
full,2,202610001,P2,283.63166666666666,246.96083333333334,151.81666666666666,36.670833333333334,0.03,1185412.0,11.009582666666669,9.906070085087027
full,2,202610001,P3,153.47333333333333,143.70833333333334,143.21333333333334,9.765,1.7233333333333334,388012.5,-4.192882333333333,3.5110867867177515
full,2,203610001,P1,107.68333333333334,100.17416666666666,161.16,7.509166666666666,8.271666666666667,300522.5,0.8689383333333335,5.028113524430835
full,2,203610001,P2,263.5283333333333,228.0925,151.81666666666666,35.435833333333335,0.056666666666666664,1094844.0,11.843439333333334,10.402592911824561
full,2,203610001,P3,116.12916666666666,107.98916666666666,143.21333333333334,8.14,11.605833333333333,291570.75,-8.070645333333333,6.14380591230311
full,2,204610001,P1,85.29583333333333,81.0625,161.16,4.233333333333333,9.7275,243187.5,13.18267,9.068473017233982
full,2,204610001,P2,244.9875,219.68666666666667,151.81666666666666,25.300833333333333,0.2375,1054496.0,10.804197666666667,8.459611416265652
full,2,204610001,P3,158.54166666666666,144.7275,143.21333333333334,13.814166666666667,0.7483333333333333,390764.25,-15.00727066666667,10.787153029374199
full,2,205610001,P1,2.225,2.1,161.16,0.125,19.1475,6300.0,6.127299000000001,9.488429659403245
full,2,205610001,P2,322.3491666666667,285.5058333333333,151.81666666666666,36.843333333333334,0.08166666666666667,1370428.0,19.239472999999997,14.105043050204696
full,2,205610001,P3,164.50333333333333,148.4675,143.21333333333334,16.035833333333333,0.8875,400862.25,-18.957908,13.48708056960409
full,2,206610001,P1,44.395,41.69833333333333,161.16,2.6966666666666668,14.4275,125095.0,1.3456153333333334,8.127664251690113
full,2,206610001,P2,286.5758333333333,253.24166666666667,151.81666666666666,33.33416666666667,0.08166666666666667,1215560.0,6.836273333333334,8.357215908177515
full,2,206610001,P3,158.01333333333332,145.54833333333335,143.21333333333334,12.465,1.1925,392980.5,-3.452243,3.3319765619412514
full,3,202610001,P1,42.21333333333333,40.42583333333334,160.99666666666667,1.7875,14.630833333333333,121277.5,-0.01776333333333279,9.23662862607435
full,3,202610001,P2,288.32166666666666,253.52,151.55666666666667,34.80166666666667,0.155,1216896.0,17.026617666666667,13.009758873949579
full,3,202610001,P3,158.4475,145.34333333333333,142.58333333333334,13.104166666666666,1.0616666666666668,392427.0,-10.064293,7.336488791826308
full,3,203610001,P1,45.10666666666667,42.4875,160.99666666666667,2.6191666666666666,14.191666666666666,127462.5,-10.399508,10.253959003091763
full,3,203610001,P2,282.4166666666667,251.69583333333333,151.55666666666667,30.720833333333335,0.1775,1208140.0,26.088232666666666,18.13150833929469
full,3,203610001,P3,161.43583333333333,145.93333333333334,142.58333333333334,15.5025,0.6508333333333334,394020.0,-11.002771666666668,7.954792540655599
full,3,204610001,P1,123.63666666666667,118.08416666666666,160.99666666666667,5.5525,5.275833333333333,354252.5,-11.299978333333332,7.590504565333807
full,3,204610001,P2,206.74666666666667,187.41,151.55666666666667,19.336666666666666,1.4441666666666666,899568.0,23.613791666666668,16.211635161882416
full,3,204610001,P3,158.36916666666667,142.28833333333333,142.58333333333334,16.080833333333334,0.6341666666666667,384178.5,-16.277119666666664,11.524951912303107
full,3,205610001,P1,50.615833333333335,48.74666666666667,160.99666666666667,1.8691666666666666,13.599166666666667,146240.0,15.691925666666666,11.378758629624699
full,3,205610001,P2,277.66333333333336,245.89166666666668,151.55666666666667,31.77166666666667,0.2475,1180280.0,9.272953333333334,9.051097126752698
full,3,205610001,P3,160.67833333333334,145.9975,142.58333333333334,14.680833333333334,0.6541666666666667,394193.25,-14.973102333333333,10.773215454235846
full,3,206610001,P1,91.07083333333334,85.88166666666666,160.99666666666667,5.189166666666667,9.18,257645.0,7.0279613333333355,8.69450172194855
full,3,206610001,P2,243.63083333333333,215.40916666666666,151.55666666666667,28.221666666666668,0.3,1033964.0,7.693658666666667,8.565373819371622
full,3,206610001,P3,154.12583333333333,143.29166666666666,142.58333333333334,10.834166666666667,1.0741666666666667,386887.5,-6.513474333333334,4.933342409535972
full,4,202610001,P1,39.656666666666666,38.735,161.22666666666666,0.9216666666666666,14.92,116205.0,-25.795716,15.868885830707555
full,4,202610001,P2,289.8183333333333,256.425,152.54,33.39333333333333,0.10583333333333333,1230840.0,30.872784,21.504982751131223
full,4,202610001,P3,159.51416666666665,145.75583333333333,143.19666666666666,13.758333333333333,1.0216666666666667,393540.75,-3.089441666666666,2.7908663439761594
full,4,203610001,P1,15.221666666666666,14.970833333333333,161.22666666666666,0.25083333333333335,17.545,44912.5,20.164095333333336,16.54039434920635
full,4,203610001,P2,312.3233333333333,276.00083333333333,152.54,36.3225,0.0725,1324804.0,12.901091333333333,14.326996038465529
full,4,203610001,P3,161.47916666666666,147.56833333333333,143.19666666666666,13.910833333333333,0.8058333333333333,398434.5,-22.576666,16.13255916645381
full,4,204610001,P1,90.68916666666667,86.06166666666667,161.22666666666666,4.6275,9.13,258185.0,-3.650488,5.959780840574564
full,4,204610001,P2,241.05833333333334,216.77083333333334,152.54,24.2875,0.36,1040500.0,25.857672333333333,17.761027776724365
full,4,204610001,P3,157.09083333333334,143.76916666666668,143.19666666666666,13.321666666666667,0.8716666666666667,388176.75,-15.130465000000001,10.820756514261388
full,4,205610001,P1,86.48666666666666,81.02,161.22666666666666,5.466666666666667,9.7775,243060.0,13.574110666666668,10.6513238437255
full,4,205610001,P2,248.11583333333334,221.24333333333334,152.54,26.8725,0.24333333333333335,1061968.0,-0.4209936666666677,7.944639975771506
full,4,205610001,P3,154.25833333333333,143.52416666666667,143.19666666666666,10.734166666666667,1.155,387515.25,-9.587834333333333,7.1562442051937
full,4,206610001,P1,42.17166666666667,40.5825,161.22666666666666,1.5891666666666666,14.6625,121747.5,2.3523793333333334,7.1102871741297955
full,4,206610001,P2,289.75083333333333,254.75333333333333,152.54,34.9975,0.14916666666666667,1222816.0,7.963299333333334,8.136863680847837
full,4,206610001,P3,157.065,145.27666666666667,143.19666666666666,11.788333333333334,1.5391666666666666,392247.0,-1.815733666666667,2.209000498935718
full,5,202610001,P1,43.815,42.02,160.91333333333333,1.795,14.425833333333333,126060.0,11.645236333333335,9.059441665202149
full,5,202610001,P2,287.845,252.8025,151.90333333333334,35.0425,0.09833333333333333,1213452.0,9.407589,8.711426090146599
full,5,202610001,P3,157.29166666666666,145.01333333333332,142.60333333333332,12.278333333333334,1.06,391536.0,-8.414848333333333,6.22228173520647
full,5,203610001,P1,90.25416666666666,86.33083333333333,160.91333333333333,3.9233333333333333,8.9475,258992.5,10.607925666666667,8.156979629314042
full,5,203610001,P2,243.5125,215.40416666666667,151.90333333333334,28.108333333333334,0.23083333333333333,1033940.0,9.014265333333332,7.596100098845235
full,5,203610001,P3,155.04333333333332,143.81166666666667,142.60333333333332,11.231666666666667,0.695,388291.5,-9.376804666666665,6.850489448275863
full,5,204610001,P1,127.70833333333333,119.84416666666667,160.91333333333333,7.864166666666667,5.0841666666666665,359532.5,4.770740666666668,4.450007649166408
full,5,204610001,P2,208.47666666666666,187.41666666666666,151.90333333333334,21.06,0.33166666666666667,899600.0,9.481971999999999,7.048344433463413
full,5,204610001,P3,152.57416666666666,141.96833333333333,142.60333333333332,10.605833333333333,0.775,383314.5,-12.511161,8.970176346530437
full,5,205610001,P1,84.20833333333333,80.36083333333333,160.91333333333333,3.8475,9.7375,241082.5,7.876865666666667,7.705017595792836
full,5,205610001,P2,248.04833333333335,220.39833333333334,151.90333333333334,27.65,0.23,1057912.0,13.820957666666667,10.779381125172577
full,5,205610001,P3,156.61416666666668,143.93333333333334,142.60333333333332,12.680833333333334,0.76,388620.0,-13.938134333333334,10.01435616517667
full,5,206610001,P1,44.19166666666667,41.96083333333333,160.91333333333333,2.2308333333333334,14.485833333333334,125882.5,13.611615666666669,12.474372488794213
full,5,206610001,P2,290.1308333333333,252.73333333333332,151.90333333333334,37.3975,0.08333333333333333,1213120.0,4.482343999999999,10.68523879037883
full,5,206610001,P3,154.635,144.65666666666667,142.60333333333332,9.978333333333333,1.5,390573.0,-3.019898,2.679181758194977
no_exploration,1,202610001,P1,57.63916666666667,51.125,161.65333333333334,6.514166666666667,13.9975,153375.0,1.7200180000000005,5.801811843607155
no_exploration,1,202610001,P2,303.595,266.03,151.87333333333333,37.565,0.1325,1276944.0,-1.0120326666666668,7.804985108158363
no_exploration,1,202610001,P3,126.4275,115.2325,143.31333333333333,11.195,10.3225,311127.75,5.705001,4.435020840357599
no_exploration,1,203610001,P1,87.17916666666666,82.56666666666666,161.65333333333334,4.6125,9.94,247700.0,0.6619160000000003,6.701041143271351
no_exploration,1,203610001,P2,249.67166666666665,220.52583333333334,151.87333333333333,29.145833333333332,0.5075,1058524.0,7.085172333333333,9.55864579634019
no_exploration,1,203610001,P3,151.89,141.22666666666666,143.31333333333333,10.663333333333334,2.0733333333333333,381312.0,-1.3613146666666667,1.982660939123031
no_exploration,1,204610001,P1,127.2575,119.99333333333334,161.65333333333334,7.264166666666667,5.203333333333333,359980.0,8.693654666666667,6.0011191847216665
no_exploration,1,204610001,P2,209.94,187.93833333333333,151.87333333333333,22.001666666666665,0.445,902104.0,-0.7876589999999996,6.662705382572402
no_exploration,1,204610001,P3,151.57833333333335,142.16166666666666,143.31333333333333,9.416666666666666,1.0983333333333334,383836.5,1.1455463333333331,1.3468747347807575
no_exploration,1,205610001,P1,171.3925,159.92666666666668,161.65333333333334,11.465833333333334,1.2525,479780.0,2.1694329999999997,2.201805081939082
no_exploration,1,205610001,P2,206.52166666666668,179.47583333333333,151.87333333333333,27.045833333333334,0.30666666666666664,861484.0,-11.652954,8.223334279154395
no_exploration,1,205610001,P3,109.84916666666666,103.98916666666666,143.31333333333333,5.86,11.889166666666666,280770.75,17.996625,12.777128516815663
no_exploration,1,206610001,P1,136.2325,125.6625,161.65333333333334,10.57,5.0975,376987.5,6.018301333333333,4.534059564372253
no_exploration,1,206610001,P2,226.46916666666667,200.07,151.87333333333333,26.399166666666666,0.3225,960336.0,-4.894586666666666,5.63844009949963
no_exploration,1,206610001,P3,125.84333333333333,117.44916666666667,143.31333333333333,8.394166666666667,8.238333333333333,317112.75,0.4608483333333339,2.851991733503619
no_exploration,2,202610001,P1,63.0325,55.19833333333333,161.16,7.8341666666666665,13.530833333333334,165595.0,-2.676027666666667,6.913543178893178
no_exploration,2,202610001,P2,302.3025,264.84583333333336,151.81666666666666,37.45666666666666,0.055,1271260.0,-3.063174999999999,7.26736571859513
no_exploration,2,202610001,P3,121.85333333333334,111.09333333333333,143.21333333333334,10.76,11.466666666666667,299952.0,7.039028,5.064552361856109
no_exploration,2,203610001,P1,128.16083333333333,120.6325,161.16,7.528333333333333,5.28,361897.5,13.539407333333331,9.31060200393497
no_exploration,2,203610001,P2,221.40666666666667,195.48083333333332,151.81666666666666,25.925833333333333,0.21333333333333335,938308.0,-6.419497333333334,7.990102215614452
no_exploration,2,203610001,P3,138.635,129.9575,143.21333333333334,8.6775,4.6258333333333335,350885.25,-0.49946000000000007,1.5007163337590466
no_exploration,2,204610001,P1,179.6475,165.4275,161.16,14.22,0.4716666666666667,496282.5,-7.138840666666668,5.068389960946167
no_exploration,2,204610001,P2,204.23083333333332,177.21666666666667,151.81666666666666,27.014166666666668,0.165,850640.0,-8.753907,6.538176125898794
no_exploration,2,204610001,P3,104.85833333333333,99.835,143.21333333333334,5.023333333333333,13.074166666666667,269554.5,23.258045666666668,17.474364389101744
no_exploration,2,205610001,P1,138.365,126.9075,161.16,11.4575,5.0616666666666665,380722.5,-1.5201250000000002,2.8685462608618466
no_exploration,2,205610001,P2,237.50166666666667,206.0625,151.81666666666666,31.439166666666665,0.22583333333333333,989100.0,-11.406452,7.660096856664033
no_exploration,2,205610001,P3,112.7875,105.7225,143.21333333333334,7.065,12.21,285450.75,12.904569,9.285420914431674
no_exploration,2,206610001,P1,140.51916666666668,127.97916666666667,161.16,12.54,5.1866666666666665,383937.5,4.9214400000000005,4.222455140431071
no_exploration,2,206610001,P2,244.16,212.51666666666668,151.81666666666666,31.643333333333334,0.17833333333333334,1020080.0,-6.567403333333333,6.523093920148115
no_exploration,2,206610001,P3,101.9425,95.5425,143.21333333333334,6.4,14.786666666666667,257964.75,1.0917679999999998,4.763860157513836
no_exploration,3,202610001,P1,74.88916666666667,66.90666666666667,160.99666666666667,7.9825,12.013333333333334,200720.0,13.490864666666669,11.33832552801077
no_exploration,3,202610001,P2,291.75416666666666,254.00166666666667,151.55666666666667,37.7525,0.25916666666666666,1219208.0,-9.999961333333333,9.553962314316038
no_exploration,3,202610001,P3,122.385,110.80333333333333,142.58333333333334,11.581666666666667,11.1525,299169.0,-1.7961060000000004,2.566763858663261
no_exploration,3,203610001,P1,174.915,161.48416666666665,160.99666666666667,13.430833333333334,0.3075,484452.5,-1.0637613333333333,1.8839832112013493
no_exploration,3,203610001,P2,178.04333333333332,158.99416666666667,151.55666666666667,19.049166666666668,0.41083333333333333,763172.0,0.23038500000000076,2.201981099188393
no_exploration,3,203610001,P3,135.7375,130.1025,142.58333333333334,5.635,3.8375,351276.75,0.8072106666666673,2.44115420945083
no_exploration,3,204610001,P1,134.61166666666668,123.16666666666667,160.99666666666667,11.445,5.016666666666667,369500.0,5.328636,5.12570863755381
no_exploration,3,204610001,P2,220.7325,194.51583333333335,151.55666666666667,26.216666666666665,0.3458333333333333,933676.0,-3.9863500000000007,5.77536190784234
no_exploration,3,204610001,P3,133.46166666666667,126.6025,142.58333333333334,6.859166666666667,5.489166666666667,341826.75,-1.848662333333333,3.2852897292464878
no_exploration,3,205610001,P1,138.21166666666667,126.355,160.99666666666667,11.856666666666667,5.151666666666666,379065.0,-8.059831333333333,5.535094985487951
no_exploration,3,205610001,P2,234.06416666666667,205.81083333333333,151.55666666666667,28.253333333333334,0.32916666666666666,987892.0,-12.063493,7.7048815776772255
no_exploration,3,205610001,P3,112.81333333333333,105.77416666666667,142.58333333333334,7.039166666666667,11.715833333333334,285590.25,18.78281266666667,13.496582407833122
no_exploration,3,206610001,P1,138.91833333333332,127.01833333333333,160.99666666666667,11.9,4.965833333333333,381055.0,2.101484333333333,4.142413538277194
no_exploration,3,206610001,P2,230.34833333333333,201.15416666666667,151.55666666666667,29.194166666666668,0.24583333333333332,965540.0,-1.5855656666666664,4.759309780922055
no_exploration,3,206610001,P3,119.01,112.0725,142.58333333333334,6.9375,9.68,302595.75,-0.17385133333333358,2.9348163541932735
no_exploration,4,202610001,P1,97.2975,88.65666666666667,161.22666666666666,8.640833333333333,9.4925,265970.0,-5.142691666666666,4.996519067382653
no_exploration,4,202610001,P2,270.4075,237.11583333333334,152.54,33.291666666666664,0.19583333333333333,1138156.0,-0.8098136666666677,6.783761556513203
no_exploration,4,202610001,P3,119.75333333333333,110.28416666666666,143.19666666666666,9.469166666666666,11.218333333333334,297767.25,7.144409666666667,5.291650175393784
no_exploration,4,203610001,P1,96.18166666666667,91.21916666666667,161.22666666666666,4.9625,8.5775,273657.5,8.125870666666666,7.518792648264028
no_exploration,4,203610001,P2,238.8425,212.38916666666665,152.54,26.453333333333333,0.30916666666666665,1019468.0,1.2292580000000002,6.815703721675566
no_exploration,4,203610001,P3,153.82666666666665,143.36583333333334,143.19666666666666,10.460833333333333,1.1025,387087.75,-0.8437769999999996,1.840971885057471
no_exploration,4,204610001,P1,126.5325,119.4,161.22666666666666,7.1325,5.199166666666667,358200.0,4.907490666666666,4.227923193449607
no_exploration,4,204610001,P2,210.02083333333334,188.29083333333332,152.54,21.73,0.47,903796.0,1.257876,3.786995696106363
no_exploration,4,204610001,P3,152.21583333333334,142.59333333333333,143.19666666666666,9.6225,1.01,385002.0,-0.25312833333333357,1.5551567577692635
no_exploration,4,205610001,P1,138.2125,126.9075,161.22666666666666,11.305,5.045,380722.5,-5.624193333333333,4.435930851314369
no_exploration,4,205610001,P2,235.76833333333335,206.22166666666666,152.54,29.546666666666667,0.25833333333333336,989864.0,-10.940567333333332,7.12928301635184
no_exploration,4,205610001,P3,114.0275,106.98666666666666,143.19666666666666,7.0408333333333335,11.544166666666667,288864.0,21.919781,15.604534144742443
no_exploration,4,206610001,P1,100.93333333333334,91.58833333333334,161.22666666666666,9.345,9.1525,274765.0,3.3970890000000007,5.673916401071022
no_exploration,4,206610001,P2,262.6458333333333,230.71,152.54,31.935833333333335,0.13583333333333333,1107408.0,1.1898776666666666,6.174163732002203
no_exploration,4,206610001,P3,124.88333333333334,116.16333333333333,143.19666666666666,8.72,9.213333333333333,313641.0,-1.7457569999999998,2.622628217113665
no_exploration,5,202610001,P1,103.37416666666667,94.8075,160.91333333333333,8.566666666666666,8.665,284422.5,-0.007862999999999828,5.500353710025296
no_exploration,5,202610001,P2,264.9375,230.775,151.90333333333334,34.1625,0.13666666666666666,1107720.0,7.348860666666666,8.243330309479918
no_exploration,5,202610001,P3,119.1375,110.105,142.60333333333332,9.0325,10.930833333333334,297283.5,-3.016507666666666,3.6160978535547046
no_exploration,5,203610001,P1,138.99583333333334,126.65583333333333,160.91333333333333,12.34,4.875,379967.5,-13.190748666666668,8.454273215609698
no_exploration,5,203610001,P2,226.34,201.38083333333333,151.90333333333334,24.95916666666667,0.3258333333333333,966628.0,7.920902999999998,7.078744624913213
no_exploration,5,203610001,P3,122.97333333333333,112.73666666666666,142.60333333333332,10.236666666666666,9.445833333333333,304389.0,5.529078,4.807397721583652
no_exploration,5,204610001,P1,160.46666666666667,150.095,160.91333333333333,10.371666666666666,1.4716666666666667,450285.0,-0.03783399999999972,3.0499631462595604
no_exploration,5,204610001,P2,180.55916666666667,162.50583333333333,151.90333333333334,18.053333333333335,0.3933333333333333,780028.0,6.362391000000001,6.586947126704815
no_exploration,5,204610001,P3,147.65166666666667,139.8925,142.60333333333332,7.759166666666666,1.0616666666666668,377709.75,-2.0609913333333334,2.4227654423158795
no_exploration,5,205610001,P1,136.73333333333332,126.03083333333333,160.91333333333333,10.7025,5.048333333333333,378092.5,2.1907710000000002,3.636219233243095
no_exploration,5,205610001,P2,237.42416666666668,206.02833333333334,151.90333333333334,31.395833333333332,0.20666666666666667,988936.0,-14.373772333333333,9.214295284461361
no_exploration,5,205610001,P3,113.63666666666667,106.61416666666666,142.60333333333332,7.0225,11.491666666666667,287858.25,17.952250333333335,12.802820188165176
no_exploration,5,206610001,P1,177.395,163.335,160.91333333333333,14.06,0.37166666666666665,490005.0,3.8240766666666666,2.742005954111747
no_exploration,5,206610001,P2,191.79166666666666,169.75,151.90333333333334,22.041666666666668,0.28,814800.0,0.8385013333333337,3.522601516675046
no_exploration,5,206610001,P3,119.28,112.75416666666666,142.60333333333332,6.525833333333333,8.929166666666667,304436.25,-4.994252333333333,4.013511142613877
no_substitution,1,202610001,P1,167.79166666666666,158.86916666666667,161.65333333333334,8.9225,0.5491666666666667,476607.5,1.5018406666666666,1.9294027651888348
no_substitution,1,202610001,P2,170.91,155.18,151.87333333333333,15.73,0.655,744864.0,6.393493666666666,5.18773701536227
no_substitution,1,202610001,P3,149.9975,140.75333333333333,143.31333333333333,9.244166666666667,0.8333333333333334,380034.0,1.2220863333333338,2.079206653895275
no_substitution,1,203610001,P1,166.96916666666667,158.3725,161.65333333333334,8.596666666666666,0.6541666666666667,475117.5,1.4521670000000004,1.625248316779834
no_substitution,1,203610001,P2,171.76333333333332,155.475,151.87333333333333,16.288333333333334,0.6125,746280.0,7.493618333333334,6.267155317117161
no_substitution,1,203610001,P3,149.92333333333335,140.88583333333332,143.31333333333333,9.0375,0.84,380391.75,2.1077646666666667,1.6854995010642828
no_substitution,1,204610001,P1,167.50166666666667,158.18,161.65333333333334,9.321666666666667,0.6233333333333333,474540.0,1.1579416666666664,1.7138837482802995
no_substitution,1,204610001,P2,171.315,155.71416666666667,151.87333333333333,15.600833333333334,0.5725,747428.0,6.933538000000001,5.857247713056733
no_substitution,1,204610001,P3,149.86583333333334,140.95083333333332,143.31333333333333,8.915,0.7991666666666667,380567.25,1.3688529999999994,1.213863861217539
no_substitution,1,205610001,P1,169.0275,159.1925,161.65333333333334,9.835,0.5316666666666666,477577.5,2.6569333333333343,1.987913952809953
no_substitution,1,205610001,P2,170.10916666666665,154.8625,151.87333333333333,15.246666666666666,0.6258333333333334,743340.0,5.659784000000001,5.670782142641673
no_substitution,1,205610001,P3,149.5375,140.80083333333334,143.31333333333333,8.736666666666666,0.8266666666666667,380162.25,1.2141956666666662,1.6172713324819077
no_substitution,1,206610001,P1,168.8775,159.01583333333335,161.65333333333334,9.861666666666666,0.5291666666666667,477047.5,2.931137666666666,2.1779300207695376
no_substitution,1,206610001,P2,169.815,155.01166666666666,151.87333333333333,14.803333333333333,0.6133333333333333,744056.0,5.644124666666666,5.7906365037867005
no_substitution,1,206610001,P3,149.9625,140.83916666666667,143.31333333333333,9.123333333333333,0.8308333333333333,380265.75,2.1136463333333326,1.780564657300979
no_substitution,2,202610001,P1,168.47666666666666,158.25083333333333,161.16,10.225833333333334,0.5208333333333334,474752.5,3.018692666666666,2.4445899290522046
no_substitution,2,202610001,P2,170.46416666666667,155.015,151.81666666666666,15.449166666666667,0.395,744072.0,6.7922606666666665,5.428876386794033
no_substitution,2,202610001,P3,149.71333333333334,141.38833333333332,143.21333333333334,8.325,0.62,381748.5,2.1954023333333335,1.8589429203916565
no_substitution,2,203610001,P1,167.72666666666666,158.26833333333335,161.16,9.458333333333334,0.535,474805.0,1.524908333333333,1.9133460989067885
no_substitution,2,203610001,P2,169.31083333333333,154.77166666666668,151.81666666666666,14.539166666666667,0.4375,742904.0,4.692722666666667,4.87328753408828
no_substitution,2,203610001,P3,151.6025,141.55666666666667,143.21333333333334,10.045833333333333,0.6208333333333333,382203.0,3.4002000000000008,2.381641170710941
no_substitution,2,204610001,P1,168.46166666666667,158.65,161.16,9.811666666666667,0.45416666666666666,475950.0,2.639988333333332,2.226980402609506
no_substitution,2,204610001,P2,168.88,154.33083333333335,151.81666666666666,14.549166666666666,0.4891666666666667,740788.0,4.238294666666666,4.001465651192671
no_substitution,2,204610001,P3,151.28666666666666,141.7025,143.21333333333334,9.584166666666667,0.5633333333333334,382596.75,3.268968333333333,2.54712220945083
no_substitution,2,205610001,P1,167.42416666666668,158.40083333333334,161.16,9.023333333333333,0.44416666666666665,475202.5,2.0246840000000006,2.387911455554076
no_substitution,2,205610001,P2,170.85833333333332,154.84916666666666,151.81666666666666,16.009166666666665,0.36583333333333334,743276.0,5.460613,5.012507128875481
no_substitution,2,205610001,P3,150.3575,141.52833333333334,143.21333333333334,8.829166666666667,0.6016666666666667,382126.5,2.5518623333333332,2.126354733929332
no_substitution,2,206610001,P1,168.125,158.10916666666665,161.16,10.015833333333333,0.48583333333333334,474327.5,2.545940666666666,2.452607700173079
no_substitution,2,206610001,P2,169.8625,154.92083333333332,151.81666666666666,14.941666666666666,0.4633333333333333,743620.0,5.36099,5.359192953897228
no_substitution,2,206610001,P3,150.65,141.6175,143.21333333333334,9.0325,0.5933333333333334,382367.25,2.9552266666666673,2.44722826905066
no_substitution,3,202610001,P1,170.34166666666667,159.56166666666667,160.99666666666667,10.78,0.32083333333333336,478685.0,2.372032333333333,2.3462480898238134
no_substitution,3,202610001,P2,168.74833333333333,153.49666666666667,151.55666666666667,15.251666666666667,0.5216666666666666,736784.0,3.554201333333333,2.908708346189757
no_substitution,3,202610001,P3,149.5725,140.56166666666667,142.58333333333334,9.010833333333334,0.6741666666666667,379516.5,-0.46186999999999995,1.459586961260111
no_substitution,3,203610001,P1,169.45333333333335,159.2825,160.99666666666667,10.170833333333333,0.355,477847.5,2.1224549999999995,2.356600488468764
no_substitution,3,203610001,P2,167.75916666666666,153.25166666666667,151.55666666666667,14.5075,0.5841666666666666,735608.0,3.0159953333333336,2.735128603509781
no_substitution,3,203610001,P3,151.46,141.12,142.58333333333334,10.34,0.5433333333333333,381024.0,1.8727190000000007,2.187119084716902
no_substitution,3,204610001,P1,171.83166666666668,159.88666666666666,160.99666666666667,11.945,0.2866666666666667,479660.0,4.0193053333333335,3.249548860781964
no_substitution,3,204610001,P2,166.92666666666668,152.91916666666665,151.55666666666667,14.0075,0.57,734012.0,1.7278669999999996,2.3548116834334865
no_substitution,3,204610001,P3,149.90833333333333,140.85333333333332,142.58333333333334,9.055,0.6208333333333333,380304.0,0.4299049999999992,1.530857685823755
no_substitution,3,205610001,P1,171.57333333333332,159.83333333333334,160.99666666666667,11.74,0.2833333333333333,479500.0,3.615134,2.831550738383703
no_substitution,3,205610001,P2,166.83833333333334,152.95666666666668,151.55666666666667,13.881666666666666,0.575,734192.0,1.0908306666666665,2.3851668723056174
no_substitution,3,205610001,P3,150.26166666666666,140.835,142.58333333333334,9.426666666666666,0.6533333333333333,380254.5,-0.042557999999999555,1.404965194550873
no_substitution,3,206610001,P1,170.85166666666666,159.58416666666668,160.99666666666667,11.2675,0.3275,478752.5,3.300788,2.4487347955147265
no_substitution,3,206610001,P2,168.59333333333333,153.74,151.55666666666667,14.853333333333333,0.4658333333333333,737952.0,3.4322426666666677,3.3644030750397023
no_substitution,3,206610001,P3,149.21,140.1875,142.58333333333334,9.0225,0.8316666666666667,378506.25,0.4442703333333325,1.7876248301404842
no_substitution,4,202610001,P1,168.73083333333332,158.98833333333334,161.22666666666666,9.7425,0.435,476965.0,0.8519530000000002,1.9078227974674182
no_substitution,4,202610001,P2,169.11916666666667,154.88833333333332,152.54,14.230833333333333,0.5891666666666666,743464.0,4.337014666666667,3.627765128524344
no_substitution,4,202610001,P3,150.81166666666667,141.46166666666667,143.19666666666666,9.35,0.6008333333333333,381946.5,1.6865880000000002,1.8544655734355042
no_substitution,4,203610001,P1,167.23583333333335,158.34,161.22666666666666,8.895833333333334,0.49916666666666665,475020.0,1.528694666666666,2.2692894770632694
no_substitution,4,203610001,P2,169.8975,155.3075,152.54,14.59,0.6383333333333333,745476.0,6.272011666666665,4.9539547456247455
no_substitution,4,203610001,P3,151.5475,141.55916666666667,143.19666666666666,9.988333333333333,0.6191666666666666,382209.75,3.5488790000000003,2.7243411230310777
no_substitution,4,204610001,P1,169.385,159.25583333333333,161.22666666666666,10.129166666666666,0.3958333333333333,477767.5,3.0476270000000016,2.418248174943417
no_substitution,4,204610001,P2,168.64416666666668,154.59416666666667,152.54,14.05,0.6591666666666667,742052.0,5.1851856666666665,4.272181233482568
no_substitution,4,204610001,P3,150.64,141.38583333333332,143.19666666666666,9.254166666666666,0.6725,381741.75,3.0033623333333335,2.2718017973605793
no_substitution,4,205610001,P1,168.68083333333334,158.7425,161.22666666666666,9.938333333333333,0.4533333333333333,476227.5,1.6243870000000002,2.179769564401841
no_substitution,4,205610001,P2,169.26166666666666,154.92083333333332,152.54,14.340833333333334,0.67,743620.0,4.172045666666666,3.8562919747659747
no_substitution,4,205610001,P3,150.725,141.55166666666668,143.19666666666666,9.173333333333334,0.625,382189.5,1.9286266666666665,2.177787172413793
no_substitution,4,206610001,P1,168.96916666666667,159.03166666666667,161.22666666666666,9.9375,0.44083333333333335,477095.0,1.7508589999999997,2.3292603796801723
no_substitution,4,206610001,P2,169.15416666666667,154.83333333333334,152.54,14.320833333333333,0.61,743200.0,4.795639333333334,4.09514964680345
no_substitution,4,206610001,P3,150.5625,141.32,143.19666666666666,9.2425,0.7275,381564.0,2.320310333333332,2.017783836526181
no_substitution,5,202610001,P1,168.13166666666666,158.5925,160.91333333333333,9.539166666666667,0.43583333333333335,475777.5,1.1524386666666668,1.7563712097516238
no_substitution,5,202610001,P2,171.25583333333333,154.77083333333334,151.90333333333334,16.485,0.3308333333333333,742900.0,6.406144333333334,4.906602901673489
no_substitution,5,202610001,P3,149.235,140.57,142.60333333333332,8.665,0.72,379539.0,-0.2199486666666661,1.8388519029374197
no_substitution,5,203610001,P1,166.71666666666667,158.295,160.91333333333333,8.421666666666667,0.4866666666666667,474885.0,1.8241866666666666,1.790664791254308
no_substitution,5,203610001,P2,171.57333333333332,154.83666666666667,151.90333333333334,16.736666666666668,0.32,743216.0,7.0759696666666665,5.506210554589927
no_substitution,5,203610001,P3,150.36583333333334,140.83666666666667,142.60333333333332,9.529166666666667,0.645,380259.0,2.5551580000000005,2.0341216134525335
no_substitution,5,204610001,P1,168.74583333333334,158.865,160.91333333333333,9.880833333333333,0.37833333333333335,476595.0,2.573356333333333,2.1655875172117924
no_substitution,5,204610001,P2,170.96,154.7125,151.90333333333334,16.2475,0.375,742620.0,6.510404333333333,4.953407467116761
no_substitution,5,204610001,P3,148.94583333333333,140.32,142.60333333333332,8.625833333333333,0.7691666666666667,378864.0,0.7296966666666674,2.101962269902086
no_substitution,5,205610001,P1,169.03833333333333,158.73166666666665,160.91333333333333,10.306666666666667,0.38916666666666666,476195.0,1.1844403333333338,1.7389355366203643
no_substitution,5,205610001,P2,170.43,154.80083333333334,151.90333333333334,15.629166666666666,0.3775,743044.0,5.413722333333332,4.790134987893733
no_substitution,5,205610001,P3,149.18833333333333,140.3675,142.60333333333332,8.820833333333333,0.7533333333333333,378992.25,-0.139207999999999,1.6756107807577691
no_substitution,5,206610001,P1,169.17666666666668,158.88583333333332,160.91333333333333,10.290833333333333,0.36666666666666664,476657.5,3.3124429999999996,2.434537251320286
no_substitution,5,206610001,P2,169.69666666666666,154.46166666666667,151.90333333333334,15.235,0.4633333333333333,741416.0,5.678018999999999,4.820604979705843
no_substitution,5,206610001,P3,149.795,140.50666666666666,142.60333333333332,9.288333333333334,0.7358333333333333,379368.0,1.8054566666666672,1.5461291119625376
reset_all,1,202610001,P1,85.115,79.24583333333334,161.65333333333334,5.869166666666667,10.345,237737.5,-2.9597549999999995,3.6767540181955356
reset_all,1,202610001,P2,255.4175,228.635,151.87333333333333,26.7825,0.44416666666666665,1097448.0,11.938982999999999,9.475657279194298
reset_all,1,202610001,P3,148.22833333333332,134.345,143.31333333333333,13.883333333333333,3.825,362731.5,-5.111298333333334,5.866316155810983
reset_all,1,203610001,P1,73.87166666666667,69.66083333333333,161.65333333333334,4.210833333333333,11.425,208982.5,-0.29430099999999965,4.7496220746164886
reset_all,1,203610001,P2,264.1508333333333,235.04583333333332,151.87333333333333,29.105,0.2725,1128220.0,10.731769666666668,9.213178523961151
reset_all,1,203610001,P3,150.89916666666667,137.29416666666665,143.31333333333333,13.605,3.1416666666666666,370694.25,-4.674485333333334,5.4766889655172415
reset_all,1,204610001,P1,103.89166666666667,98.33916666666667,161.65333333333334,5.5525,8.165833333333333,295017.5,-4.753734666666667,3.5975285479075128
reset_all,1,204610001,P2,235.8325,209.11583333333334,151.87333333333333,26.716666666666665,0.4841666666666667,1003756.0,10.887122333333334,9.001682852801519
reset_all,1,204610001,P3,148.79083333333332,138.1725,143.31333333333333,10.618333333333334,2.5625,373065.75,-1.045276333333334,4.2249244895700295
reset_all,1,205610001,P1,65.04666666666667,61.49,161.65333333333334,3.5566666666666666,12.2975,184470.0,-0.32826433333333344,3.5167029391559046
reset_all,1,205610001,P2,264.24,238.88416666666666,151.87333333333333,25.355833333333333,0.52,1146644.0,16.378452333333335,11.47864257498783
reset_all,1,205610001,P3,159.63666666666666,141.79583333333332,143.31333333333333,17.840833333333332,1.8525,382848.75,-13.177074333333334,10.133967279693486
reset_all,1,206610001,P1,108.24916666666667,101.835,161.65333333333334,6.414166666666667,7.735,305505.0,4.037919666666666,4.504627260196157
reset_all,1,206610001,P2,237.54666666666665,210.6625,151.87333333333333,26.884166666666665,0.4475,1011180.0,7.243224999999999,6.927125767706515
reset_all,1,206610001,P3,143.05833333333334,132.0125,143.31333333333333,11.045833333333333,4.1475,356433.75,-4.49629,5.776856062154107
reset_all,2,202610001,P1,114.55833333333334,107.735,161.16,6.823333333333333,6.725833333333333,323205.0,-0.7722700000000006,2.5683310117013565
reset_all,2,202610001,P2,230.03416666666666,204.09416666666667,151.81666666666666,25.94,0.155,979652.0,10.870728,7.9387228097392795
reset_all,2,202610001,P3,144.2025,133.9275,143.21333333333334,10.275,3.5525,361604.25,-4.976955666666666,4.56563982801192
reset_all,2,203610001,P1,111.255,103.395,161.16,7.86,7.448333333333333,310185.0,2.489861,3.666508122220744
reset_all,2,203610001,P2,239.3275,213.53166666666667,151.81666666666666,25.795833333333334,0.31333333333333335,1024952.0,5.312796333333334,5.458570898130193
reset_all,2,203610001,P3,136.73833333333334,125.25416666666666,143.21333333333334,11.484166666666667,6.2475,338186.25,-3.1111663333333337,3.725764313324819
reset_all,2,204610001,P1,95.94083333333333,90.7925,161.16,5.148333333333333,8.644166666666667,272377.5,0.12156266666666747,2.65254815494312
reset_all,2,204610001,P2,237.77666666666667,214.32833333333335,151.81666666666666,23.448333333333334,0.5458333333333333,1028776.0,10.762794999999999,7.952644685628096
reset_all,2,204610001,P3,155.12083333333334,139.97083333333333,143.21333333333334,15.15,1.9083333333333334,377921.25,-5.706577333333334,5.398879885057472
reset_all,2,205610001,P1,98.22416666666666,93.09416666666667,161.16,5.13,8.441666666666666,279282.5,-0.3053716666666681,3.557283138803829
reset_all,2,205610001,P2,239.84083333333334,214.94666666666666,151.81666666666666,24.894166666666667,0.21583333333333332,1031744.0,10.693437333333334,8.070236522971582
reset_all,2,205610001,P3,150.76416666666665,136.55916666666667,143.21333333333334,14.205,2.9325,368709.75,-3.1556296666666674,3.9423539787143462
reset_all,2,206610001,P1,83.81333333333333,78.52416666666667,161.16,5.289166666666667,10.284166666666666,235572.5,2.810552,3.338497870116422
reset_all,2,206610001,P2,254.13166666666666,227.27416666666667,151.81666666666666,26.8575,0.25916666666666666,1090916.0,9.535127666666666,7.791830779286073
reset_all,2,206610001,P3,150.94083333333333,137.02416666666667,143.21333333333334,13.916666666666666,2.8241666666666667,369965.25,-4.243823333333333,8.052978038314174
reset_all,3,202610001,P1,98.14833333333333,92.24916666666667,160.99666666666667,5.899166666666667,8.548333333333334,276747.5,-2.464062333333334,2.3879034557907657
reset_all,3,202610001,P2,238.42666666666668,214.48833333333334,151.55666666666667,23.938333333333333,1.1091666666666666,1029544.0,11.182398,7.825992111805405
reset_all,3,202610001,P3,152.31166666666667,135.735,142.58333333333334,16.576666666666668,3.006666666666667,366484.5,-8.601959333333333,6.795114053639847
reset_all,3,203610001,P1,72.9925,64.71583333333334,160.99666666666667,8.276666666666667,12.105,194147.5,-2.304178333333333,6.390172954481575
reset_all,3,203610001,P2,278.69166666666666,248.62583333333333,151.55666666666667,30.065833333333334,0.30416666666666664,1193404.0,12.397728333333335,10.335472116354232
reset_all,3,203610001,P3,137.3175,121.88583333333334,142.58333333333334,15.431666666666667,7.5,329091.75,-13.196865333333331,10.04249470327799
reset_all,3,204610001,P1,110.92666666666666,104.3825,160.99666666666667,6.5441666666666665,7.025,313147.5,1.9114969999999998,2.3669124605097713
reset_all,3,204610001,P2,225.99166666666667,202.88416666666666,151.55666666666667,23.1075,1.695,973844.0,8.104431,7.037023572968788
reset_all,3,204610001,P3,151.8975,136.64666666666668,142.58333333333334,15.250833333333333,2.5033333333333334,368946.0,-8.929604666666668,9.69929005959983
reset_all,3,205610001,P1,88.33333333333333,82.99333333333334,160.99666666666667,5.34,9.6475,248980.0,-0.19563433333333363,3.2800285999201173
reset_all,3,205610001,P2,244.9225,220.07333333333332,151.55666666666667,24.849166666666665,1.9066666666666667,1056352.0,8.660670666666668,6.302083243314422
reset_all,3,205610001,P3,155.63833333333332,138.07416666666666,142.58333333333334,17.564166666666665,2.441666666666667,372800.25,-7.304844,6.527536295444871
reset_all,3,206610001,P1,106.32,98.94583333333334,160.99666666666667,7.3741666666666665,7.876666666666667,296837.5,-3.9555849999999992,3.009821586680276
reset_all,3,206610001,P2,233.90333333333334,210.4475,151.55666666666667,23.455833333333334,1.63,1010148.0,11.957104000000001,9.078303454012945
reset_all,3,206610001,P3,148.32583333333332,132.45083333333332,142.58333333333334,15.875,3.785833333333333,357617.25,-10.585309,9.13786831332482
reset_all,4,202610001,P1,111.15666666666667,102.845,161.22666666666666,8.311666666666667,7.426666666666667,308535.0,-1.8833129999999993,2.9898788116688104
reset_all,4,202610001,P2,238.04416666666665,212.80416666666667,152.54,25.24,0.3625,1021460.0,9.202776666666667,7.3937199355981695
reset_all,4,202610001,P3,139.69833333333332,128.235,143.19666666666666,11.463333333333333,5.29,346234.5,-4.860499000000001,4.142022356747551
reset_all,4,203610001,P1,85.635,81.7175,161.22666666666666,3.9175,9.703333333333333,245152.5,0.12646433333333335,4.3148237260018645
reset_all,4,203610001,P2,246.3375,220.88166666666666,152.54,25.455833333333334,0.5491666666666667,1060232.0,9.418604666666667,7.162967719696425
reset_all,4,203610001,P3,156.94083333333333,142.9775,143.19666666666666,13.963333333333333,1.1341666666666668,386039.25,-4.727542333333333,5.2005468786717755
reset_all,4,204610001,P1,106.89666666666666,100.53833333333333,161.22666666666666,6.358333333333333,7.635833333333333,301615.0,0.5138310000000003,2.2669266563410697
reset_all,4,204610001,P2,237.8125,212.77083333333334,152.54,25.041666666666668,0.43916666666666665,1021300.0,6.594629333333333,5.827995507449702
reset_all,4,204610001,P3,144.16333333333333,131.13083333333333,143.19666666666666,13.0325,4.448333333333333,354053.25,-3.1264673333333333,5.84287747722435
reset_all,4,205610001,P1,100.13333333333334,94.43666666666667,161.22666666666666,5.696666666666666,8.2625,283310.0,3.282236,3.2261441967188857
reset_all,4,205610001,P2,237.06583333333333,213.175,152.54,23.890833333333333,0.3333333333333333,1023240.0,7.324901666666668,5.662413944360651
reset_all,4,205610001,P3,151.6775,138.4425,143.19666666666666,13.235,2.3133333333333335,373794.75,-5.500138333333333,6.225333582801191
reset_all,4,206610001,P1,86.9325,82.84833333333333,161.22666666666666,4.0841666666666665,9.636666666666667,248545.0,5.431950333333333,3.849332359324842
reset_all,4,206610001,P2,246.7825,221.23833333333334,152.54,25.544166666666666,0.39,1061944.0,8.779662333333333,6.570454526147781
reset_all,4,206610001,P3,155.165,141.24166666666667,143.19666666666666,13.923333333333334,1.6083333333333334,381352.5,-7.452595,6.859879511281397
reset_all,5,202610001,P1,116.02083333333333,110.655,160.91333333333333,5.365833333333334,6.245,331965.0,-0.8825413333333332,2.950882559771594
reset_all,5,202610001,P2,219.48166666666665,196.52,151.90333333333334,22.961666666666666,0.32,943296.0,9.550976,6.766200317492239
reset_all,5,202610001,P3,153.3,140.30333333333334,142.60333333333332,12.996666666666666,1.3766666666666667,378819.0,-3.575849333333333,3.4117885295870587
reset_all,5,203610001,P1,92.39916666666667,85.58916666666667,160.91333333333333,6.81,9.536666666666667,256767.5,-2.5120796666666667,4.436984973712629
reset_all,5,203610001,P2,254.59666666666666,227.18666666666667,151.90333333333334,27.41,0.5175,1090496.0,9.838562666666666,7.140969513291356
reset_all,5,203610001,P3,141.92083333333332,126.93583333333333,142.60333333333332,14.985,5.654166666666667,342726.75,-5.815127333333334,5.495494406130268
reset_all,5,204610001,P1,112.20666666666666,105.265,160.91333333333333,6.941666666666666,7.0,315795.0,1.373217666666667,3.276384698501457
reset_all,5,204610001,P2,229.11,204.9275,151.90333333333334,24.1825,0.43,983652.0,6.4467246666666655,5.944241663370762
reset_all,5,204610001,P3,147.50833333333333,134.6,142.60333333333332,12.908333333333333,3.1975,363420.0,-6.400045333333333,6.371623122179651
reset_all,5,205610001,P1,108.815,99.77583333333334,160.91333333333333,9.039166666666667,8.07,299327.5,3.9125669999999992,3.951168310241275
reset_all,5,205610001,P2,252.18916666666667,223.12333333333333,151.90333333333334,29.065833333333334,0.24416666666666667,1070992.0,13.112881666666667,9.283784877269428
reset_all,5,205610001,P3,127.53083333333333,114.99416666666667,142.60333333333332,12.536666666666667,9.2125,310484.25,-11.800512666666666,9.290203064282675
reset_all,5,206610001,P1,99.33666666666667,93.9175,160.91333333333333,5.4191666666666665,8.600833333333334,281752.5,-3.2504609999999996,3.2584204991198087
reset_all,5,206610001,P2,241.96333333333334,215.62083333333334,151.90333333333334,26.3425,0.545,1034980.0,14.722464333333331,10.722705389914369
reset_all,5,206610001,P3,147.5525,132.92083333333332,142.60333333333332,14.631666666666666,3.815,358886.25,-9.837602333333333,8.278070019582803
fixed_schedule,1,202610001,P1,49.344166666666666,45.165,161.65333333333334,4.179166666666666,14.4225,135495.0,18.871831,13.96244728640956
fixed_schedule,1,202610001,P2,293.3641666666667,258.12833333333333,151.87333333333333,35.23583333333333,0.09583333333333334,1239016.0,-8.349348666666666,10.891491175113922
fixed_schedule,1,202610001,P3,145.88,134.52666666666667,143.31333333333333,11.353333333333333,4.501666666666667,363222.0,0.6879019999999995,3.6922290310770545
fixed_schedule,1,203610001,P1,21.946666666666665,20.321666666666665,161.65333333333334,1.625,17.1,60965.0,10.743595666666666,10.076792093758783
fixed_schedule,1,203610001,P2,308.0758333333333,272.74083333333334,151.87333333333333,35.335,0.1475,1309156.0,7.778656333333333,8.898983901330332
fixed_schedule,1,203610001,P3,159.01333333333332,144.90583333333333,143.31333333333333,14.1075,1.6241666666666668,391245.75,-3.825343,3.456785612601107
fixed_schedule,1,204610001,P1,58.05583333333333,53.6875,161.65333333333334,4.368333333333333,13.364166666666666,161062.5,19.470090666666668,15.390376510303408
fixed_schedule,1,204610001,P2,287.12666666666667,252.77416666666667,151.87333333333333,34.3525,0.14166666666666666,1213316.0,0.7341596666666654,11.567417443111717
fixed_schedule,1,204610001,P3,143.79833333333335,131.69416666666666,143.31333333333333,12.104166666666666,5.178333333333334,355574.25,-8.985968333333334,6.8112515887611735
fixed_schedule,1,205610001,P1,66.67,59.424166666666665,161.65333333333334,7.245833333333334,13.2975,178272.5,7.447331000000001,7.6045254222991465
fixed_schedule,1,205610001,P2,301.1191666666667,262.2866666666667,151.87333333333333,38.8325,0.09083333333333334,1258976.0,-2.3223866666666675,9.69884005471362
fixed_schedule,1,205610001,P3,119.8625,109.95,143.31333333333333,9.9125,11.790833333333333,296865.0,6.709682666666666,5.752233862068968
fixed_schedule,1,206610001,P1,82.62833333333333,76.64833333333333,161.65333333333334,5.98,10.961666666666666,229945.0,-4.012570999999999,7.639653234781579
fixed_schedule,1,206610001,P2,275.22,239.85166666666666,151.87333333333333,35.36833333333333,0.12,1151288.0,8.254247,10.29552428379899
fixed_schedule,1,206610001,P3,130.67083333333332,121.34083333333334,143.31333333333333,9.33,7.9175,327620.25,6.294825666666667,4.902825444870157
fixed_schedule,2,202610001,P1,4.463333333333333,4.1925,161.16,0.2708333333333333,18.8675,12577.5,-10.187174333333335,10.530310799213009
fixed_schedule,2,202610001,P2,321.305,283.9483333333333,151.81666666666666,37.35666666666667,0.07166666666666667,1362952.0,9.60765,10.922057848516046
fixed_schedule,2,202610001,P3,163.31666666666666,148.22916666666666,143.21333333333334,15.0875,0.8808333333333334,400218.75,-1.1419566666666667,1.76022548829289
fixed_schedule,2,203610001,P1,55.49583333333333,48.9225,161.16,6.573333333333333,14.3,146767.5,-7.116594333333333,6.9134406689152215
fixed_schedule,2,203610001,P2,311.58166666666665,270.08666666666664,151.81666666666666,41.495,0.059166666666666666,1296416.0,-2.508269666666667,8.777940437341886
fixed_schedule,2,203610001,P3,121.45083333333334,111.44416666666666,143.21333333333334,10.006666666666666,11.3775,300899.25,5.56408,6.146276756917838
fixed_schedule,2,204610001,P1,4.8025,4.469166666666666,161.16,0.3333333333333333,18.884166666666665,13407.5,1.6770620000000005,12.05970020455924
fixed_schedule,2,204610001,P2,322.56083333333333,284.0991666666667,151.81666666666666,38.461666666666666,0.025,1363676.0,-0.019586333333334097,11.348077147294246
fixed_schedule,2,204610001,P3,161.72416666666666,147.55416666666667,143.21333333333334,14.17,1.1583333333333334,398396.25,-2.070780333333334,3.00507462409536
fixed_schedule,2,205610001,P1,55.42333333333333,48.795,161.16,6.628333333333333,14.468333333333334,146385.0,3.5533306666666666,8.73215381029305
fixed_schedule,2,205610001,P2,312.50083333333333,270.54333333333335,151.81666666666666,41.9575,0.03833333333333333,1298608.0,-8.947246,9.307623223044205
fixed_schedule,2,205610001,P3,120.85916666666667,110.63583333333334,143.21333333333334,10.223333333333333,11.709166666666667,298716.75,6.314595,4.5503387449978705
fixed_schedule,2,206610001,P1,54.56166666666667,48.221666666666664,161.16,6.34,14.275833333333333,144665.0,-7.579172,6.116521284811905
fixed_schedule,2,206610001,P2,306.1325,267.72583333333336,151.81666666666666,38.406666666666666,0.03166666666666667,1285084.0,8.718897666666667,7.655325718738777
fixed_schedule,2,206610001,P3,127.37666666666667,116.33083333333333,143.21333333333334,11.045833333333333,9.604166666666666,314093.25,-0.8282646666666665,2.4186937939548736
fixed_schedule,3,202610001,P1,54.08083333333333,47.8425,160.99666666666667,6.238333333333333,14.263333333333334,143527.5,10.330065,8.029580738590807
fixed_schedule,3,202610001,P2,304.5833333333333,266.51,151.55666666666667,38.07333333333333,0.06,1279248.0,-5.780568000000001,6.7897924119801765
fixed_schedule,3,202610001,P3,128.38583333333332,117.0325,142.58333333333334,11.353333333333333,9.428333333333333,315987.75,-9.582608,7.153050605363985
fixed_schedule,3,203610001,P1,20.666666666666668,20.219166666666666,160.99666666666667,0.4475,16.951666666666668,60657.5,-1.1180986666666664,11.617934606281159
fixed_schedule,3,203610001,P2,309.035,270.23333333333335,151.55666666666667,38.80166666666667,0.06916666666666667,1297120.0,7.781984666666667,10.415497193500762
fixed_schedule,3,203610001,P3,159.30083333333334,146.59,142.58333333333334,12.710833333333333,1.0733333333333333,395793.0,-6.890277999999999,5.147634005959983
fixed_schedule,3,204610001,P1,4.316666666666666,4.074166666666667,160.99666666666667,0.2425,18.779166666666665,12222.5,20.029246333333333,16.453802131096616
fixed_schedule,3,204610001,P2,321.8425,283.6025,151.55666666666667,38.24,0.09416666666666666,1361292.0,-13.165785333333332,11.2906969907986
fixed_schedule,3,204610001,P3,162.9125,147.82833333333335,142.58333333333334,15.084166666666667,0.7583333333333333,399136.5,-10.321971333333334,7.574286135376757
fixed_schedule,3,205610001,P1,56.485,49.115,160.99666666666667,7.37,14.333333333333334,147345.0,3.8778203333333323,7.43010662042338
fixed_schedule,3,205610001,P2,310.74083333333334,270.08,151.55666666666667,40.660833333333336,0.08916666666666667,1296384.0,-16.858658666666667,10.497553485264191
fixed_schedule,3,205610001,P3,120.43833333333333,109.79833333333333,142.58333333333334,10.64,11.720833333333333,296455.5,10.502628333333334,7.557658910174543
fixed_schedule,3,206610001,P1,5.541666666666667,5.200833333333334,160.99666666666667,0.3408333333333333,19.0725,15602.5,-2.051600000000001,8.703193465613397
fixed_schedule,3,206610001,P2,322.6616666666667,282.9583333333333,151.55666666666667,39.70333333333333,0.6141666666666666,1358200.0,12.450073333333334,11.438064133496134
fixed_schedule,3,206610001,P3,160.85166666666666,145.3275,142.58333333333334,15.524166666666666,1.9633333333333334,392384.25,-11.841906999999999,8.749403739463602
fixed_schedule,4,202610001,P1,54.4175,48.0925,161.22666666666666,6.325,14.313333333333333,144277.5,4.213602666666667,11.558546796224798
fixed_schedule,4,202610001,P2,307.8833333333333,268.27166666666665,152.54,39.611666666666665,0.034166666666666665,1287704.0,-7.502519666666667,10.60227493515925
fixed_schedule,4,202610001,P3,124.68333333333334,115.97666666666667,143.19666666666666,8.706666666666667,10.275,313137.0,0.19544166666666607,2.58327705406556
fixed_schedule,4,203610001,P1,5.3525,5.03,161.22666666666666,0.3225,18.83,15090.0,-11.925394333333333,9.488208879332536
fixed_schedule,4,203610001,P2,320.6433333333333,284.4225,152.54,36.22083333333333,0.0775,1365228.0,10.338604333333333,9.600952458218615
fixed_schedule,4,203610001,P3,163.08333333333334,147.68333333333334,143.19666666666666,15.4,0.92,398745.0,0.11041399999999915,1.1892852805449134
fixed_schedule,4,204610001,P1,4.740833333333334,4.51,161.22666666666666,0.23083333333333333,18.793333333333333,13530.0,-3.0062436666666663,9.146615899939349
fixed_schedule,4,204610001,P2,322.37916666666666,284.57916666666665,152.54,37.8,0.06583333333333333,1365980.0,10.030268666666668,9.944209726639375
fixed_schedule,4,204610001,P3,161.96166666666667,147.9925,143.19666666666666,13.969166666666666,1.0225,399579.75,-8.874376333333332,6.563614009365688
fixed_schedule,4,205610001,P1,55.638333333333335,49.03333333333333,161.22666666666666,6.605,14.4625,147100.0,10.133108666666667,9.341632134942822
fixed_schedule,4,205610001,P2,312.55833333333334,271.11583333333334,152.54,41.4425,0.0275,1301356.0,-18.148309666666663,12.328158605313348
fixed_schedule,4,205610001,P3,120.40916666666666,110.54166666666667,143.19666666666666,9.8675,11.7825,298462.5,15.322674666666666,11.003299548744149
fixed_schedule,4,206610001,P1,103.16,92.13666666666667,161.22666666666666,11.023333333333333,9.839166666666667,276410.0,-3.425694,5.33515189254279
fixed_schedule,4,206610001,P2,295.9683333333333,254.35583333333332,152.54,41.6125,0.0375,1220908.0,-2.462622000000001,7.640515972962403
fixed_schedule,4,206610001,P3,87.9625,80.69583333333334,143.19666666666666,7.266666666666667,19.898333333333333,217878.75,7.0233206666666685,6.450581232013623
fixed_schedule,5,202610001,P1,9.376666666666667,8.661666666666667,160.91333333333333,0.715,18.411666666666665,25985.0,12.041994999999998,13.031240572759954
fixed_schedule,5,202610001,P2,322.1,281.19,151.90333333333334,40.91,0.025833333333333333,1349712.0,-10.699514666666667,11.225950622199875
fixed_schedule,5,202610001,P3,157.58083333333335,145.35583333333332,142.60333333333332,12.225,1.775,392460.75,-0.977939999999999,1.6342891025968493
fixed_schedule,5,203610001,P1,4.793333333333333,4.514166666666667,160.91333333333333,0.2791666666666667,18.835833333333333,13542.5,-1.7524853333333337,10.094815108389177
fixed_schedule,5,203610001,P2,323.43833333333333,283.7325,151.90333333333334,39.70583333333333,0.07666666666666666,1361916.0,1.6502970000000006,10.11062608655542
fixed_schedule,5,203610001,P3,160.83916666666667,147.21583333333334,142.60333333333332,13.623333333333333,1.045,397482.75,-4.16338,3.256569168156662
fixed_schedule,5,204610001,P1,4.670833333333333,4.403333333333333,160.91333333333333,0.2675,18.78,13210.0,-7.798911666666666,8.50859633204633
fixed_schedule,5,204610001,P2,322.2683333333333,283.6975,151.90333333333334,38.57083333333333,0.0925,1361748.0,11.929293333333334,10.071940595449577
fixed_schedule,5,204610001,P3,162.13,147.51916666666668,142.60333333333332,14.610833333333334,0.9275,398301.75,-6.168722666666667,4.692518774797787
fixed_schedule,5,205610001,P1,54.97,48.74166666666667,160.91333333333333,6.2283333333333335,14.375833333333333,146225.0,6.044853,8.61190690838622
fixed_schedule,5,205610001,P2,311.68083333333334,270.1333333333333,151.90333333333334,41.5475,0.060833333333333336,1296640.0,-14.331470666666668,10.409130750189535
fixed_schedule,5,205610001,P3,121.43916666666667,110.78166666666667,142.60333333333332,10.6575,11.326666666666666,299110.5,13.134554333333332,9.411842477650065
fixed_schedule,5,206610001,P1,54.35,47.62416666666667,160.91333333333333,6.725833333333333,14.2825,142872.5,2.168796,7.201831046553944
fixed_schedule,5,206610001,P2,305.17083333333335,266.0058333333333,151.90333333333334,39.165,0.035,1276828.0,-0.1673709999999998,7.524720286320795
fixed_schedule,5,206610001,P3,129.4375,118.77083333333333,142.60333333333332,10.666666666666666,8.701666666666666,320681.25,-3.317967666666667,2.975272584929757
no_reset,1,202610001,P1,40.964166666666664,39.465,161.65333333333334,1.4991666666666668,14.758333333333333,118395.0,-11.629461,8.013854785129958
no_reset,1,202610001,P2,277.1116666666667,253.84416666666667,151.87333333333333,23.2675,0.7508333333333334,1218452.0,14.871056333333332,12.900333522005953
no_reset,1,202610001,P3,170.90416666666667,147.635,143.31333333333333,23.269166666666667,0.38666666666666666,398614.5,-0.007783000000000584,4.2596224291187745
no_reset,1,203610001,P1,79.8825,76.76083333333334,161.65333333333334,3.1216666666666666,10.211666666666666,230282.5,11.341620333333333,11.026573445820205
no_reset,1,203610001,P2,239.85416666666666,221.82166666666666,151.87333333333333,18.0325,1.3283333333333334,1064744.0,-2.7352803333333333,10.765812998076724
no_reset,1,203610001,P3,169.1,146.4,143.31333333333333,22.7,0.3175,395280.0,-7.409337333333334,5.182978832694764
no_reset,1,204610001,P1,124.36916666666667,117.07166666666667,161.65333333333334,7.2975,5.634166666666666,351215.0,-3.6251443333333335,8.64082299403837
no_reset,1,204610001,P2,202.17833333333334,186.99916666666667,151.87333333333333,15.179166666666667,1.7091666666666667,897596.0,3.537065000000001,11.666345040931473
no_reset,1,204610001,P3,162.18666666666667,145.00916666666666,143.31333333333333,17.1775,0.4166666666666667,391524.75,-5.113047333333334,4.2595885261813535
no_reset,1,205610001,P1,80.06833333333333,77.35083333333333,161.65333333333334,2.7175,10.286666666666667,232052.5,-0.7859609999999998,9.15144738854125
no_reset,1,205610001,P2,241.30833333333334,222.2475,151.87333333333333,19.060833333333335,0.8708333333333333,1066788.0,13.408233333333333,13.167813427757427
no_reset,1,205610001,P3,167.43166666666667,145.57083333333333,143.31333333333333,21.860833333333332,0.5133333333333333,393041.25,-11.168266333333333,7.778827634738186
no_reset,1,206610001,P1,122.98416666666667,116.41833333333334,161.65333333333334,6.565833333333333,5.684166666666667,349255.0,2.015451333333333,9.655984426929393
no_reset,1,206610001,P2,203.05666666666667,187.88833333333332,151.87333333333333,15.168333333333333,1.6108333333333333,901864.0,-3.456070333333333,10.533197878921369
no_reset,1,206610001,P3,162.68333333333334,144.81416666666667,143.31333333333333,17.86916666666667,0.4241666666666667,390998.25,3.0511746666666664,3.900154396764581
no_reset,2,202610001,P1,77.48416666666667,75.0575,161.16,2.4266666666666667,10.4275,225172.5,-7.179470000000001,8.2767244726993
no_reset,2,202610001,P2,245.5175,224.2875,151.81666666666666,21.23,0.3625,1076580.0,10.357901333333333,11.996967071815623
no_reset,2,202610001,P3,165.85083333333333,145.7275,143.21333333333334,20.123333333333335,0.3275,393464.25,-0.7642203333333336,3.4240201856108987
no_reset,2,203610001,P1,84.215,80.59083333333334,161.16,3.6241666666666665,9.663333333333334,241772.5,0.776519666666667,9.14579763428453
no_reset,2,203610001,P2,234.96833333333333,217.97833333333332,151.81666666666666,16.99,1.1608333333333334,1046296.0,3.9691,11.099816380393754
no_reset,2,203610001,P3,169.60583333333332,146.60583333333332,143.21333333333334,23.0,0.19083333333333333,395835.75,-5.932715999999999,4.774596314176245
no_reset,2,204610001,P1,84.35833333333333,80.06083333333333,161.16,4.2975,9.888333333333334,240182.5,2.265104999999999,9.317285800204147
no_reset,2,204610001,P2,231.21166666666667,216.64833333333334,151.81666666666666,14.563333333333333,2.7741666666666664,1039912.0,5.4989083333333335,11.855507043948062
no_reset,2,204610001,P3,173.25083333333333,146.62,143.21333333333334,26.63083333333333,0.19833333333333333,395874.0,-3.589965666666666,4.384014846317582
no_reset,2,205610001,P1,41.471666666666664,39.76166666666666,161.16,1.71,14.683333333333334,119285.0,1.9778819999999997,9.28743259849998
no_reset,2,205610001,P2,271.8208333333333,252.73166666666665,151.81666666666666,19.089166666666667,0.8591666666666666,1213112.0,8.341680333333334,11.951380632239218
no_reset,2,205610001,P3,175.67583333333334,148.03333333333333,143.21333333333334,27.6425,0.12083333333333333,399690.0,-10.862972999999998,7.65642121924223
no_reset,2,206610001,P1,43.141666666666666,40.77583333333333,161.16,2.3658333333333332,14.529166666666667,122327.5,4.431747333333333,9.968381957602922
no_reset,2,206610001,P2,272.6558333333333,251.87083333333334,151.81666666666666,20.785,0.9066666666666666,1208980.0,-4.0501433333333345,10.69718033405955
no_reset,2,206610001,P3,173.1675,147.86666666666667,143.21333333333334,25.300833333333333,0.24083333333333334,399240.0,1.810797333333333,4.101587590464028
no_reset,3,202610001,P1,40.810833333333335,39.38,160.99666666666667,1.4308333333333334,14.661666666666667,118140.0,-4.513981,8.323186160268643
no_reset,3,202610001,P2,276.4925,253.27333333333334,151.55666666666667,23.219166666666666,0.5541666666666667,1215712.0,11.360364666666666,12.107901796707287
no_reset,3,202610001,P3,171.65666666666667,147.06083333333333,142.58333333333334,24.595833333333335,0.20666666666666667,397064.25,-1.4516733333333336,3.998718045125585
no_reset,3,203610001,P1,84.32666666666667,79.93,160.99666666666667,4.3966666666666665,9.79,239790.0,-0.139976333333333,9.177902509208716
no_reset,3,203610001,P2,233.13916666666665,217.205,151.55666666666667,15.934166666666666,1.8208333333333333,1042584.0,8.417148333333333,12.28141410151069
no_reset,3,203610001,P3,171.34916666666666,146.1925,142.58333333333334,25.156666666666666,0.19833333333333333,394719.75,-3.0069873333333335,4.464978742443593
no_reset,3,204610001,P1,122.63333333333334,116.38166666666666,160.99666666666667,6.251666666666667,5.5616666666666665,349145.0,-5.410070999999999,8.151469304812203
no_reset,3,204610001,P2,190.12416666666667,180.025,151.55666666666667,10.099166666666667,8.6025,864120.0,5.590147666666667,11.76871020362789
no_reset,3,204610001,P3,175.96583333333334,144.25166666666667,142.58333333333334,31.714166666666667,0.31416666666666665,389479.5,-9.400791,6.562355114516814
no_reset,3,205610001,P1,77.18916666666667,74.88666666666667,160.99666666666667,2.3025,10.4575,224660.0,-0.734028333333334,9.020876333022677
no_reset,3,205610001,P2,241.99916666666667,222.79083333333332,151.55666666666667,19.208333333333332,0.9008333333333334,1069396.0,6.422087333333333,11.75759037260488
no_reset,3,205610001,P3,169.6775,145.88166666666666,142.58333333333334,23.795833333333334,0.21916666666666668,393880.5,-5.800631,4.590955428693061
no_reset,3,206610001,P1,114.01416666666667,108.95666666666666,160.99666666666667,5.0575,6.463333333333333,326870.0,-4.047415333333333,8.487039719433719
no_reset,3,206610001,P2,211.99416666666667,194.13333333333333,151.55666666666667,17.860833333333332,0.9966666666666667,931840.0,5.632274666666667,11.443185295075295
no_reset,3,206610001,P3,162.73833333333334,144.19916666666666,142.58333333333334,18.539166666666667,0.3875,389337.75,-2.6085756666666664,4.494358825883354
no_reset,4,202610001,P1,40.61,39.32,161.22666666666666,1.29,14.723333333333333,117960.0,-14.329361666666667,8.940259541945887
no_reset,4,202610001,P2,275.205,254.15166666666667,152.54,21.053333333333335,0.8083333333333333,1219928.0,9.724908999999998,12.57137558663123
no_reset,4,202610001,P3,173.14583333333334,147.705,143.19666666666666,25.440833333333334,0.255,398803.5,-1.337898666666666,4.085832215410813
no_reset,4,203610001,P1,48.60333333333333,48.18083333333333,161.22666666666666,0.4225,13.516666666666667,144542.5,1.9766003333333333,9.498642248701904
no_reset,4,203610001,P2,269.16583333333335,247.60916666666665,152.54,21.55666666666667,0.4658333333333333,1188524.0,15.560987333333333,13.937886161459456
no_reset,4,203610001,P3,171.10333333333332,146.86666666666667,143.19666666666666,24.236666666666668,0.32416666666666666,396540.0,-10.021259333333333,6.961405530012771
no_reset,4,204610001,P1,112.175,107.99166666666666,161.22666666666666,4.183333333333334,6.508333333333334,323975.0,-9.694658333333333,8.279703136614447
no_reset,4,204610001,P2,208.44666666666666,195.4075,152.54,13.039166666666667,2.0516666666666667,937956.0,10.845259666666667,12.692941617132325
no_reset,4,204610001,P3,168.1325,144.59166666666667,143.19666666666666,23.54083333333333,0.4125,390397.5,-7.3044616666666675,5.19565011238825
no_reset,4,205610001,P1,42.82833333333333,40.483333333333334,161.22666666666666,2.345,14.573333333333334,121450.0,3.8711609999999994,10.067492954511161
no_reset,4,205610001,P2,271.6358333333333,252.815,152.54,18.820833333333333,1.0183333333333333,1213512.0,9.224707,12.507443695962717
no_reset,4,205610001,P3,174.49416666666667,147.78416666666666,143.19666666666666,26.71,0.2891666666666667,399017.25,-16.653302333333333,11.681644443593017
no_reset,4,206610001,P1,42.295,40.25833333333333,161.22666666666666,2.0366666666666666,14.595833333333333,120775.0,1.9867623333333324,9.664983591177382
no_reset,4,206610001,P2,276.22083333333336,253.84416666666667,152.54,22.376666666666665,0.4975,1218452.0,1.3817123333333332,10.481430915878603
no_reset,4,206610001,P3,170.45,147.42,143.19666666666666,23.03,0.3475,398034.0,1.9982543333333331,3.672363063431247
no_reset,5,202610001,P1,46.19083333333333,44.611666666666665,160.91333333333333,1.5791666666666666,14.05,133835.0,0.14671966666666691,9.326021842837912
no_reset,5,202610001,P2,271.4583333333333,249.29833333333335,151.90333333333334,22.16,0.5583333333333333,1196632.0,9.974742666666668,12.29392170940171
no_reset,5,202610001,P3,171.26,146.58416666666668,142.60333333333332,24.675833333333333,0.3175,395777.25,-4.4578809999999995,4.202481129842485
no_reset,5,203610001,P1,82.5175,79.08333333333333,160.91333333333333,3.4341666666666666,9.916666666666666,237250.0,0.14518633333333297,9.42808569662273
no_reset,5,203610001,P2,236.0175,219.00083333333333,151.90333333333334,17.016666666666666,1.2583333333333333,1051204.0,6.712881,11.225808131421228
no_reset,5,203610001,P3,170.27666666666667,145.91583333333332,142.60333333333332,24.360833333333332,0.245,393972.75,-4.615306333333334,5.05938909152831
no_reset,5,204610001,P1,166.01166666666666,155.93833333333333,160.91333333333333,10.073333333333334,0.9041666666666667,467815.0,-4.962816666666666,8.133975257030428
no_reset,5,204610001,P2,165.75416666666666,153.415,151.90333333333334,12.339166666666667,1.7616666666666667,736392.0,-2.443708999999999,10.510793671814024
no_reset,5,204610001,P3,156.85333333333332,142.975,142.60333333333332,13.878333333333334,0.42583333333333334,386032.5,4.160325666666667,4.172437021711366
no_reset,5,205610001,P1,44.43416666666667,42.24583333333333,160.91333333333333,2.1883333333333335,14.3325,126737.5,2.0115499999999997,9.470410528972323
no_reset,5,205610001,P2,267.6775,249.86916666666667,151.90333333333334,17.808333333333334,1.4091666666666667,1199372.0,16.858424000000003,13.846924604084368
no_reset,5,205610001,P3,176.84083333333334,147.35916666666665,142.60333333333332,29.481666666666666,0.20416666666666666,397869.75,-14.448290333333334,10.139447200510855
no_reset,5,206610001,P1,44.45,41.858333333333334,160.91333333333333,2.591666666666667,14.441666666666666,125575.0,4.974303,10.632487416233968
no_reset,5,206610001,P2,278.7316666666667,251.495,151.90333333333334,27.236666666666668,0.495,1207176.0,5.197273666666667,11.71132863284573
no_reset,5,206610001,P3,165.76916666666668,146.71916666666667,142.60333333333332,19.05,0.41083333333333333,396141.75,-0.19036299999999984,3.972222365261814
