method,product,stock_target_mean,stock_target_min,stock_target_max,sales_mean,sales_min,sales_max,primary_demand_mean,primary_demand_min,primary_demand_max,leftover_mean,leftover_min,leftover_max,lost_mean,lost_min,lost_max,revenue_mean,revenue_min,revenue_max,bias_mean,bias_min,bias_max,mape_percent_mean,mape_percent_min,mape_percent_max
full,P1,71.4131,2.225,127.70833333333333,67.78173333333334,2.1,119.84416666666667,161.18999999999997,160.91333333333333,161.65333333333334,3.6313666666666666,0.125,7.864166666666667,11.392766666666668,5.0841666666666665,19.1475,203345.2,6300.0,359532.5,4.82601384,-25.795716,32.110555999999995,9.120932113966184,2.5206335307031167,20.51859460278998
full,P2,262.16740000000004,206.74666666666667,322.3491666666667,232.27573333333333,187.41,285.5058333333333,151.938,151.55666666666667,152.54,29.89166666666667,19.336666666666666,37.3975,0.24669999999999997,0.03,1.4441666666666666,1114923.52,899568.0,1370428.0,12.986511746666668,-3.4865553333333326,30.872784,11.403712307772112,5.986056732616694,21.504982751131223
full,P3,155.2576,116.12916666666666,164.50333333333333,142.9634,107.98916666666666,148.4675,142.982,142.58333333333334,143.31333333333333,12.2942,8.14,16.080833333333334,1.4496666666666667,0.6341666666666667,11.605833333333333,386001.18,291570.75,400862.25,-10.469761093333334,-23.330307,-1.815733666666667,7.741330236355895,2.209000498935718,16.57793896126011
no_exploration,P1,126.68376666666666,57.63916666666667,179.6475,116.76183333333333,51.125,165.4275,161.18999999999997,160.91333333333333,161.65333333333334,9.921933333333333,4.6125,14.22,6.015,0.3075,13.9975,350285.5,153375.0,496282.5,1.4651414666666664,-13.190748666666668,13.539407333333331,5.2753918673696365,1.8839832112013493,11.33832552801077
no_exploration,P2,235.17916666666667,178.04333333333332,303.595,206.79226666666665,158.99416666666667,266.03,151.938,151.55666666666667,152.54,28.386899999999997,18.053333333333335,37.7525,0.27416666666666667,0.055,0.5075,992602.88,763172.0,1276944.0,-2.9941586133333327,-14.373772333333333,7.920902999999998,6.767930750699003,2.201981099188393,9.55864579634019
no_exploration,P3,126.25833333333334,101.9425,153.82666666666665,117.96243333333332,95.5425,143.36583333333334,142.982,142.58333333333334,143.31333333333333,8.2959,5.023333333333333,11.581666666666667,8.304300000000001,1.01,14.786666666666667,318498.57,257964.75,387087.75,4.925726626666668,-4.994252333333333,23.258045666666668,5.631389240357598,1.3468747347807575,17.474364389101744
no_substitution,P1,168.76976666666667,166.71666666666667,171.83166666666668,158.84743333333333,158.10916666666665,159.88666666666666,161.18999999999997,160.91333333333333,161.65333333333334,9.922333333333333,8.421666666666667,11.945,0.44726666666666676,0.2833333333333333,0.6541666666666667,476542.3,474327.5,479660.0,2.229373386666667,0.8519530000000002,4.0193053333333335,2.2033193625124627,1.625248316779834,3.249548860781964
no_substitution,P2,169.68586666666667,166.83833333333334,171.76333333333332,154.58486666666667,152.91916666666665,155.71416666666667,151.938,151.55666666666667,152.54,15.100999999999999,13.881666666666666,16.736666666666668,0.5192,0.32,0.67,742007.36,734012.0,747428.0,5.093469333333334,1.0908306666666665,7.493618333333334,4.519176421898857,2.3548116834334865,6.267155317117161
no_substitution,P3,150.20503333333335,148.94583333333333,151.6025,141.0184,140.1875,141.7025,142.982,142.58333333333334,143.31333333333333,9.186633333333333,8.325,10.34,0.6928333333333333,0.5433333333333333,0.84,380749.68,378506.25,382596.75,1.6743837199999998,-0.46186999999999995,3.5488790000000003,1.9340281699106003,1.213863861217539,2.7243411230310777
reset_all,P1,97.44876666666666,65.04666666666667,116.02083333333333,91.39946666666667,61.49,110.655,161.18999999999997,160.91333333333333,161.65333333333334,6.0493,3.5566666666666666,9.039166666666667,8.753300000000001,6.245,12.2975,274198.4,184470.0,331965.0,-0.03399572000000003,-4.753734666666667,5.431950333333333,3.511367559465673,2.2669266563410697,6.390172954481575
reset_all,P2,243.34470000000002,219.48166666666665,278.69166666666666,217.65143333333333,196.52,248.62583333333333,151.938,151.55666666666667,152.54,25.693266666666663,22.961666666666666,30.065833333333334,0.5773333333333333,0.155,1.9066666666666667,1044726.88,943296.0,1193404.0,10.065958106666667,5.312796333333334,16.378452333333335,7.854504823498128,5.458570898130193,11.47864257498783
reset_all,P3,147.97313333333332,127.53083333333333,159.63666666666666,134.1172,114.99416666666667,142.9775,142.982,142.58333333333334,143.31333333333333,13.855933333333333,10.275,17.840833333333332,3.611266666666667,1.1341666666666668,9.2125,362116.44,310484.25,386039.25,-6.456541520000001,-13.196865333333331,-1.045276333333334,6.419380454797786,3.4117885295870587,10.133967279693486
fixed_schedule,P1,37.8381,4.316666666666666,103.16,33.96186666666667,4.074166666666667,92.13666666666667,161.18999999999997,160.91333333333333,161.65333333333334,3.8762333333333334,0.23083333333333333,11.023333333333333,15.770633333333334,9.839166666666667,19.0725,101885.6,12222.5,276410.0,2.8251515466666666,-11.925394333333333,20.029246333333333,9.743163377938727,5.33515189254279,16.453802131096616
fixed_schedule,P2,310.0776333333334,275.22,323.43833333333333,271.32293333333337,239.85166666666666,284.57916666666665,151.938,151.55666666666667,152.54,38.7547,34.3525,41.9575,0.09126666666666666,0.025,0.6141666666666666,1302350.08,1151288.0,1365980.0,-0.8795809999999998,-18.148309666666663,12.450073333333334,9.970134619482073,6.7897924119801765,12.328158605313348
fixed_schedule,P3,140.61473333333333,87.9625,163.31666666666666,128.62886666666668,80.69583333333334,148.22916666666666,142.982,142.58333333333334,143.31333333333333,11.985866666666668,7.266666666666667,15.524166666666666,6.334433333333333,0.7583333333333333,19.898333333333333,347297.94,217878.75,400218.75,-0.2852538,-11.841906999999999,15.322674666666666,5.137540703073649,1.1892852805449134,11.003299548744149
no_reset,P1,75.52116666666667,40.61,166.01166666666666,72.1128,39.32,155.93833333333333,161.18999999999997,160.91333333333333,161.65333333333334,3.408366666666667,0.4225,10.073333333333334,10.810533333333332,0.9041666666666667,14.758333333333333,216338.4,117960.0,467815.0,-1.165269466666667,-14.329361666666667,11.341620333333333,9.163473669805766,8.013854785129958,11.026573445820205
no_reset,P2,243.7498333333333,165.75416666666666,278.7316666666667,225.22603333333333,153.415,254.15166666666667,151.938,151.55666666666667,152.54,18.5238,10.099166666666667,27.236666666666668,1.4213,0.3625,8.6025,1081084.96,736392.0,1219928.0,6.80806644,-4.0501433333333345,16.858424000000003,11.910920433052263,10.481430915878603,13.937886161459456
no_reset,P3,169.58280000000002,156.85333333333332,176.84083333333334,146.23156666666665,142.975,148.03333333333333,142.982,142.58333333333334,143.31333333333333,23.35123333333333,13.878333333333334,31.714166666666667,0.3077666666666667,0.12083333333333333,0.5133333333333333,394825.23,386032.5,399690.0,-4.605007120000001,-16.653302333333333,4.160325666666667,5.31904201222648,3.4240201856108987,11.681644443593017
