rho,eta,full_profit,baseline_profit,delta_total_revenue,delta_holding_cost,delta_lost_sales_cost,delta_total_profit,delta_total_sales,delta_total_final_lost,delta_fill_rate,holding_contribution,lost_contribution,volume_effect,mix_effect,profit_gain_percent,delta_total_revenue_percent,holding_contribution_percent,lost_contribution_percent,delta_total_profit_percent,delta_holding_cost_percent,delta_lost_sales_cost_percent,seed_t95_low,seed_t95_high,seed_difference_min,seed_difference_max
0.25,0.0,1569860.0722222216,1569978.6444444444,-88.47222222240332,58.59999999999976,-28.5,-118.57222222265166,-7.583333333333333,7.583333333333333,-5.531847637111712e-05,-58.59999999999976,28.5,-88.47222222222217,-1.8114043598416174e-10,-0.007552473572951678,-0.005635250042124634,-0.003732534847360046,0.0018153113165488351,-0.007552473572951678,0.003732534847360046,-0.0018153113165488351,-2042.1143490779145,1804.9699046326114,-962.7833333336748,558.6166666657664
0.25,1.0,1571636.9333333329,1574631.2333333334,-1427.0833333333333,471.3833333333314,1095.8333333333333,-2994.300000000357,-259.8333333333333,259.8333333333333,-0.0018954176848913207,-471.3833333333314,-1095.8333333333333,-3041.0445154830527,1613.9611821497194,-0.19015880903503546,-0.09062968542243022,-0.029936109696964478,-0.06959301391561795,-0.19015880903503546,0.029936109696964478,0.06959301391561795,-3104.061997965784,-2884.5380020349303,-3026.850000000559,-2944.0000000006985
0.25,1.25,1571004.341666666,1576238.8638888889,-2769.3055555549604,745.8833333333332,1719.3333333333333,-5234.522222222916,-452.4166666666667,452.4166666666667,-0.0033002638265795894,-745.8833333333332,-1719.3333333333333,-5300.665765809222,2531.360210254261,-0.33208940231992046,-0.17569072930498258,-0.04732045062593454,-0.10907822238892159,-0.33208940231992046,0.04732045062593454,0.10907822238892159,-6552.663040122992,-3916.3814043228394,-5830.45833333442,-4813.241666667396
0.25,1.5,1572031.7666666664,1577551.2527777776,-2200.6527777772862,1044.8333333333328,2274.0,-5519.486111111085,-514.6666666666666,514.6666666666666,-0.003754361649098481,-1044.8333333333328,-2274.0,-6034.9871050784095,3834.3343273011233,-0.3498768170854852,-0.13949802099312725,-0.06623133996398364,-0.14414745612834476,-0.3498768170854852,0.06623133996398364,0.14414745612834476,-6592.104641467637,-4446.867580754533,-5876.741666666465,-5039.666666666977
0.25,1.75,1554229.570833333,1578995.0625,-12340.708333333334,2105.2833333333333,10319.5,-24765.49166666693,-2506.25,2506.25,-0.018282452492978846,-2105.2833333333333,-10319.5,-29419.558704235173,17078.850370901844,-1.5684337623865705,-0.7815545866112127,-0.13333058369416742,-0.6535485920811738,-1.5684337623865705,0.13333058369416742,0.6535485920811738,-106887.47922138551,57356.49588805165,-62919.36250000028,-4649.687500000466
0.25,2.0,1556634.6111111117,1580033.505555556,-10391.777777778218,2121.6166666666663,10885.5,-23398.894444444293,-2621.8333333333335,2621.8333333333335,-0.01912560333612967,-2121.6166666666663,-10885.5,-30829.574780976513,20437.797003198295,-1.4809112820817685,-0.6576935072097957,-0.1342766883871038,-0.6889410864849064,-1.4809112820817685,0.1342766883871038,0.6889410864849064,-90447.22161792155,43649.43272903297,-54510.61666666623,-6250.183333332883
0.4,0.0,1572714.333333333,1572962.7166666668,-122.49999999945673,2.883333333333212,123.0,-248.38333333376795,-10.5,10.5,-7.659481343687731e-05,-2.883333333333212,-123.0,-122.49999999999994,5.4321939539174e-10,-0.01579079597386312,-0.007787851466629277,-0.00018330589166432428,-0.00781963861550734,-0.01579079597386312,0.00018330589166432428,0.00781963861550734,-1615.1662987022562,1118.3996320347203,-859.6166666673962,207.3000000002794
0.4,1.0,1574801.166666667,1578066.0999999999,-1350.0,755.1000000000009,1159.8333333333333,-3264.9333333330383,-343.0833333333333,343.0833333333333,-0.002502705134284041,-755.1000000000009,-1159.8333333333333,-4017.7335712822955,2667.733571282296,-0.20689458656598975,-0.08554774733453814,-0.047849706675785066,-0.0734971325556853,-0.20689458656598975,0.047849706675785066,0.0734971325556853,-5676.465262893691,-853.401403772386,-4258.899999999674,-2319.149999999441
0.4,1.25,1511332.4541666664,1579870.5569444445,-34662.569444445115,5016.199999999998,28859.333333333332,-68538.10277777801,-7283.083333333333,7283.083333333333,-0.053128229444018925,-5016.199999999998,-28859.333333333332,-85382.97954654072,50720.41010209561,-4.3382100183153245,-2.1940132558381493,-0.3175070247338238,-1.826689737743379,-4.3382100183153245,0.3175070247338238,1.826689737743379,-70719.29803113057,-66356.90752442545,-69149.05416666716,-67531.89583333349
0.4,1.5,1506297.1055555558,1581148.9972222224,-31889.79166666628,6278.933333333334,36683.166666666664,-74851.89166666644,-9230.5,9230.5,-0.06733413575518836,-6278.933333333334,-36683.166666666664,-108319.27359073762,76429.48192407134,-4.734018855792019,-2.016874546465296,-0.39711205865887556,-2.320032250667837,-4.734018855792019,0.39711205865887556,2.320032250667837,-140527.6117849,-9176.171548432903,-105378.00833333307,-59294.12499999977
0.4,1.75,1532061.7625000004,1582591.2041666668,-14922.541666666666,5558.399999999999,30048.5,-50529.44166666657,-7519.75,7519.75,-0.054854652223073286,-5558.399999999999,-30048.5,-88344.54948952333,73422.00782285664,-3.1928296791762776,-0.9429182739913127,-0.3512214642268812,-1.898689940958089,-3.1928296791762776,0.3512214642268812,1.898689940958089,-51398.768365429736,-49660.114967903406,-50878.887500000186,-50178.987499999814
0.4,2.0,1537357.3722222224,1584138.3666666665,7213.1388888887595,5650.799999999999,48343.333333333336,-46780.994444443924,-8854.083333333334,8854.083333333334,-0.06458827248300932,-5650.799999999999,-48343.333333333336,-104241.6845882476,111454.82347713636,-2.9530876487058504,0.4553351551017983,-0.35671126455262714,-3.051711539255063,-2.9530876487058504,0.35671126455262714,3.051711539255063,-98793.75473571033,5231.765846822491,-70957.93333333265,-34624.533333332976
0.55,0.0,1574461.9222222222,1575898.6222222224,-822.4999999995343,73.86666666666679,540.3333333333334,-1436.7000000001087,-70.5,70.5,-0.0005142794616479485,-73.86666666666679,-540.3333333333334,-822.4999999999997,4.6539601801972214e-10,-0.09116703192329557,-0.05219244362557422,-0.004687272748706714,-0.03428731554897821,-0.09116703192329557,0.004687272748706714,0.03428731554897821,-2318.43792524116,-554.9620747590577,-1817.8666666664649,-1115.6500000003725
0.55,1.0,1579388.0666666664,1580683.5333333332,44.666666666666664,451.6333333333326,888.5,-1295.4666666668684,-222.5,222.5,-0.0016230805704489464,-451.6333333333326,-888.5,-2608.127823174531,2652.7944898411974,-0.08195610565607642,0.0028257817409202677,-0.028572027468454213,-0.05620985992852966,-0.08195610565607642,0.028572027468454213,0.05620985992852966,-2809.741585908586,218.8082525748489,-1666.8000000002794,-591.9499999997206
0.55,1.25,1581617.1541666666,1583067.6083333334,992.8125,933.0999999999985,1510.1666666666667,-1450.4541666668374,-372.25,372.25,-0.002715468504942198,-933.0999999999985,-1510.1666666666667,-4368.812670891993,5361.625170891993,-0.09162300833088786,0.06271447250728863,-0.05894252368554075,-0.09539495715262487,-0.09162300833088786,0.05894252368554075,0.09539495715262487,-1982.551081546119,-918.3572517875559,-1697.7750000003725,-1324.5541666666977
0.55,1.5,1581442.2194444446,1584814.2611111111,2846.6250000005434,1851.5,4367.166666666667,-3372.041666666201,-989.25,989.25,-0.007216325637378322,-1851.5,-4367.166666666667,-11625.43495289151,14472.059952892052,-0.21277204208788902,0.17961884050720103,-0.11682757061397946,-0.27556331198110573,-0.21277204208788902,0.11682757061397946,0.27556331198110573,-5561.300618076544,-1182.782715255858,-4371.491666665766,-2706.4666666656267
0.55,1.75,1575494.8875000004,1587241.0583333336,46007.645833333336,7070.6500000000015,50683.166666666664,-11746.170833333163,-10199.166666666666,10199.166666666666,-0.07440031124241649,-7070.6500000000015,-50683.166666666664,-120079.67494015326,166087.3207734866,-0.7400369825152526,2.8985922202417824,-0.44546793714021393,-3.193161265616831,-0.7400369825152526,0.44546793714021393,3.193161265616831,-20366.272266755575,-3126.06939991075,-15273.424999999814,-8336.287500000093
0.55,2.0,1605052.2388888889,1589362.4055555558,96965.41666666651,10072.25,71203.33333333333,15689.833333332712,-14806.25,14806.25,-0.10800780537622641,-10072.25,-71203.33333333333,-174581.19070911067,271546.60737577715,0.9871778317197825,6.100900356503185,-0.6337289698556373,-4.479993554927736,0.9871778317197825,0.6337289698556373,4.479993554927736,8180.869724907997,23198.796941757428,12262.466666665627,17975.333333332557
0.7,0.0,1576971.6666666667,1577539.2944444446,-354.86111111124046,50.100000000000364,162.66666666666666,-567.6277777780002,-30.416666666666668,30.416666666666668,-0.0002218818008291601,-50.100000000000364,-162.66666666666666,-354.86111111111103,-1.294620706933832e-10,-0.03598184715759485,-0.022494597273167157,-0.0031758321441776745,-0.010311417740244137,-0.03598184715759485,0.0031758321441776745,0.010311417740244137,-1999.6318732849018,864.3763177289014,-1056.083333334187,68.2166666672565
0.7,1.0,1577247.8500000003,1584382.2166666668,17766.833333333332,5812.866666666668,19088.333333333332,-7134.36666666662,-4747.166666666667,4747.166666666667,-0.03462936620831366,-5812.866666666668,-19088.333333333332,-55666.08526984096,73432.91860317429,-0.450293280978399,1.1213729330232214,-0.3668853768692368,-1.2047808371323865,-0.450293280978399,0.3668853768692368,1.2047808371323865,-23135.486242581464,8866.752909248225,-11105.25,297.6000000005588
0.7,1.25,1589446.049999999,1587585.8805555552,12061.736111111784,2163.4,8038.166666666667,1860.1694444438908,-1403.4166666666667,1403.4166666666667,-0.010237565500723375,-2163.4,-8038.166666666667,-16488.489439909757,28550.225551021547,0.11716968935204616,0.7597532995752605,-0.1362697934327147,-0.5063138167904223,0.11716968935204616,0.1362697934327147,0.5063138167904223,-4345.032706774511,8065.371595662293,237.07916666544043,4736.620833332883
0.7,1.5,1648844.5222222216,1589884.0222222225,124882.83333333403,12153.166666666664,53769.166666666664,58960.49999999922,-10529.5,10529.5,-0.0768100083889558,-12153.166666666664,-53769.166666666664,-123953.25440838614,248836.08774172017,3.7084780509705726,7.854839195049085,-0.7644058621131286,-3.3819552819652903,3.7084780509705726,0.7644058621131286,3.3819552819652903,40077.57710277539,77843.42289722306,52244.3749999993,67212.59166666493
0.7,1.75,1714855.4750000003,1591810.1583333334,196696.5,13381.683333333332,60269.5,123045.31666666704,-12977.333333333334,12977.333333333334,-0.09466632624527353,-13381.683333333332,-60269.5,-152905.99493004289,349602.4949300429,7.729898946963543,12.35678130148047,-0.8406582445323947,-3.7862241099845555,7.729898946963543,0.8406582445323947,3.7862241099845555,118731.08106659167,127359.55226674242,121641.76250000112,124987.5374999994
0.7,2.0,1778453.7388888889,1595568.133333334,276840.55555555533,16612.45,77342.5,182885.60555555485,-15444.333333333334,15444.333333333334,-0.11266246003088114,-16612.45,-77342.5,-182512.03610074372,459352.5916562991,11.462099407405736,17.35059442289074,-1.0411620571347582,-4.847332958350215,11.462099407405736,1.0411620571347582,4.847332958350215,178971.02028626745,186800.19082484226,181069.9833333327,183897.74999999953
0.85,0.0,1579560.6333333335,1579938.5166666664,-242.08333333348855,31.633333333333212,104.16666666666667,-377.88333333275904,-20.75,20.75,-0.00015136594083964283,-31.633333333333212,-104.16666666666667,-242.08333333333334,-1.552393769088667e-10,-0.02391759738410659,-0.015322326203188767,-0.0020021876167733922,-0.006593083564190596,-0.02391759738410659,0.0020021876167733922,0.006593083564190596,-1913.1716109184665,1157.4049442529483,-794.7499999988358,332.18333333334886
0.85,1.0,1640295.1666666667,1589539.4666666668,68701.75,4324.883333333333,13621.166666666666,50755.69999999987,-2976.25,2976.25,-0.021710982237297987,-4324.883333333333,-13621.166666666666,-34956.358669399524,103658.10866939952,3.1931072530357976,4.322116653326674,-0.2720840484950525,-0.8569253517958156,3.1931072530357976,0.2720840484950525,0.8569253517958156,-11111.449645388282,112622.84964538802,25448.5,75237.75
0.85,1.25,1693258.7708333328,1591618.7458333333,126557.29166666651,6246.5999999999985,18670.666666666668,101640.0249999996,-4162.5,4162.5,-0.030364372469635637,-6246.5999999999985,-18670.666666666668,-48944.975226626295,175502.2668932928,6.385952996977509,7.95148285341438,-0.3924683606770055,-1.1730614957598502,6.385952996977509,0.3924683606770055,1.1730614957598502,46333.059650672294,156946.99034932692,84612.59583333298,126834.20416666614
0.85,1.5,1807843.9527777778,1594692.436111111,257137.41666666744,9251.233333333334,34734.666666666664,213151.51666666684,-6509.75,6509.75,-0.04748696064485536,-9251.233333333334,-34734.666666666664,-76730.89111185723,333868.30777852464,13.366308878122465,16.12457743223103,-0.5801264948552592,-2.1781420592532683,13.366308878122465,0.5801264948552592,2.1781420592532683,209636.3692153573,216666.66411797638,211993.75833333377,214728.90833333274
0.85,1.75,1900314.0083333338,1600353.7250000003,361834.6666666667,12241.550000000001,49632.833333333336,299960.2833333337,-9593.0,9593.0,-0.06997848050479631,-12241.550000000001,-49632.833333333336,-113523.88275239787,475358.54941906454,18.74337395836246,22.609668163622175,-0.7649277662036872,-3.1013664390560485,18.74337395836246,0.7649277662036872,3.1013664390560485,290255.65560411086,309664.9110625565,295829.7750000006,303595.8875000002
0.85,2.0,1975539.744444444,1601718.0888888885,440488.9722222218,12801.983333333332,53865.333333333336,373821.6555555554,-10290.083333333334,10290.083333333334,-0.0750635250635251,-12801.983333333332,-53865.333333333336,-121812.99375046945,562301.9659726912,23.33879214755422,27.50103000508591,-0.7992657023817509,-3.3629721551499556,23.33879214755422,0.7992657023817509,3.3629721551499556,366253.7450664372,381389.5660446737,371434.7666666666,377253.0
1.0,0.0,1582334.7499999998,1582246.772222222,-9.722222222248092,1.6333333333338185,-99.33333333333333,87.97777777770534,-0.8333333333333334,0.8333333333333334,-6.078953447323047e-06,-1.6333333333338185,99.33333333333333,-9.72222222222222,-2.5870861009025248e-11,0.005560306983855809,-0.0006144567581322033,-0.00010322873536596613,0.006277992477356891,0.005560306983855809,0.00010322873536596613,-0.006277992477356891,-83.88272735150221,259.8382829069129,32.916666666278616,165.6333333333023
1.0,1.0,1783183.2000000002,1593035.4166666667,193524.33333333334,1587.716666666666,1788.8333333333333,190147.78333333344,-444.75,444.75,-0.003244337454863855,-1587.716666666666,-1788.8333333333333,-5225.023292247447,198749.35662558078,11.936193090496792,12.148150085593933,-0.09966612481151675,-0.11229087028563133,11.936193090496792,0.09966612481151675,0.11229087028563133,115383.5071242355,264912.0595424314,169538.7000000002,224685.75000000047
1.0,1.25,1819205.0625,1596412.8499999999,228125.31250000023,2101.7666666666664,3231.3333333333335,222792.2124999999,-868.25,868.25,-0.006333661596819436,-2101.7666666666664,-3231.3333333333335,-10219.60263449679,238344.91513449702,13.955801752660657,14.289869472047926,-0.131655584372593,-0.202412135014657,13.955801752660657,0.131655584372593,0.202412135014657,200795.9395442716,244788.48545572822,217658.7041666659,233016.7000000002
1.0,1.5,1979645.8888888892,1600179.541666666,391960.26388888824,4012.75,8481.166666666666,379466.34722222324,-2155.4166666666665,2155.4166666666665,-0.01572321309163423,-4012.75,-8481.166666666666,-25434.12797955325,417394.3918684414,23.71398567106978,24.49476784840295,-0.25076873535206695,-0.5300134419812111,23.71398567106978,0.25076873535206695,0.5300134419812111,281124.8696834694,477807.82476097706,342230.925000001,421047.8166666678
1.0,1.75,2084705.6291666667,1606952.9708333325,495388.5416666667,5481.716666666667,12154.166666666666,477752.65833333397,-2978.6666666666665,2978.6666666666665,-0.021728611202295373,-5481.716666666667,-12154.166666666666,-35306.89961813723,530695.4412848039,29.730344758352285,30.82781827832637,-0.3411248970045441,-0.7563486229695799,29.730344758352285,0.3411248970045441,0.7563486229695799,401721.22882800945,553784.0878386585,459531.5000000007,513088.5375000008
1.0,2.0,2188001.177777777,1610956.6944444447,598778.7499999995,5838.433333333334,15895.833333333334,577044.4833333326,-3854.75,3854.75,-0.0281194149615203,-5838.433333333334,-15895.833333333334,-45797.13709760803,644575.8870976075,35.81998729843774,37.16914005602706,-0.3624202533480752,-0.9867325042412254,35.81998729843774,0.3624202533480752,0.9867325042412254,488470.4244119361,665618.5422547291,556118.116666666,618214.4333333327
