rho,eta,seed,full_profit,baseline_profit,delta_total_revenue,delta_holding_cost,delta_lost_sales_cost,delta_total_profit,delta_total_sales,delta_total_final_lost,delta_fill_rate,holding_contribution,lost_contribution,volume_effect,mix_effect,profit_gain_percent
0.25,0.0,20269601,1569929.033333333,1569880.583333333,8.749999999534339,48.29999999999927,-88.0,48.449999999953434,0.75,-0.75,5.471058102668458e-06,-48.29999999999927,88.0,8.749999999999998,-4.6565951095089986e-10,0.0030862220040379995
0.25,0.0,20269602,1570350.816666666,1569792.2000000002,291.6666666662786,-11.450000000000728,-255.5,558.6166666657664,25.0,-25.0,0.0001823686034211347,11.450000000000728,255.5,291.66666666666663,-3.880131771438755e-10,0.03558538936973736
0.25,0.0,20269603,1569300.3666666667,1570263.1500000004,-565.8333333330229,138.95000000000073,258.0,-962.7833333336748,-48.5,48.5,-0.00035379509063715453,-138.95000000000073,-258.0,-565.8333333333331,3.1025138014229015e-10,-0.06131350234727693
0.25,1.0,20269601,1571304.1999999995,1574248.2000000002,-1494.25,458.7499999999982,991.0,-2944.0000000006985,-252.25,252.25,-0.0018400992085201295,-458.7499999999982,-991.0,-2952.451490212869,1458.201490212869,-0.1870099009800804
0.25,1.0,20269602,1571849.7000000002,1574861.75,-1507.0,350.04999999999745,1155.0,-3012.0499999998137,-249.25,249.25,-0.0018182149761096777,-350.04999999999745,-1155.0,-2917.322381765136,1410.322381765136,-0.19125805804857562
0.25,1.0,20269603,1571756.8999999994,1574783.75,-1280.0,605.3499999999985,1141.5,-3026.850000000559,-278.0,278.0,-0.0020279388700441547,-605.3499999999985,-1141.5,-3253.3596744711535,1973.3596744711535,-0.19220734275423904
0.25,1.25,20269601,1570395.3958333326,1576225.854166667,-3026.458333333023,828.4999999999982,1975.5,-5830.45833333442,-494.5,494.5,-0.0036072509756720494,-828.4999999999982,-1975.5,-5793.805515310703,2767.3471819776805,-0.369899930135134
0.25,1.25,20269602,1571181.2374999993,1576241.1041666663,-2824.1666666653473,591.7000000000007,1644.0,-5059.8666666669305,-416.0,416.0,-0.003034613560929267,-591.7000000000007,-1644.0,-4874.141461284371,2049.9747946190237,-0.3210084201770643
0.25,1.25,20269603,1571436.3916666664,1576249.6333333338,-2457.2916666665114,817.4500000000007,1538.5,-4813.241666667396,-446.75,446.75,-0.0032589269431374523,-817.4500000000007,-1538.5,-5234.05032083259,2776.7586541660785,-0.3053603670941839
0.25,1.5,20269601,1571714.2666666668,1577591.0083333333,-2444.5416666665114,1163.699999999999,2268.5,-5876.741666666465,-521.5,521.5,-0.0038042090673670037,-1163.699999999999,-2268.5,-6115.610621158832,3671.0689544923207,-0.37251363855547237
0.25,1.5,20269602,1571995.6416666666,1577637.6916666664,-2122.7499999995343,1121.800000000001,2397.5,-5642.049999999814,-557.25,557.25,-0.0040649961702593496,-1121.800000000001,-2397.5,-6532.877625231245,4410.12762523171,-0.35762647088124355
0.25,1.5,20269603,1572385.3916666661,1577425.058333333,-2034.666666665813,848.9999999999982,2156.0,-5039.666666666977,-465.25,465.25,-0.00339387970966909,-848.9999999999982,-2156.0,-5456.473068845153,3421.80640217934,-0.3194869157202156
0.25,1.75,20269601,1574201.9874999998,1578851.6750000003,-1400.4375,1061.75,2187.5,-4649.687500000466,-500.0,500.0,-0.0036473720684246924,-1061.75,-2187.5,-5869.89116591409,4469.45366591409,-0.2944980566335001
0.25,1.75,20269602,1516005.2249999999,1578924.5875000001,-33580.3125,3857.5499999999993,25481.5,-62919.36250000028,-6343.25,6343.25,-0.046272385746070066,-3857.5499999999993,-25481.5,-74458.97716214739,40878.66466214739,-3.9849504528664053
0.25,1.75,20269603,1572481.5000000002,1579208.9250000003,-2041.375,1396.550000000001,3289.5,-6727.425000000047,-675.5,675.5,-0.004927599664441784,-1396.550000000001,-3289.5,-7929.80778464405,5888.43278464405,-0.42599968208766587
0.25,2.0,20269601,1573309.583333334,1579559.7666666668,-1612.8333333332557,1438.3499999999985,3199.0,-6250.183333332883,-754.0,754.0,-0.005500237079184456,-1438.3499999999985,-3199.0,-8862.172733863968,7249.339400530713,-0.3956914746266676
0.25,2.0,20269602,1525921.416666667,1580432.0333333332,-26466.666666667676,3356.449999999999,24687.5,-54510.61666666623,-6090.5,6090.5,-0.04442863916548134,-3356.449999999999,-24687.5,-71620.76660819825,45154.09994153057,-3.449095912824316
0.25,2.0,20269603,1570672.8333333337,1580108.7166666675,-3095.8333333337214,1570.050000000001,4770.0,-9435.883333333768,-1021.0,1021.0,-0.0074479337637232135,-1570.050000000001,-4770.0,-12005.785000867316,8909.951667533594,-0.5971667160497235
0.4,0.0,20269601,1572598.4333333329,1572691.266666667,29.166666667209938,8.000000000001819,114.0,-92.83333333418705,2.5,-2.5,1.8236860342191186e-05,-8.000000000001819,-114.0,29.166666666666657,5.432809757621726e-10,-0.005902832634846896
0.4,0.0,20269602,1573050.6833333338,1572843.3833333335,87.50000000069849,7.69999999999709,-127.5,207.3000000002794,7.5,-7.5,5.4710581026462535e-05,-7.69999999999709,127.5,87.49999999999996,6.985345635257545e-10,0.01317995181191834
0.4,0.0,20269603,1572493.8833333326,1573353.5,-484.1666666662786,-7.049999999999272,382.5,-859.6166666673962,-41.5,41.5,-0.00030273188167928566,7.049999999999272,-382.5,-484.16666666666646,3.878426468872931e-10,-0.054635952229895965
0.4,1.0,20269601,1573779.6000000003,1578038.5,-1987.5,857.3999999999996,1414.0,-4258.899999999674,-427.25,427.25,-0.0031166794324689606,-857.3999999999996,-1414.0,-5004.058924651046,3016.5589246510463,-0.2698856840311357
0.4,1.0,20269602,1575761.5500000005,1578080.7,-889.75,505.90000000000146,923.5,-2319.149999999441,-245.5,245.5,-0.0017908596855964465,-505.90000000000146,-923.5,-2875.066652839546,1985.316652839546,-0.1469601649649122
0.4,1.0,20269603,1574862.3499999999,1578079.0999999999,-1172.75,902.0000000000018,1142.0,-3216.75,-356.5,356.5,-0.0026005762847867153,-902.0000000000018,-1142.0,-4174.075136356296,3001.325136356296,-0.20383959207114524
0.4,1.25,20269601,1510685.5416666663,1579834.5958333334,-34875.10416666744,5160.949999999999,29113.0,-69149.05416666716,-7334.0,7334.0,-0.053499653499653466,-5160.949999999999,-29113.0,-85979.46296690585,51104.358800238406,-4.37698062499969
0.4,1.25,20269602,1510927.7166666668,1579861.0750000002,-34855.208333333954,5052.149999999996,29026.0,-68933.3583333334,-7333.0,7333.0,-0.05349235875551683,-5052.149999999996,-29026.0,-85973.19511440773,51117.98678107378,-4.363254429401863
0.4,1.25,20269603,1512384.1041666665,1579916.0,-34257.395833333954,4835.5,28439.0,-67531.89583333349,-7182.25,7182.25,-0.05239267607688647,-4835.5,-28439.0,-84196.2805583086,49938.88472497465,-4.274397868831855
0.4,1.5,20269601,1522144.5500000003,1581438.675,-25176.624999999534,5039.500000000002,29078.0,-59294.12499999977,-7300.5,7300.5,-0.053255279571069014,-5039.500000000002,-29078.0,-85663.01986626435,60486.39486626482,-3.7493787104959835
0.4,1.5,20269602,1521313.666666667,1581197.2083333335,-25688.04166666628,5000.0,29195.5,-59883.54166666651,-7311.25,7311.25,-0.053333698070540225,-5000.0,-29195.5,-85818.74813475875,60130.70646809247,-3.7872278897954144
0.4,1.5,20269603,1475433.1000000003,1580811.1083333334,-44804.70833333302,8797.3,51776.0,-105378.00833333307,-13079.75,13079.75,-0.09541342962395583,-8797.3,-51776.0,-153476.05277118977,108671.34443785675,-6.66607210550502
0.4,1.75,20269601,1532312.3250000007,1583191.2125000008,-15382.9375,5373.450000000001,30122.5,-50878.887500000186,-7465.0,7465.0,-0.05445526498158082,-5373.450000000001,-30122.5,-87696.38021483371,72313.44271483371,-3.2136918837275417
0.4,1.75,20269602,1531978.7500000005,1582509.2000000002,-14700.0,5691.449999999997,30139.0,-50530.44999999972,-7536.5,7536.5,-0.05497683918736551,-5691.449999999997,-30139.0,-88553.62246925096,73853.62246925096,-3.1930588460401816
0.4,1.75,20269603,1531894.2125000004,1582073.2000000002,-14684.6875,5610.299999999999,29884.0,-50178.987499999814,-7557.75,7557.75,-0.055131852500273526,-5610.299999999999,-29884.0,-88783.64578448527,74098.95828448527,-3.171723501794974
0.4,2.0,20269601,1549432.3833333335,1584056.9166666665,9118.166666666744,4199.700000000001,39543.0,-34624.533333332976,-6607.0,6607.0,-0.048196374512163964,-4199.700000000001,-39543.0,-77802.70741017742,86920.87407684416,-2.185813714711302
0.4,2.0,20269602,1549116.266666667,1583876.7833333332,9795.833333333489,4442.3499999999985,40114.0,-34760.51666666614,-6719.0,6719.0,-0.04901338585549109,-4442.3499999999985,-40114.0,-79091.15555233021,88886.9888856637,-2.1946477802087117
0.4,2.0,20269603,1513523.4666666673,1584481.4,2725.416666666046,8310.349999999999,65373.0,-70957.93333333265,-13236.25,13236.25,-0.09655505708137291,-8310.349999999999,-65373.0,-155831.19080223516,158556.6074689012,-4.478306487746253
0.55,0.0,20269601,1574141.2333333336,1575959.1,-1070.4166666660458,166.45000000000073,581.0,-1817.8666666664649,-91.75,91.75,-0.0006692927745559629,-166.45000000000073,-581.0,-1070.416666666666,6.202753866091371e-10,-0.11534986324622667
0.55,0.0,20269602,1574711.7166666668,1575827.3666666672,-577.4999999993015,-3.350000000000364,541.5,-1115.6500000003725,-49.5,49.5,-0.0003610898347741198,3.350000000000364,-541.5,-577.4999999999998,6.982645572861657e-10,-0.07079772972595955
0.55,0.0,20269603,1574532.8166666664,1575909.4,-819.5833333332557,58.5,498.5,-1376.5833333334886,-70.25,70.25,-0.0005124557756137627,-58.5,-498.5,-819.5833333333334,7.764811016386375e-11,-0.0873516798195054
0.55,1.0,20269601,1578931.5499999998,1580598.35,-107.0,482.7999999999993,1077.0,-1666.8000000002794,-294.5,294.5,-0.0021483021483020837,-482.7999999999993,-1077.0,-3452.472780197642,3345.472780197642,-0.10545373528956799
0.55,1.0,20269602,1580200.0499999998,1580791.9999999995,118.75,147.1999999999989,563.5,-591.9499999997206,-89.75,89.75,-0.0006547032862822544,-147.1999999999989,-563.5,-1051.9654303130583,1170.7154303130583,-0.03744641926323772
0.55,1.0,20269603,1579032.5999999999,1580660.2500000005,122.25,724.8999999999996,1025.0,-1627.6500000006054,-283.25,283.25,-0.002066236276762501,-724.8999999999996,-1025.0,-3319.945259012893,3442.195259012893,-0.1029727925403707
0.55,1.25,20269601,1581681.3416666663,1583005.895833333,1159.8958333334886,951.9499999999989,1532.5,-1324.5541666666977,-389.75,389.75,-0.002843126527337092,-951.9499999999989,-1532.5,-4574.3022178479505,5734.198051181439,-0.08367335650189855
0.55,1.25,20269602,1581504.333333333,1583202.1083333334,948.1250000002328,989.3999999999978,1656.5,-1697.7750000003725,-386.25,386.25,-0.0028175949228580466,-989.3999999999978,-1656.5,-4532.857391931524,5480.982391931757,-0.10723678240851081
0.55,1.25,20269603,1581665.7875,1582994.8208333335,870.4166666662786,857.9499999999989,1341.5,-1329.033333333442,-340.75,340.75,-0.002485684064631455,-857.9499999999989,-1341.5,-3999.278402896503,4869.695069562782,-0.08395689713209555
0.55,1.5,20269601,1580933.4500000004,1585304.9416666662,2460.4583333334886,2017.9500000000007,4814.0,-4371.491666665766,-1088.5,1088.5,-0.007940328992960599,-2017.9500000000007,-4814.0,-12795.0325982339,15255.490931567389,-0.2757508383257748
0.55,1.5,20269602,1581831.9250000007,1584538.3916666664,3116.583333334187,1664.5499999999993,4158.5,-2706.4666666656267,-898.0,898.0,-0.0065506802348909154,-1664.5499999999993,-4158.5,-10551.302591864234,13667.885925198421,-0.17080473915301486
0.55,1.5,20269603,1581561.2833333334,1584599.4500000007,2962.833333333954,1872.0,4129.0,-3038.16666666721,-981.25,981.25,-0.0071579676842834505,-1872.0,-4129.0,-11529.969668576394,14492.803001910348,-0.19173089241367644
0.55,1.75,20269601,1578966.5625000007,1587302.8500000008,32196.0625,5845.85,34686.5,-8336.287500000093,-5775.75,5775.75,-0.04213261844840788,-5845.85,-34686.5,-68015.53139037934,100211.59389037934,-0.5251856947147855
0.55,1.75,20269602,1571747.9125000006,1587021.3375000004,61774.125,8479.050000000003,68568.5,-15273.424999999814,-14935.5,14935.5,-0.10895065105591417,-8479.050000000003,-68568.5,-175832.13933928768,237606.26433928768,-0.9623956930572655
0.55,1.75,20269603,1575770.1875000002,1587398.9874999998,44052.75,6887.050000000001,48794.5,-11628.79999999958,-9886.25,9886.25,-0.07211766422292742,-6887.050000000001,-48794.5,-116391.35409079275,160444.10409079277,-0.7325694479819355
0.55,2.0,20269601,1601766.1499999994,1589503.6833333338,78594.16666666674,8083.200000000001,58248.5,12262.466666665627,-11479.0,11479.0,-0.08373636794689421,-8083.200000000001,-58248.5,-135370.2689331102,213964.43559977695,0.771465130609205
0.55,2.0,20269602,1607303.9999999998,1589328.6666666672,106678.08333333372,10722.75,77980.0,17975.333333332557,-16522.25,16522.25,-0.12052558631505994,-10722.75,-77980.0,-194817.70415336243,301495.78748669615,1.1310016430416878
0.55,2.0,20269603,1606086.566666667,1589254.866666667,105623.99999999907,11410.8,77381.5,16831.699999999953,-16417.5,16417.5,-0.1197614618667251,-11410.8,-77381.5,-193555.59904085944,299179.5990408585,1.0590938151602505
0.7,0.0,20269601,1576395.2333333325,1577451.3166666667,-627.0833333334886,169.00000000000182,260.0,-1056.083333334187,-53.75,53.75,-0.0003920924973556117,-169.00000000000182,-260.0,-627.0833333333331,-1.554099071654491e-10,-0.06694871164492168
0.7,0.0,20269602,1577535.3166666673,1577467.1,29.166666666744277,-17.049999999999272,-22.0,68.2166666672565,2.5,-2.5,1.8236860342191186e-05,17.049999999999272,22.0,29.16666666666666,7.761613574075454e-11,0.004324443068717978
0.7,0.0,20269603,1576984.45,1577699.466666667,-466.6666666669771,-1.6500000000014552,250.0,-715.0166666670702,-40.0,40.0,-0.00029178976547405977,1.6500000000014552,-250.0,-466.6666666666665,-3.10592440655455e-10,-0.04532020716073028
0.7,1.0,20269601,1573902.9,1584498.3500000003,24562.75,8126.200000000003,27032.0,-10595.45000000042,-6933.0,6933.0,-0.05057446110077701,-8126.200000000003,-27032.0,-81314.05196994377,105876.80196994377,-0.6686942905305276
0.7,1.0,20269602,1584731.0500000003,1584433.4499999997,1981.75,510.15000000000146,1174.0,297.6000000005588,-229.5,229.5,-0.0016741437794070002,-510.15000000000146,-1174.0,-2691.822347288975,4673.572347288975,0.018782739028929164
0.7,1.0,20269603,1573109.6,1584214.85,26756.0,8802.249999999998,29059.0,-11105.25,-7079.0,7079.0,-0.05163949374475696,-8802.249999999998,-29059.0,-82992.38149229014,109748.38149229014,-0.700993933998283
0.7,1.25,20269601,1587997.0541666653,1587759.9749999999,2621.97916666721,731.8999999999996,1653.0,237.07916666544043,-301.75,301.75,-0.0022011890432943604,-731.8999999999996,-1653.0,-3546.549334793755,6168.528501460965,0.014931675467221702
0.7,1.25,20269602,1592119.891666666,1587383.270833333,28850.520833333954,4558.4000000000015,19555.5,4736.620833332883,-3291.5,3291.5,-0.024010650326439786,-4558.4000000000015,-19555.5,-38669.64676513572,67520.16759846968,0.29839175707365784
0.7,1.25,20269603,1588221.2041666664,1587614.395833333,4712.708333334187,1199.8999999999996,2906.0,606.8083333333489,-617.0,617.0,-0.004500857132435976,-1199.8999999999996,-2906.0,-7249.272219799803,11961.98055313399,0.03822139273402326
0.7,1.5,20269601,1657402.708333332,1590190.1166666672,146947.54166666768,14031.45,65703.5,67212.59166666493,-12149.75,12149.75,-0.08862931757668613,-14031.45,-65703.5,-143087.40275160712,290034.9444182748,4.226701635371433
0.7,1.5,20269602,1641879.9749999994,1589635.6,111937.87500000047,10864.999999999998,48828.5,52244.3749999993,-9337.5,9337.5,-0.06811467337783117,-10864.999999999998,-48828.5,-109901.08679517063,221838.96179517108,3.286562970783952
0.7,1.5,20269603,1647250.8833333333,1589826.3499999999,115763.08333333395,11563.049999999997,46775.5,57424.53333333344,-10101.25,10101.25,-0.0736860342123501,-11563.049999999997,-46775.5,-118871.27367838073,234634.3570117147,3.6120003504366025
0.7,1.75,20269601,1717159.4999999998,1592171.9625000004,204619.1875,13728.149999999996,65903.5,124987.5374999994,-13340.75,13340.75,-0.09731735784367357,-13728.149999999996,-65903.5,-157233.35590075128,361852.5434007513,7.850128029119804
0.7,1.75,20269602,1713387.387500001,1591745.6249999998,192713.0625,13484.3,57587.0,121641.76250000112,-12813.0,12813.0,-0.09346755662545125,-13484.3,-57587.0,-150961.78966679127,343674.8521667913,7.6420352969401835
0.7,1.75,20269603,1714019.5375000006,1591512.8875,192757.25,12932.6,57318.0,122506.6500000006,-12778.25,12778.25,-0.09321406426669576,-12932.6,-57318.0,-150522.8392225861,343280.08922258613,7.697496574623283
0.7,2.0,20269601,1779217.7333333332,1595528.6500000008,278057.0833333335,16704.0,77664.0,183689.08333333232,-15497.75,15497.75,-0.1130521209468579,-16704.0,-77664.0,-183234.83001360536,461291.91334693885,11.512741142776235
0.7,2.0,20269602,1776812.3,1595742.3166666673,275404.083333333,16997.100000000002,77337.0,181069.9833333327,-15437.75,15437.75,-0.11261443629864687,-16997.100000000002,-77337.0,-182476.69554544688,457880.7788787799,11.34706910020211
0.7,2.0,20269603,1779331.183333333,1595433.4333333336,277060.49999999953,16136.249999999996,77026.5,183897.74999999953,-15397.5,15397.5,-0.11232082284713862,-16136.249999999996,-77026.5,-181824.5827431789,458885.0827431785,11.526507227304531
0.85,0.0,20269601,1580144.4833333334,1579812.3,172.08333333372138,-72.10000000000036,-88.0,332.18333333334886,14.75,-14.75,0.00010759747601851721,72.10000000000036,88.0,172.08333333333326,3.881268639815971e-10,0.02102675952917627
0.85,0.0,20269602,1579212.9000000006,1580007.6499999994,-472.50000000023283,99.75,222.5,-794.7499999988358,-40.5,40.5,-0.0002954371375424314,-99.75,-222.5,-472.49999999999994,-2.3288748707273044e-10,-0.050300389368294264
0.85,0.0,20269603,1579324.5166666664,1579995.5999999992,-425.8333333339542,67.25,178.0,-671.0833333327901,-36.5,36.5,-0.0002662581609950143,-67.25,-178.0,-425.83333333333326,-6.209575076354668e-10,-0.04247374697326945
0.85,1.0,20269601,1641341.0,1589760.1500000004,67082.25,4260.9,11240.5,51580.84999999963,-2885.75,2885.75,-0.021050807892913137,-4260.9,-11240.5,-33892.11759993778,100974.36759993777,3.2445680563825694
0.85,1.0,20269602,1614767.2999999998,1589318.7999999998,36901.0,2256.000000000002,9196.5,25448.5,-1588.0,1588.0,-0.011584053689316809,-2256.000000000002,-9196.5,-18648.519765533067,55549.51976553307,1.6012205984098347
0.85,1.0,20269603,1664777.2,1589539.45,102122.0,6457.749999999998,20426.5,75237.75,-4455.0,4455.0,-0.03249808512966401,-6457.749999999998,-20426.5,-52328.43864272772,154450.43864272773,4.733304983402582
0.85,1.25,20269601,1685659.6916666664,1592186.4166666667,114791.87500000023,5805.0999999999985,15513.5,93473.27499999967,-3818.25,3818.25,-0.027853156800525358,-5805.0999999999985,-15513.5,-44914.53941770137,159706.4144177016,5.870749431193573
0.85,1.25,20269602,1676026.2458333327,1591413.6499999997,107266.14583333279,5356.049999999997,17297.5,84612.59583333298,-3542.75,3542.75,-0.025843454790823173,-5356.049999999997,-17297.5,-41657.803370519236,148923.94920385204,5.316819786818656
0.85,1.25,20269603,1718090.3749999995,1591256.1708333334,157613.8541666665,7578.6500000000015,23201.0,126834.20416666614,-5126.5,5126.5,-0.03739650581755838,-7578.6500000000015,-23201.0,-60262.582891658276,217876.43705832478,7.970696767211508
0.85,1.5,20269601,1809548.4583333328,1594819.55,259009.20833333395,9390.8,34889.5,214728.90833333274,-6524.5,6524.5,-0.047594558120873875,-9390.8,-34889.5,-76906.3098269948,335915.51816032873,13.464150745664782
0.85,1.5,20269602,1807431.7750000006,1594699.8916666666,256507.58333333442,9131.199999999999,34644.5,212731.883333334,-6502.0,6502.0,-0.04743042637779471,-9131.199999999999,-34644.5,-76640.41591527825,333147.9992486127,13.339932136760968
0.85,1.5,20269603,1806551.625,1594557.8666666662,255895.45833333395,9231.7,34670.0,211993.75833333377,-6502.75,6502.75,-0.04743589743589749,-9231.7,-34670.0,-76645.94759329865,332541.4059266326,13.294830044424465
0.85,1.75,20269601,1904098.5125000002,1600502.625,365113.4375,12465.550000000001,49052.0,303595.8875000002,-9556.5,9556.5,-0.06971222234380126,-12465.550000000001,-49052.0,-113114.43070037136,478227.8682003714,18.96878410305639
0.85,1.75,20269602,1901131.2000000002,1600676.0125,362190.9375,12140.25,49595.5,300455.18750000023,-9646.0,9646.0,-0.07036510194404944,-12140.25,-49595.5,-114176.71363345052,476367.6511334505,18.770518528027246
0.85,1.75,20269603,1895712.3125000007,1599882.5375,358199.625,12118.85,50251.0,295829.7750000006,-9576.5,9576.5,-0.06985811722653823,-12118.85,-50251.0,-113280.5039233717,471480.12892337167,18.49071841625752
0.85,2.0,20269601,1978904.666666666,1601651.666666666,442771.4999999993,12345.5,53173.0,377253.0,-10153.5,10153.5,-0.07406718459350048,-12345.5,-53173.0,-120210.75913566534,562982.2591356647,23.55399790424677
0.85,2.0,20269602,1973846.6999999997,1602411.933333333,438791.916666667,13079.15,54278.0,371434.7666666666,-10377.25,10377.25,-0.07569938359412043,-13079.15,-54278.0,-122893.92631357707,561685.8429802441,23.179730438852197
0.85,2.0,20269603,1973867.8666666667,1601090.666666667,439903.49999999907,12981.3,54145.0,372777.1999999997,-10339.5,10339.5,-0.07542400700295437,-12981.3,-54145.0,-122334.29580216596,562237.795802165,23.28270395680276
1.0,0.0,20269601,1582381.7666666661,1582216.1333333328,14.583333333488554,-9.049999999999272,-142.0,165.6333333333023,1.25,-1.25,9.118430171040082e-06,9.049999999999272,142.0,14.583333333333325,1.552287187678303e-10,0.010468439162249873
1.0,0.0,20269602,1582409.133333333,1582376.2166666668,-67.08333333325572,-44.5,-55.5,32.916666666278616,-5.75,5.75,-4.194477878671776e-05,44.5,55.5,-67.08333333333331,7.759126674500294e-11,0.002080204841274648
1.0,0.0,20269603,1582213.3499999999,1582147.9666666663,23.333333333022892,58.45000000000073,-100.5,65.38333333353512,2.0,-2.0,1.458948827370854e-05,-58.45000000000073,100.5,23.333333333333325,-3.1043256853990897e-10,0.004132567541788609
1.0,1.0,20269601,1762446.35,1592907.65,171981.5,1159.7999999999993,1283.0,169538.7000000002,-285.5,285.5,-0.0020826494510706173,-1159.7999999999993,-1283.0,-3353.7899041255614,175335.28990412556,10.643347716987874
1.0,1.0,20269602,1769201.0,1592982.1000000003,180109.5,1816.6000000000004,2074.0,176218.89999999967,-558.25,558.25,-0.004072290914396204,-1816.6000000000004,-2074.0,-6557.8686655799,186667.3686655799,11.062202142761029
1.0,1.0,20269603,1817902.2500000005,1593216.5,228482.0,1786.7499999999982,2009.5,224685.75000000047,-490.5,490.5,-0.0035780719991247434,-1786.7499999999982,-2009.5,-5763.4113070368785,234245.41130703688,14.102650204790152
1.0,1.25,20269601,1815839.358333333,1598180.654166667,220998.85416666698,1339.1499999999996,2001.0,217658.7041666659,-478.0,478.0,-0.0034868876974140095,-1339.1499999999996,-2001.0,-5632.729799673383,226631.58396634035,13.619155231243793
1.0,1.25,20269602,1828831.7666666668,1595815.0666666667,242743.75000000023,3408.5499999999975,6318.5,233016.7000000002,-1616.25,1616.25,-0.011790130211182803,-3408.5499999999975,-6318.5,-19020.26465068084,261764.01465068109,14.60173580681405
1.0,1.25,20269603,1812944.0625,1595242.8291666664,220633.3333333335,1557.6000000000022,1374.5,217701.23333333363,-510.5,510.5,-0.0037239668818614957,-1557.6000000000022,-1374.5,-6005.813453136148,226639.14678646965,13.646902487382304
1.0,1.5,20269601,2021274.9833333339,1600227.166666666,442208.4166666663,6117.5999999999985,15043.0,421047.8166666678,-3617.0,3617.0,-0.026385089542984352,-6117.5999999999985,-15043.0,-42679.69751926764,484888.1141859339,26.31175282092769
1.0,1.5,20269602,1975460.691666667,1600340.391666666,386493.99999999907,3605.2000000000007,7768.5,375120.300000001,-2019.0,2019.0,-0.01472808841229889,-3605.2000000000007,-7768.5,-23827.87867570462,410321.87867570366,23.44003200527445
1.0,1.5,20269603,1942201.9916666672,1599971.0666666662,347178.3749999993,2315.4500000000007,2632.0,342230.925000001,-830.25,830.25,-0.006056461319619455,-2315.4500000000007,-2632.0,-9794.807743687488,356973.1827436868,21.389819611738044
1.0,1.75,20269601,2120037.7875000006,1606949.2499999998,536406.9375,6914.400000000003,16404.0,513088.5375000008,-3913.25,3913.25,-0.028546157493525848,-6914.400000000003,-16404.0,-46382.46638304484,582789.4038830448,31.92935542301668
1.0,1.75,20269602,2067572.0499999996,1606934.112499999,475281.1875,4710.25,9933.0,460637.93750000047,-2492.75,2492.75,-0.018183973447131407,-4710.25,-9933.0,-29548.343045257956,504829.53054525796,28.665639363605255
1.0,1.75,20269603,2066507.05,1606975.5499999993,474477.5,4820.499999999998,10125.5,459531.5000000007,-2530.0,2530.0,-0.018455702666228868,-4820.499999999998,-10125.5,-29989.889426108894,504467.3894261089,28.596048023257158
1.0,2.0,20269601,2229007.2833333323,1610792.8499999996,645915.8333333328,7301.4,20400.0,618214.4333333327,-4850.0,4850.0,-0.03537950906371956,-7301.4,-20400.0,-57611.54343833101,703527.3767716638,38.37951188654288
1.0,2.0,20269602,2167958.3833333324,1611840.2666666664,574712.9166666663,5018.800000000003,13576.0,556118.116666666,-3343.75,3343.75,-0.024391800707590283,-5018.800000000003,-13576.0,-39754.59409022754,614467.5107568938,34.50206128779341
1.0,2.0,20269603,2167037.866666666,1610236.9666666673,575707.4999999995,5195.0999999999985,13711.5,556800.899999999,-3370.5,3370.5,-0.02458693511325105,-5195.0999999999985,-13711.5,-40025.27376426551,615732.773764265,34.57881737447787
