case_id,case_label,group,parameter,level,n,t,method,n_paths,n_training_seeds,n_replications_per_cell,total_profit,total_revenue,holding_cost,lost_sales_cost,total_sales,total_final_lost,fill_rate,unit_profit,min_path_seed_profit,max_path_seed_profit
n3_t150,"K = 3, T = 150",产品数量与期限,规模,1.0,3,150,full,5,5,4,831523.0439999999,848303.22,8488.856000000002,8291.32,66587.96,1872.24,0.9726541057249043,1847.8289866666664,791632.7500000001,855061.4499999997
n3_t150,"K = 3, T = 150",产品数量与期限,规模,1.0,3,150,fixed_schedule,5,5,4,846595.8000000002,873276.5,10664.62,16016.08,65045.06,3415.14,0.9501199761246322,1881.3240000000003,823427.5500000002,866248.6000000001
n3_t150,"K = 3, T = 150",产品数量与期限,规模,1.0,3,150,d2as2,5,5,4,765835.1120000001,808021.39,10468.478000000001,31717.8,63899.73,4560.47,0.9333849796243819,1701.8558044444446,750478.8,775838.35
n3_t150,"K = 3, T = 150",产品数量与期限,规模,1.0,3,150,ppo,5,5,4,755056.7179999999,780954.41,5610.792,20286.9,65813.89,2646.31,0.9613473847572132,1677.9038177777775,698226.25,795847.7000000002
n3_t150,"K = 3, T = 150",产品数量与期限,规模,1.0,3,150,no_exploration,5,5,4,807666.3759999999,827080.14,8548.844000000001,10864.92,66418.02,2042.18,0.9701725208931081,1794.8141688888888,789628.3500000001,840989.1000000001
n3_t150,"K = 3, T = 150",产品数量与期限,规模,1.0,3,150,no_substitution,5,5,4,792364.896,800301.66,6044.283999999999,1892.48,68175.06,285.14,0.9958358119019476,1760.81088,790215.6500000001,794428.7
n3_t150,"K = 3, T = 150",产品数量与期限,规模,1.0,3,150,reset_all,5,5,4,817842.7939999999,837235.1,8552.666,10839.64,66345.3,2114.9,0.9691121163426429,1817.4284311111107,805862.1000000001,842830.1499999998
n3_t150,"K = 3, T = 150",产品数量与期限,规模,1.0,3,150,no_reset,5,5,4,827068.006,843375.37,7771.4839999999995,8535.88,66672.64,1787.56,0.9738916261766803,1837.9289022222224,779579.3499999999,863202.75
n3_t150,"K = 3, T = 150",产品数量与期限,规模,1.0,3,150,informed,5,5,4,869838.74,890957.58,8839.1,12279.74,65477.91,2982.29,0.9564382586530905,1932.9749777777777,867266.2500000002,872609.1999999998
n3_t300,"K = 3, T = 300 (central)",产品数量与期限,规模,1.0,3,300,full,5,5,4,1669916.91,1704269.9,17332.17,17020.82,132906.26,3926.74,0.9713033389533685,1855.4632333333332,1611582.6,1732448.3000000003
n3_t300,"K = 3, T = 300 (central)",产品数量与期限,规模,1.0,3,300,fixed_schedule,5,5,4,1699897.4760000003,1751533.62,21035.604,30600.54,130174.1,6658.9,0.9513362398923101,1888.7749733333337,1644495.9999999995,1734648.9999999993
n3_t300,"K = 3, T = 300 (central)",产品数量与期限,规模,1.0,3,300,d2as2,5,5,4,1607019.888,1674785.2,19389.892,48375.42,128840.88,7992.12,0.9415920678097237,1785.5776533333333,1578345.0999999999,1625623.1499999997
n3_t300,"K = 3, T = 300 (central)",产品数量与期限,规模,1.0,3,300,ppo,5,5,4,1551798.7780000002,1587205.93,10599.912,24807.24,133324.47,3508.53,0.9743583511519924,1724.2208644444447,1440411.7,1597972.7500000005
n3_t300,"K = 3, T = 300 (central)",产品数量与期限,规模,1.0,3,300,no_exploration,5,5,4,1621010.862,1661386.95,17387.848,22988.24,132454.96,4378.04,0.9680059446295404,1801.12318,1574763.5500000003,1684581.7000000004
n3_t300,"K = 3, T = 300 (central)",产品数量与期限,规模,1.0,3,300,no_substitution,5,5,4,1583882.81,1599299.34,12075.11,3341.42,136335.21,497.79,0.9963625771006045,1759.869788888889,1578525.2000000002,1587299.8000000003
n3_t300,"K = 3, T = 300 (central)",产品数量与期限,规模,1.0,3,300,reset_all,5,5,4,1645542.7380000001,1681041.72,16762.742,18736.24,132950.43,3882.57,0.9716237104161409,1828.38082,1621672.85,1677242.5499999993
n3_t300,"K = 3, T = 300 (central)",产品数量与期限,规模,1.0,3,300,no_reset,5,5,4,1658650.1940000001,1692248.59,15807.876,17790.52,133071.12,3761.88,0.9725082154168166,1842.94466,1554066.1,1700709.8000000003
n3_t300,"K = 3, T = 300 (central)",产品数量与期限,规模,1.0,3,300,informed,5,5,4,1738855.414,1780984.34,17779.906000000003,24349.02,130887.31,5945.69,0.9565479200696408,1932.0615711111113,1733704.7,1743600.1500000001
n3_t600,"K = 3, T = 600",产品数量与期限,规模,1.0,3,600,full,5,5,4,3341205.234,3410062.4,34552.526,34304.64,265754.08,7903.32,0.9711206378054713,1856.22513,3163181.75,3471290.2500000005
n3_t600,"K = 3, T = 600",产品数量与期限,规模,1.0,3,600,fixed_schedule,5,5,4,3400899.5999999996,3503487.4,41272.54,61315.26,260330.58,13326.82,0.9513012849164723,1889.3886666666665,3290801.3500000006,3471423.300000001
n3_t600,"K = 3, T = 600",产品数量与期限,规模,1.0,3,600,d2as2,5,5,4,3255801.0679999995,3384913.44,37579.412000000004,91532.96,257909.2,15748.2,0.9424544597158345,1808.7783711111108,3174486.95,3289260.85
n3_t600,"K = 3, T = 600",产品数量与期限,规模,1.0,3,600,ppo,5,5,4,3144380.4080000008,3210128.1,18714.452,47033.24,266730.05,6927.35,0.9746867375446234,1746.878004444445,3050851.150000001,3189629.8500000024
n3_t600,"K = 3, T = 600",产品数量与期限,规模,1.0,3,600,no_exploration,5,5,4,3263666.1020000004,3350280.33,35627.268,50986.96,263816.39,9841.01,0.9640448630552302,1813.1478344444447,3154758.0,3373038.1
n3_t600,"K = 3, T = 600",产品数量与期限,规模,1.0,3,600,no_substitution,5,5,4,3168804.458,3198923.42,24036.321999999996,6082.64,272742.41,914.99,0.9966565623804502,1760.4469211111111,3160789.8000000003,3175623.9999999995
n3_t600,"K = 3, T = 600",产品数量与期限,规模,1.0,3,600,reset_all,5,5,4,3291484.5520000006,3359181.88,32936.968,34760.36,266341.49,7315.91,0.9732677304909536,1828.6025288888893,3167562.999999999,3387854.8499999987
n3_t600,"K = 3, T = 600",产品数量与期限,规模,1.0,3,600,no_reset,5,5,4,3316720.22,3382689.05,31372.45,34596.38,266300.48,7356.92,0.9731175482867559,1842.6223444444445,3124893.0500000003,3474468.0999999987
n3_t600,"K = 3, T = 600",产品数量与期限,规模,1.0,3,600,informed,5,5,4,3477376.1800000006,3561534.71,35541.71,48616.82,261781.46,11875.94,0.9566029604957462,1931.8756555555558,3467149.0000000005,3484518.75
n5_t150,"K = 5, T = 150",产品数量与期限,规模,1.0,5,150,full,5,5,4,1351048.4201631586,1380548.8647540985,13848.346551724133,15652.098039215687,111000.24,3254.16,0.9715145789687191,1801.397893550878,1311443.0946834923,1437442.2891464103
n5_t150,"K = 5, T = 150",产品数量与期限,规模,1.0,5,150,fixed_schedule,5,5,4,1340171.7307060598,1367480.7062841533,13188.857931034481,14120.117647058823,111447.4,2807.0,0.9754325373604419,1786.8956409414131,1309368.7088778415,1379914.2265792128
n5_t150,"K = 5, T = 150",产品数量与期限,规模,1.0,5,150,d2as2,5,5,4,1283388.5836549953,1337638.3770491804,15437.3424137931,38812.45098039216,108485.3,5769.1,0.9495037838937499,1711.1847782066604,1270259.7068882384,1299221.1004029089
n5_t150,"K = 5, T = 150",产品数量与期限,规模,1.0,5,150,ppo,5,5,4,1168412.8620860353,1250938.3756830604,14788.337126436782,67737.17647058824,105817.22,8437.18,0.9261609376028243,1557.8838161147137,882200.3102090472,1258354.6576746586
n5_t150,"K = 5, T = 150",产品数量与期限,规模,1.0,5,150,no_exploration,5,5,4,1329300.785616777,1355863.2978142076,12894.374942528731,13668.137254901962,111675.97,2578.43,0.9774347399965285,1772.4010474890358,1305972.9106174973,1379168.017499086
n5_t150,"K = 5, T = 150",产品数量与期限,规模,1.0,5,150,no_substitution,5,5,4,1316794.108006961,1329899.8674863388,10038.877126436779,3066.8823529411766,113819.82,434.58,0.9961967965225899,1755.7254773426146,1310334.1371191214,1321325.9305994306
n5_t150,"K = 5, T = 150",产品数量与期限,规模,1.0,5,150,reset_all,5,5,4,1330566.7056084638,1357998.680327869,12904.072758620689,14527.901960784313,111550.34,2704.06,0.9763345568206538,1774.088940811285,1319042.9137127437,1350486.1847476696
n5_t150,"K = 5, T = 150",产品数量与期限,规模,1.0,5,150,no_reset,5,5,4,1339534.631063634,1369810.1475409835,12455.104712643675,17820.411764705885,110921.13,3333.27,0.9708217841156962,1786.0461747515121,1304327.855351977,1432576.941894169
n5_t150,"K = 5, T = 150",产品数量与期限,规模,1.0,5,150,informed,5,5,4,1455968.2639981601,1494314.203551913,12778.80229885057,25567.13725490194,107889.54,6364.86,0.9442926364799094,1941.2910186642134,1449926.5422693666,1460680.801496913
n5_t300,"K = 5, T = 300",产品数量与期限,规模,1.0,5,300,full,5,5,4,2705786.315106353,2763186.034153006,27577.562183908034,29822.156862745098,221776.27,6334.73,0.9722307989046202,1803.8575434042352,2618631.8170341062,2860518.66913566
n5_t300,"K = 5, T = 300",产品数量与期限,规模,1.0,5,300,fixed_schedule,5,5,4,2679607.4901889847,2734073.081967213,26516.70942528735,27948.882352941182,222507.34,5603.66,0.9754345503525788,1786.4049934593231,2630543.1952304943,2763021.741697979
n5_t300,"K = 5, T = 300",产品数量与期限,规模,1.0,5,300,d2as2,5,5,4,2620417.5537980916,2729732.603825137,31770.442183908042,77544.60784313729,215674.54,12436.46,0.945480464307899,1746.9450358653944,2601379.4079379067,2640260.6024202215
n5_t300,"K = 5, T = 300",产品数量与期限,规模,1.0,5,300,ppo,5,5,4,2442753.4465435217,2551807.5218579234,23880.800804597697,85173.27450980392,217392.46,10718.54,0.9530128343413667,1628.5022976956811,2292159.9552533277,2563558.9886997193
n5_t300,"K = 5, T = 300",产品数量与期限,规模,1.0,5,300,no_exploration,5,5,4,2667732.223994503,2719291.855191257,25796.984137931027,25762.647058823528,223094.39,5016.61,0.9780095443342336,1778.4881493296684,2614933.2790238205,2763205.247334265
n5_t300,"K = 5, T = 300",产品数量与期限,规模,1.0,5,300,no_substitution,5,5,4,2631884.7907583774,2656980.2267759563,20338.024252873554,4757.411764705883,227427.58,683.42,0.9970042180103743,1754.589860505585,2622436.235258094,2638581.1421596333
n5_t300,"K = 5, T = 300",产品数量与期限,规模,1.0,5,300,reset_all,5,5,4,2670314.634240792,2722599.1448087436,25758.74586206896,26525.764705882357,222970.35,5140.65,0.9774656942568336,1780.209756160528,2639724.9942556443,2710658.905180726
n5_t300,"K = 5, T = 300",产品数量与期限,规模,1.0,5,300,no_reset,5,5,4,2674967.329869429,2736311.1024590163,25086.321609195395,36257.45098039216,221318.14,6792.86,0.970221621146173,1783.3115532462862,2605198.018502201,2808771.7793397177
n5_t300,"K = 5, T = 300",产品数量与期限,规模,1.0,5,300,informed,5,5,4,2908527.5656447094,2984983.9125683066,25960.739080459763,50495.60784313726,215488.82,12622.18,0.9446665471518572,1939.018377096473,2898559.9992185696,2913359.654158214
n5_t600,"K = 5, T = 600",产品数量与期限,规模,1.0,5,600,full,5,5,4,5426113.146435452,5536480.661202187,53738.96574712642,56628.549019607846,444160.42,12213.58,0.9732402435229787,1808.7043821451505,5237746.386260102,5722933.218285506
n5_t600,"K = 5, T = 600",产品数量与期限,规模,1.0,5,600,fixed_schedule,5,5,4,5368871.088245603,5477927.459016395,52560.547241379296,56495.82352941177,444945.38,11428.62,0.9749601063278616,1789.6236960818678,5250878.657380929,5524780.418265553
n5_t600,"K = 5, T = 600",产品数量与期限,规模,1.0,5,600,d2as2,5,5,4,5347648.8574804645,5558448.8989071045,62833.061034482744,147966.98039215698,430995.05,25378.95,0.9443906815055026,1782.5496191601549,5330872.5094658565,5362018.650181782
n5_t600,"K = 5, T = 600",产品数量与期限,规模,1.0,5,600,ppo,5,5,4,4995995.995379355,5181966.072404372,46743.60643678159,139226.4705882353,437925.47,18448.53,0.9595749096781571,1665.331998459785,4716937.201066298,5143967.105748235
n5_t600,"K = 5, T = 600",产品数量与期限,规模,1.0,5,600,no_exploration,5,5,4,5342425.05121859,5446925.36748634,51511.53195402297,52988.7843137255,445970.05,10403.95,0.9772033007047644,1780.8083504061965,5240646.201468088,5522948.53465179
n5_t600,"K = 5, T = 600",产品数量与期限,规模,1.0,5,600,no_substitution,5,5,4,5265358.427385918,5314816.538251368,40350.32655172413,9107.78431372549,455075.2,1298.8,0.9971542190432247,1755.119475795306,5255421.107671332,5277293.907655262
n5_t600,"K = 5, T = 600",产品数量与期限,规模,1.0,5,600,reset_all,5,5,4,5356626.548621356,5461728.50273224,51215.561954022975,53886.392156862756,445719.03,10654.97,0.9766541559287208,1785.5421828737851,5297645.092336425,5414807.425963489
n5_t600,"K = 5, T = 600",产品数量与期限,规模,1.0,5,600,no_reset,5,5,4,5374115.762865362,5500019.105191257,50175.734482758606,75727.60784313726,441892.31,14481.69,0.9682665187817514,1791.3719209551207,5199193.32574347,5700381.888075133
n5_t600,"K = 5, T = 600",产品数量与期限,规模,1.0,5,600,informed,5,5,4,5817952.201278002,5971039.972677596,51689.39885057471,101398.37254901984,431086.93,25287.07,0.9445914103588768,1939.3174004260006,5809420.4786741175,5828325.375333913
n10_t150,"K = 10, T = 150",产品数量与期限,规模,1.0,10,150,full,5,5,4,2624060.023944099,2667198.292753623,22395.372976190476,20742.895833333332,225023.38,3069.22,0.9865442028815622,1749.373349296066,2610877.8804347822,2638780.31871118
n10_t150,"K = 10, T = 150",产品数量与期限,规模,1.0,10,150,fixed_schedule,5,5,4,2624468.875962733,2666162.850724637,22291.6830952381,19402.291666666668,225233.96,2858.64,0.9874676950403511,1749.6459173084886,2604473.6301759835,2637467.9395703934
n10_t150,"K = 10, T = 150",产品数量与期限,规模,1.0,10,150,d2as2,5,5,4,2491656.868198757,2594495.673913043,27713.70154761905,75125.10416666669,218949.54,9143.06,0.9599152299115262,1661.1045787991713,2484820.7911490677,2501005.8972567283
n10_t150,"K = 10, T = 150",产品数量与期限,规模,1.0,10,150,ppo,5,5,4,2278261.881894409,2464162.8159420285,34350.954880952384,151549.97916666666,210103.83,17988.77,0.9211321199812045,1518.8412545962728,2175575.5842391304,2361758.185170807
n10_t150,"K = 10, T = 150",产品数量与期限,规模,1.0,10,150,no_exploration,5,5,4,2624950.9406884057,2666372.5565217384,22174.97,19246.645833333336,225258.99,2833.61,0.9875774083534274,1749.9672937922705,2604473.6301759835,2639312.5920031043
n10_t150,"K = 10, T = 150",产品数量与期限,规模,1.0,10,150,no_substitution,5,5,4,2619588.2718478255,2656041.1043478255,21528.68666666667,14924.145833333336,226066.0,2026.6,0.991115300039001,1746.3921812318836,2601206.947075569,2630880.6713250517
n10_t150,"K = 10, T = 150",产品数量与期限,规模,1.0,10,150,reset_all,5,5,4,2612157.96295031,2661140.289855072,22896.59773809524,26085.72916666667,224369.72,3722.88,0.9836783480269438,1741.4386419668735,2600781.017598344,2624592.1207298124
n10_t150,"K = 10, T = 150",产品数量与期限,规模,1.0,10,150,no_reset,5,5,4,2601340.5569565212,2651976.3869565213,21635.16333333334,29000.666666666664,224281.1,3811.5,0.9832902300471027,1734.2270379710142,2553063.528209109,2622572.707686336
n10_t150,"K = 10, T = 150",产品数量与期限,规模,1.0,10,150,informed,5,5,4,2668635.1171169765,2690950.723188406,12960.522738095238,9355.083333333332,226307.85,1784.75,0.9921752275117085,1779.0900780779843,2662706.9472049684,2672225.4723084876
n10_t300,"K = 10, T = 300",产品数量与期限,规模,1.0,10,300,full,5,5,4,5244660.952127329,5328744.44057971,43614.530119047624,40468.958333333336,450627.06,5810.54,0.9872700729487789,1748.2203173757764,5222022.1616200805,5280826.58178054
n10_t300,"K = 10, T = 300",产品数量与期限,规模,1.0,10,300,fixed_schedule,5,5,4,5249662.364730849,5332285.78115942,43938.916428571436,38684.5,450809.56,5628.04,0.9876698727299221,1749.887454910283,5205820.473731882,5278775.216226708
n10_t300,"K = 10, T = 300",产品数量与期限,规模,1.0,10,300,d2as2,5,5,4,5011434.630771221,5204046.328985507,53625.78154761905,138985.91666666666,439358.14,17079.46,0.9625810983616025,1670.4782102570734,5000073.7639751565,5038523.980201862
n10_t300,"K = 10, T = 300",产品数量与期限,规模,1.0,10,300,ppo,5,5,4,4701653.987629398,5019456.217391303,64022.688095238096,253779.54166666663,425815.82,30621.78,0.9329115377651191,1567.217995876466,4499055.531314697,4988477.853390271
n10_t300,"K = 10, T = 300",产品数量与期限,规模,1.0,10,300,no_exploration,5,5,4,5246005.088421324,5328479.647826087,43702.642738095245,38771.91666666667,450876.14,5561.46,0.9878156510576105,1748.668362807108,5205820.473731882,5275844.362965838
n10_t300,"K = 10, T = 300",产品数量与期限,规模,1.0,10,300,no_substitution,5,5,4,5238515.756796066,5310984.98405797,42470.45642857144,29998.770833333336,452457.8,3979.8,0.991281124501002,1746.171918932022,5212330.431288818,5265935.289725674
n10_t300,"K = 10, T = 300",产品数量与期限,规模,1.0,10,300,reset_all,5,5,4,5229698.195196686,5323811.297101449,44941.91440476191,49171.1875,449497.5,6940.1,0.9847950189539004,1743.2327317322288,5205912.278985505,5267119.250517596
n10_t300,"K = 10, T = 300",产品数量与期限,规模,1.0,10,300,no_reset,5,5,4,5213126.339373705,5315988.614492753,42106.94178571429,60755.33333333334,448169.5,8268.1,0.981886119962209,1737.708779791235,5124682.120859211,5249747.7008281555
n10_t300,"K = 10, T = 300",产品数量与期限,规模,1.0,10,300,informed,5,5,4,5336769.174182192,5382655.092753623,25824.564404761913,20061.354166666675,452709.04,3728.56,0.9918312069331254,1778.923058060731,5326753.607142853,5344440.972179087
n10_t600,"K = 10, T = 600",产品数量与期限,规模,1.0,10,600,full,5,5,4,10496184.85568323,10658354.781159418,86178.15464285715,75991.77083333334,901840.98,10952.62,0.9880009591195524,1749.3641426138715,10444157.272774322,10539463.454451345
n10_t600,"K = 10, T = 600",产品数量与期限,规模,1.0,10,600,fixed_schedule,5,5,4,10503299.397453414,10666461.755072463,86658.23261904763,76504.125,901600.32,11193.28,0.9877374166300236,1750.549899575569,10438752.659032091,10561601.78843167
n10_t600,"K = 10, T = 600",产品数量与期限,规模,1.0,10,600,d2as2,5,5,4,10142446.142287783,10472652.17681159,99872.05535714288,230333.9791666667,883859.72,28933.88,0.9683018765561274,1690.4076903812972,10125036.283514492,10182622.116200827
n10_t600,"K = 10, T = 600",产品数量与期限,规模,1.0,10,600,ppo,5,5,4,9577513.869943064,10134438.83768116,117597.67607142858,439327.2916666666,859780.03,53013.57,0.9419216747386148,1596.2523116571772,9345798.040760867,9929105.31871118
n10_t600,"K = 10, T = 600",产品数量与期限,规模,1.0,10,600,no_exploration,5,5,4,10496872.802572463,10659588.688405795,86415.09416666668,76300.79166666667,901770.63,11022.97,0.9879239019289926,1749.4788004287439,10442827.240165636,10557536.85313147
n10_t600,"K = 10, T = 600",产品数量与期限,规模,1.0,10,600,no_substitution,5,5,4,10496492.263447205,10634757.32463768,84512.49869047622,53752.5625,905525.68,7267.92,0.9920377118641297,1749.4153772412008,10457298.609083854,10533115.08850932
n10_t600,"K = 10, T = 600",产品数量与期限,规模,1.0,10,600,reset_all,5,5,4,10460721.465170808,10643983.48695652,87860.50095238097,95401.52083333334,899391.11,13402.49,0.9853171248270627,1743.453577528468,10422325.299948236,10521741.041666668
n10_t600,"K = 10, T = 600",产品数量与期限,规模,1.0,10,600,no_reset,5,5,4,10439295.363395443,10636927.537681157,84758.34095238097,112873.83333333334,897371.13,15422.47,0.9831041713841318,1739.8825605659072,10309839.725672884,10516251.835144922
n10_t600,"K = 10, T = 600",产品数量与期限,规模,1.0,10,600,informed,5,5,4,10672971.483348861,10764643.126086958,51695.12190476191,39976.52083333331,905365.64,7427.96,0.9918624132085084,1778.8285805581436,10669093.984083854,10676377.484860247
seasons_3,3 demand stages,阶段数量与日历结构,seasons,3,3,300,full,5,5,4,1663287.6640000003,1695312.67,16357.365999999998,15667.64,133236.1,3598.1,0.9736999708057122,1848.097404444445,1609897.5,1731579.1999999997
seasons_3,3 demand stages,阶段数量与日历结构,seasons,3,3,300,fixed_schedule,5,5,4,1689062.36,1729786.93,18437.03,22287.54,131740.55,5093.65,0.9627702725150726,1876.7359555555556,1580445.4000000006,1734597.9000000004
seasons_3,3 demand stages,阶段数量与日历结构,seasons,3,3,300,d2as2,5,5,4,1586102.466,1646079.85,17910.124,42067.26,130200.35,6633.85,0.9515197787150126,1762.3360733333334,1578687.9,1592597.6499999997
seasons_3,3 demand stages,阶段数量与日历结构,seasons,3,3,300,ppo,5,5,4,1495529.708,1553478.32,11909.632,46038.98,130960.46,5873.74,0.9570721133032976,1661.6996755555556,1311272.3,1584272.6500000004
seasons_3,3 demand stages,阶段数量与日历结构,seasons,3,3,300,no_exploration,5,5,4,1599221.606,1632398.07,15212.603999999998,17963.86,133600.1,3234.1,0.9763637464428915,1776.9128955555555,1565416.4500000002,1655464.5
seasons_3,3 demand stages,阶段数量与日历结构,seasons,3,3,300,no_substitution,5,5,4,1587524.914,1600383.63,11683.395999999999,1175.32,136633.74,200.46,0.9985350016891661,1763.9165711111111,1582419.25,1590152.2000000002
seasons_3,3 demand stages,阶段数量与日历结构,seasons,3,3,300,reset_all,5,5,4,1658023.6600000004,1694829.39,16827.63,19978.1,132576.87,4257.33,0.9688850420464493,1842.2485111111116,1623732.3500000006,1691804.25
seasons_3,3 demand stages,阶段数量与日历结构,seasons,3,3,300,no_reset,5,5,4,1626873.0680000002,1665198.82,15140.351999999997,23185.4,132684.78,4149.42,0.9696710199796605,1807.6367422222224,1524192.3499999999,1728400.8500000003
seasons_3,3 demand stages,阶段数量与日历结构,seasons,3,3,300,informed,5,5,4,1741255.36,1781487.39,16409.13,23822.9,130961.21,5872.99,0.9570794979122467,1934.728177777778,1736474.05,1744395.9500000002
seasons_10,10 demand stages,阶段数量与日历结构,seasons,10,3,300,full,5,5,4,1681610.362,1717729.73,17992.928,18126.44,132605.93,4271.67,0.9687988387834018,1868.4559577777777,1609522.2499999998,1736318.5999999992
seasons_10,10 demand stages,阶段数量与日历结构,seasons,10,3,300,fixed_schedule,5,5,4,1707504.136,1756354.98,20887.843999999997,27963.0,130554.05,6323.55,0.9538034447297163,1897.2268177777778,1646756.75,1735345.3499999999
seasons_10,10 demand stages,阶段数量与日历结构,seasons,10,3,300,d2as2,5,5,4,1529298.9880000001,1616744.95,21355.982000000004,66089.98,127451.93,9425.67,0.9311381736889992,1699.221097777778,1518054.7499999998,1540451.2499999993
seasons_10,10 demand stages,阶段数量与日历结构,seasons,10,3,300,ppo,5,5,4,1541355.614,1581312.51,9341.756,30615.14,132855.24,4022.36,0.9706161740025155,1712.617348888889,1405060.9500000002,1600937.8
seasons_10,10 demand stages,阶段数量与日历结构,seasons,10,3,300,no_exploration,5,5,4,1611235.114,1639522.96,15146.366000000002,13141.48,134312.65,2564.95,0.9812628207155477,1790.2612377777778,1580612.0999999994,1651262.5
seasons_10,10 demand stages,阶段数量与日历结构,seasons,10,3,300,no_substitution,5,5,4,1584677.5380000002,1600119.55,12096.131999999998,3345.88,136367.3,510.3,0.9962729517300676,1760.7528200000002,1579130.9500000002,1588577.7
seasons_10,10 demand stages,阶段数量与日历结构,seasons,10,3,300,reset_all,5,5,4,1618290.5979999998,1651681.41,16062.431999999999,17328.38,133546.4,3331.2,0.9756668277627447,1798.1006644444442,1602109.4499999997,1635035.4499999997
seasons_10,10 demand stages,阶段数量与日历结构,seasons,10,3,300,no_reset,5,5,4,1658173.72,1691391.08,15623.56,17593.8,133168.45,3709.15,0.972905252052488,1842.4152444444444,1573068.95,1735472.2500000005
seasons_10,10 demand stages,阶段数量与日历结构,seasons,10,3,300,informed,5,5,4,1740041.1139999998,1781757.44,17418.446,24297.88,130934.92,5942.68,0.9565843456262861,1933.3790155555553,1733835.5499999993,1746337.0999999999
capacity_0.8,Capacity: 0.8 x baseline,容量松紧,capacity,0.8,3,300,full,5,5,4,1556348.1020000002,1681620.74,4208.438,121064.2,114357.62,22475.38,0.8357485786244289,1729.2756688888892,1516777.5999999999,1584390.4999999998
capacity_0.8,Capacity: 0.8 x baseline,容量松紧,capacity,0.8,3,300,fixed_schedule,5,5,4,1584314.16,1710175.85,4687.469999999999,121174.22,114018.45,22814.55,0.8332691333150436,1760.3490666666667,1532444.7999999998,1610505.2999999998
capacity_0.8,Capacity: 0.8 x baseline,容量松紧,capacity,0.8,3,300,d2as2,5,5,4,1301806.866,1472549.18,3401.3140000000003,167341.0,114162.21,22670.79,0.8343193977470205,1446.4520733333331,1298669.35,1306150.7
capacity_0.8,Capacity: 0.8 x baseline,容量松紧,capacity,0.8,3,300,ppo,5,5,4,1172656.136,1363723.13,2.8539999999999996,191064.14,113305.06,23527.94,0.8280556740840279,1302.951262222222,1116194.75,1205972.5
capacity_0.8,Capacity: 0.8 x baseline,容量松紧,capacity,0.8,3,300,no_exploration,5,5,4,1553691.0180000004,1678409.84,4021.8819999999996,120696.94,114484.53,22348.47,0.8366764235921377,1726.3233533333337,1498106.1,1584269.2999999998
capacity_0.8,Capacity: 0.8 x baseline,容量松紧,capacity,0.8,3,300,no_substitution,5,5,4,1577400.8380000002,1697105.38,788.382,118916.16,116767.96,20065.04,0.8533629183288893,1752.667597777778,1572986.6,1579927.3000000003
capacity_0.8,Capacity: 0.8 x baseline,容量松紧,capacity,0.8,3,300,reset_all,5,5,4,1551127.344,1678903.32,4852.096,122923.88,113926.11,22906.89,0.8325963350040179,1723.4748266666668,1519760.15,1575998.8499999996
capacity_0.8,Capacity: 0.8 x baseline,容量松紧,capacity,0.8,3,300,no_reset,5,5,4,1548848.644,1672158.54,3295.216,120014.68,114982.99,21850.01,0.8403165364868406,1720.9429377777778,1512833.05,1580995.75
capacity_0.8,Capacity: 0.8 x baseline,容量松紧,capacity,0.8,3,300,informed,5,5,4,1625741.8400000003,1747208.08,4254.04,117212.2,114283.31,22549.69,0.8352038449890716,1806.3798222222226,1623313.8499999994,1629782.5999999999
capacity_0.9,Capacity: 0.9 x baseline,容量松紧,capacity,0.9,3,300,full,5,5,4,1646411.6559999997,1708819.94,7522.644000000001,54885.64,126430.42,10402.58,0.9239792999691665,1829.346284444444,1609998.7499999998,1693651.6
capacity_0.9,Capacity: 0.9 x baseline,容量松紧,capacity,0.9,3,300,fixed_schedule,5,5,4,1636587.9980000001,1705783.96,8857.561999999998,60338.4,125474.1,11358.9,0.9169905183699495,1818.431108888889,1575363.1,1686270.15
capacity_0.9,Capacity: 0.9 x baseline,容量松紧,capacity,0.9,3,300,d2as2,5,5,4,1469496.862,1544996.67,4840.8279999999995,70658.98,127596.82,9236.18,0.9325017839621782,1632.774291111111,1465359.7000000002,1473573.9499999997
capacity_0.9,Capacity: 0.9 x baseline,容量松紧,capacity,0.9,3,300,ppo,5,5,4,1441733.118,1524955.68,1056.142,82166.42,126506.28,10326.72,0.9245324338311943,1601.9256866666667,1385016.0,1494851.45
capacity_0.9,Capacity: 0.9 x baseline,容量松紧,capacity,0.9,3,300,no_exploration,5,5,4,1614389.0560000003,1682722.86,8336.124,59997.68,125815.93,11017.07,0.9194889264377928,1793.765617777778,1550049.85,1664512.4000000004
capacity_0.9,Capacity: 0.9 x baseline,容量松紧,capacity,0.9,3,300,no_substitution,5,5,4,1588695.5180000002,1629711.84,2199.7419999999997,38816.58,130392.97,6440.03,0.9529376944395119,1765.2172422222225,1566219.5499999998,1613024.45
capacity_0.9,Capacity: 0.9 x baseline,容量松紧,capacity,0.9,3,300,reset_all,5,5,4,1622143.656,1686237.21,7231.313999999999,56862.24,126531.22,10301.78,0.924713768820046,1802.38184,1592419.8,1641403.2500000005
capacity_0.9,Capacity: 0.9 x baseline,容量松紧,capacity,0.9,3,300,no_reset,5,5,4,1639997.4640000004,1698175.58,5733.996,52444.12,127467.45,9365.55,0.9315543666118578,1822.2194044444448,1580183.9,1686614.3499999996
capacity_0.9,Capacity: 0.9 x baseline,容量松紧,capacity,0.9,3,300,informed,5,5,4,1712493.7019999998,1760075.0,5334.0779999999995,42247.22,128124.94,8708.06,0.9363613118071986,1902.7707799999998,1710054.2999999998,1716363.9500000002
capacity_1.1,Capacity: 1.1 x baseline,容量松紧,capacity,1.1,3,300,full,5,5,4,1658416.9919999999,1710200.49,27860.838,23922.66,131754.33,5078.67,0.9628874273215305,1842.6855466666666,1603859.7500000002,1727687.5500000005
capacity_1.1,Capacity: 1.1 x baseline,容量松紧,capacity,1.1,3,300,fixed_schedule,5,5,4,1688338.9800000002,1747389.14,29914.520000000004,29135.64,130475.43,6357.57,0.9535392277819023,1875.9322000000002,1636920.4500000004,1725049.0500000005
capacity_1.1,Capacity: 1.1 x baseline,容量松紧,capacity,1.1,3,300,d2as2,5,5,4,1610785.36,1679904.17,26764.43,42354.38,129699.46,7133.54,0.9478675231117921,1789.7615111111113,1601584.4999999993,1618364.2
capacity_1.1,Capacity: 1.1 x baseline,容量松紧,capacity,1.1,3,300,ppo,5,5,4,1540417.9360000002,1586348.83,26032.234000000004,19898.66,134057.9,2775.1,0.9797182090621938,1711.5754844444448,1393935.1500000001,1583271.65
capacity_1.1,Capacity: 1.1 x baseline,容量松紧,capacity,1.1,3,300,no_exploration,5,5,4,1623172.3920000002,1682949.2,26682.487999999998,33094.32,130627.2,6205.8,0.954647930133151,1803.5248800000002,1597906.5500000003,1678239.5000000002
capacity_1.1,Capacity: 1.1 x baseline,容量松紧,capacity,1.1,3,300,no_substitution,5,5,4,1571800.658,1598989.57,26889.032000000003,299.88,136788.41,44.59,0.9996741873074941,1746.4451755555556,1567381.2500000002,1576453.8
capacity_1.1,Capacity: 1.1 x baseline,容量松紧,capacity,1.1,3,300,reset_all,5,5,4,1630361.1859999998,1684424.12,23377.134,30685.8,131104.34,5728.66,0.9581362442015541,1811.5124288888885,1582695.5500000003,1689913.299999999
capacity_1.1,Capacity: 1.1 x baseline,容量松紧,capacity,1.1,3,300,no_reset,5,5,4,1649918.2660000003,1694182.04,17978.234,26285.54,131671.05,5161.95,0.9622779803274006,1833.2425177777782,1559213.3499999999,1740045.1999999997
capacity_1.1,Capacity: 1.1 x baseline,容量松紧,capacity,1.1,3,300,informed,5,5,4,1739902.0060000003,1780202.75,15374.823999999997,24925.92,130807.56,6025.44,0.9559653093777999,1933.2244511111114,1735090.85,1744695.3500000006
capacity_1.2,Capacity: 1.2 x baseline,容量松紧,capacity,1.2,3,300,full,5,5,4,1659328.7580000001,1715422.97,33099.412,22994.8,131842.6,4990.4,0.9635357803284511,1843.6986200000001,1607182.2999999998,1725965.7500000005
capacity_1.2,Capacity: 1.2 x baseline,容量松紧,capacity,1.2,3,300,fixed_schedule,5,5,4,1687180.006,1749744.43,35539.524000000005,27024.9,130817.52,6015.48,0.9560339661986886,1874.6444511111113,1638017.0999999992,1723652.85
capacity_1.2,Capacity: 1.2 x baseline,容量松紧,capacity,1.2,3,300,d2as2,5,5,4,1594971.3080000002,1675139.27,40045.22200000001,40122.74,130050.96,6782.04,0.9504356870716899,1772.1903422222224,1587920.7499999995,1604147.15
capacity_1.2,Capacity: 1.2 x baseline,容量松紧,capacity,1.2,3,300,ppo,5,5,4,1524559.0059999996,1587164.72,44283.433999999994,18322.28,134287.63,2545.37,0.9813986231715114,1693.9544511111108,1395099.4,1570321.5499999998
capacity_1.2,Capacity: 1.2 x baseline,容量松紧,capacity,1.2,3,300,no_exploration,5,5,4,1597017.676,1637160.96,27799.124,12344.16,134446.93,2386.07,0.9825612955993109,1774.4640844444443,1562112.9,1637711.4999999998
capacity_1.2,Capacity: 1.2 x baseline,容量松紧,capacity,1.2,3,300,no_substitution,5,5,4,1573179.3020000001,1599052.25,25521.588,351.36,136779.69,53.31,0.9996104142917508,1747.9770022222224,1569754.0999999996,1578263.8500000006
capacity_1.2,Capacity: 1.2 x baseline,容量松紧,capacity,1.2,3,300,reset_all,5,5,4,1628415.398,1691897.99,32584.592,30898.0,130913.28,5919.72,0.9567312229154851,1809.3504422222222,1596206.3499999996,1677732.4499999995
capacity_1.2,Capacity: 1.2 x baseline,容量松紧,capacity,1.2,3,300,no_reset,5,5,4,1667579.916,1720874.43,30055.793999999998,23238.72,131788.14,5044.86,0.9631375139987683,1852.8665733333332,1601174.4000000004,1730023.0499999998
capacity_1.2,Capacity: 1.2 x baseline,容量松紧,capacity,1.2,3,300,informed,5,5,4,1728378.6820000003,1782376.71,30579.108000000004,23418.92,131009.6,5823.4,0.9574414901508601,1920.4207577777781,1723268.8000000005,1733088.6500000004
noise_0.5,Demand noise: 0.5 x baseline,需求波动,noise,0.5,3,300,full,5,5,4,1654051.378,1683228.79,16162.632,13014.78,133765.11,3053.09,0.9776857715105486,1837.8348644444445,1602489.4500000007,1699099.2
noise_0.5,Demand noise: 0.5 x baseline,需求波动,noise,0.5,3,300,fixed_schedule,5,5,4,1695475.0060000003,1744752.2,20331.814,28945.38,130523.88,6294.32,0.9539932036798829,1883.8611177777782,1651585.45,1736267.9500000002
noise_0.5,Demand noise: 0.5 x baseline,需求波动,noise,0.5,3,300,d2as2,5,5,4,1608662.6179999998,1676747.81,20025.071999999996,48060.12,128809.21,8008.99,0.9414626635766881,1787.4029088888888,1572068.35,1626715.3500000003
noise_0.5,Demand noise: 0.5 x baseline,需求波动,noise,0.5,3,300,ppo,5,5,4,1559657.6300000004,1590565.74,10081.01,20827.1,133816.16,3002.04,0.9780584259092006,1732.9529222222227,1434901.4,1600802.3500000003
noise_0.5,Demand noise: 0.5 x baseline,需求波动,noise,0.5,3,300,no_exploration,5,5,4,1628882.6340000003,1669884.85,17578.316000000003,23423.9,132270.74,4547.46,0.9667609922570726,1809.8695933333336,1571210.2499999995,1719663.1999999997
noise_0.5,Demand noise: 0.5 x baseline,需求波动,noise,0.5,3,300,no_substitution,5,5,4,1587211.5760000004,1600015.52,11721.483999999999,1082.46,136634.99,183.21,0.998660969499953,1763.5684177777782,1584475.45,1589481.9999999995
noise_0.5,Demand noise: 0.5 x baseline,需求波动,noise,0.5,3,300,reset_all,5,5,4,1648859.302,1682813.98,16683.998,17270.68,133119.18,3699.02,0.972963932520446,1832.0658911111111,1617921.4,1693239.7
noise_0.5,Demand noise: 0.5 x baseline,需求波动,noise,0.5,3,300,no_reset,5,5,4,1655259.678,1685862.91,15325.312,15277.92,133489.97,3328.23,0.9756751635226635,1839.17742,1599280.2000000002,1703128.1999999997
noise_0.5,Demand noise: 0.5 x baseline,需求波动,noise,0.5,3,300,informed,5,5,4,1741239.24,1781921.16,17111.0,23570.92,130973.73,5844.47,0.9572829465435614,1934.7102666666667,1738729.2499999995,1743626.1499999994
noise_1.5,Demand noise: 1.5 x baseline,需求波动,noise,1.5,3,300,full,5,5,4,1666597.9840000002,1704285.24,17834.976,19852.28,132495.82,4355.38,0.9681897029751113,1851.775537777778,1601719.0000000005,1734581.0500000003
noise_1.5,Demand noise: 1.5 x baseline,需求波动,noise,1.5,3,300,fixed_schedule,5,5,4,1690370.5839999998,1743873.61,21302.085999999996,32200.94,129981.09,6870.11,0.949797818463223,1878.1895377777776,1615344.2499999998,1730012.0999999999
noise_1.5,Demand noise: 1.5 x baseline,需求波动,noise,1.5,3,300,d2as2,5,5,4,1586683.9400000004,1661281.46,19824.100000000006,54773.42,128014.56,8836.64,0.9354290585380369,1762.9821555555561,1530410.8000000003,1614877.15
noise_1.5,Demand noise: 1.5 x baseline,需求波动,noise,1.5,3,300,ppo,5,5,4,1540068.6599999997,1581270.94,11169.78,30032.5,132725.11,4126.09,0.9698516822639711,1711.1873999999996,1431283.45,1593081.4999999998
noise_1.5,Demand noise: 1.5 x baseline,需求波动,noise,1.5,3,300,no_exploration,5,5,4,1612549.6539999999,1655383.06,17728.186,25105.22,132201.09,4650.11,0.9660195485186758,1791.7218377777776,1564455.2,1678191.2000000011
noise_1.5,Demand noise: 1.5 x baseline,需求波动,noise,1.5,3,300,no_substitution,5,5,4,1577883.118,1597863.47,12781.792000000001,7198.56,135811.98,1039.22,0.9924078413267854,1753.2034644444445,1570370.6,1582948.2499999995
noise_1.5,Demand noise: 1.5 x baseline,需求波动,noise,1.5,3,300,reset_all,5,5,4,1644953.4020000005,1685139.02,17486.358,22699.26,132358.54,4492.66,0.9671752387988108,1827.7260022222226,1606969.2500000005,1683397.0000000002
noise_1.5,Demand noise: 1.5 x baseline,需求波动,noise,1.5,3,300,no_reset,5,5,4,1659448.8139999998,1697598.6,16538.985999999997,21610.8,132496.36,4354.84,0.9681921106457065,1843.8320155555552,1556183.45,1734520.7499999998
noise_1.5,Demand noise: 1.5 x baseline,需求波动,noise,1.5,3,300,informed,5,5,4,1733462.876,1778523.36,18625.024,26435.46,130616.8,6234.4,0.9544447018657658,1926.0698622222221,1726696.4000000001,1740075.7500000002
noise_2,Demand noise: 2 x baseline,需求波动,noise,2.0,3,300,full,5,5,4,1665418.9439999997,1708924.8,18821.575999999997,24684.28,131739.55,5126.45,0.9625588059005016,1850.465493333333,1592944.5499999996,1728642.6499999994
noise_2,Demand noise: 2 x baseline,需求波动,noise,2.0,3,300,fixed_schedule,5,5,4,1683099.7179999999,1737046.92,20993.382,32953.82,130040.45,6825.55,0.9501309561267262,1870.1107977777776,1616029.8499999992,1718567.2999999998
noise_2,Demand noise: 2 x baseline,需求波动,noise,2.0,3,300,d2as2,5,5,4,1571360.0420000001,1652089.52,20099.017999999996,60630.46,127321.3,9544.7,0.9302680425512264,1745.9556022222223,1496149.7000000007,1595927.3000000003
noise_2,Demand noise: 2 x baseline,需求波动,noise,2.0,3,300,ppo,5,5,4,1526275.71,1574045.61,12039.28,35730.62,132021.55,4844.45,0.9646101092416819,1695.8618999999999,1404222.0,1583812.9
noise_2,Demand noise: 2 x baseline,需求波动,noise,2.0,3,300,no_exploration,5,5,4,1611201.51,1655785.7,17880.149999999998,26704.04,131996.44,4869.56,0.9644308653948193,1790.2239,1555404.2499999998,1692904.6500000001
noise_2,Demand noise: 2 x baseline,需求波动,noise,2.0,3,300,no_substitution,5,5,4,1568003.2859999998,1593807.03,13532.823999999997,12270.92,135171.95,1694.05,0.9876261358178544,1742.225873333333,1559433.9000000004,1573478.85
noise_2,Demand noise: 2 x baseline,需求波动,noise,2.0,3,300,reset_all,5,5,4,1635469.836,1681262.94,18235.944,27557.16,131730.14,5135.86,0.962486001707546,1817.1887066666666,1607081.5,1676529.5999999994
noise_2,Demand noise: 2 x baseline,需求波动,noise,2.0,3,300,no_reset,5,5,4,1654038.6819999998,1699319.3,17523.698,27756.92,131666.52,5199.48,0.9620222980186968,1837.8207577777775,1545247.5,1727697.95
noise_2,Demand noise: 2 x baseline,需求波动,noise,2.0,3,300,informed,5,5,4,1725698.7239999997,1775125.62,19873.536,29553.36,130182.69,6683.31,0.9511709207578027,1917.4430266666664,1717744.35,1733459.4999999993
drift_0,Mean-drift amplitude: 0 x baseline,需求变化幅度,drift,0.0,3,300,full,5,5,4,1671777.3640000003,1710044.49,18025.266,20241.86,132441.79,4484.61,0.9672473323732109,1857.5304044444447,1574824.4999999998,1738281.6000000006
drift_0,Mean-drift amplitude: 0 x baseline,需求变化幅度,drift,0.0,3,300,fixed_schedule,5,5,4,1698552.1819999998,1744989.22,20075.857999999997,26361.18,131034.89,5891.51,0.9569645306067962,1887.280202222222,1658674.7000000002,1731417.9000000001
drift_0,Mean-drift amplitude: 0 x baseline,需求变化幅度,drift,0.0,3,300,d2as2,5,5,4,1599258.0080000001,1666982.14,17892.152000000002,49831.98,128958.96,7967.44,0.9418138447800207,1776.9533422222223,1569233.75,1626230.6500000008
drift_0,Mean-drift amplitude: 0 x baseline,需求变化幅度,drift,0.0,3,300,ppo,5,5,4,1557552.6279999998,1590299.93,10134.922,22612.38,133766.91,3159.49,0.9769270019004863,1730.614031111111,1468800.3499999996,1597439.5499999998
drift_0,Mean-drift amplitude: 0 x baseline,需求变化幅度,drift,0.0,3,300,no_exploration,5,5,4,1612259.736,1650475.62,16953.624,21262.26,132978.02,3948.38,0.9711650713262064,1791.3997066666668,1570930.8000000003,1677094.4000000001
drift_0,Mean-drift amplitude: 0 x baseline,需求变化幅度,drift,0.0,3,300,no_substitution,5,5,4,1585207.61,1599872.55,11890.6,2774.34,136526.04,400.36,0.9970768838665129,1761.341788888889,1579761.5499999998,1589481.25
drift_0,Mean-drift amplitude: 0 x baseline,需求变化幅度,drift,0.0,3,300,reset_all,5,5,4,1651402.618,1687766.22,16992.302,19371.3,132864.73,4061.67,0.9703428733995908,1834.8917977777778,1608511.5999999996,1692859.45
drift_0,Mean-drift amplitude: 0 x baseline,需求变化幅度,drift,0.0,3,300,no_reset,5,5,4,1674026.95,1709770.18,17056.35,18686.88,132724.52,4201.88,0.9693129390564829,1860.0299444444445,1581922.5,1739258.7499999995
drift_0,Mean-drift amplitude: 0 x baseline,需求变化幅度,drift,0.0,3,300,informed,5,5,4,1740232.352,1782897.62,18693.948000000004,23971.32,131030.83,5895.57,0.9569437623637654,1933.591502222222,1735256.5500000007,1746662.6
drift_0.5,Mean-drift amplitude: 0.5 x baseline,需求变化幅度,drift,0.5,3,300,full,5,5,4,1677232.254,1715573.93,18183.555999999997,20158.12,132350.93,4549.07,0.9667730189075534,1863.5913933333334,1608095.2999999998,1738208.85
drift_0.5,Mean-drift amplitude: 0.5 x baseline,需求变化幅度,drift,0.5,3,300,fixed_schedule,5,5,4,1705189.6160000002,1753717.16,20548.664,27978.88,130651.99,6248.01,0.9543592115067402,1894.655128888889,1637776.75,1736138.1999999997
drift_0.5,Mean-drift amplitude: 0.5 x baseline,需求变化幅度,drift,0.5,3,300,d2as2,5,5,4,1600660.5600000003,1668738.39,17887.21,50190.62,128850.61,8049.39,0.9412011652915233,1778.5117333333337,1574958.0999999999,1623675.5500000003
drift_0.5,Mean-drift amplitude: 0.5 x baseline,需求变化幅度,drift,0.5,3,300,ppo,5,5,4,1557989.4760000003,1591236.59,10361.194,22885.92,133651.12,3248.88,0.9762695871302411,1731.0994177777782,1471012.7000000002,1599812.9499999997
drift_0.5,Mean-drift amplitude: 0.5 x baseline,需求变化幅度,drift,0.5,3,300,no_exploration,5,5,4,1623571.168,1664443.39,17608.602,23263.62,132458.69,4441.31,0.9675550442255649,1803.9679644444445,1574549.75,1684687.15
drift_0.5,Mean-drift amplitude: 0.5 x baseline,需求变化幅度,drift,0.5,3,300,no_substitution,5,5,4,1585375.676,1600107.2,11902.083999999999,2829.44,136480.35,419.65,0.996935053933186,1761.5285288888888,1580402.8499999996,1589274.1
drift_0.5,Mean-drift amplitude: 0.5 x baseline,需求变化幅度,drift,0.5,3,300,reset_all,5,5,4,1646975.8739999998,1683653.02,17044.046,19633.1,132839.33,4060.67,0.9703433651304573,1829.9731933333333,1612285.5000000002,1691020.5999999996
drift_0.5,Mean-drift amplitude: 0.5 x baseline,需求变化幅度,drift,0.5,3,300,no_reset,5,5,4,1666288.6040000003,1701920.87,16552.626,19079.64,132780.21,4119.79,0.9699085567279829,1851.4317822222226,1591107.6499999997,1738107.0499999989
drift_0.5,Mean-drift amplitude: 0.5 x baseline,需求变化幅度,drift,0.5,3,300,informed,5,5,4,1739605.29,1781909.39,18239.78,24064.32,130994.83,5905.17,0.9568652048918964,1932.8947666666668,1735981.15,1744144.1499999994
drift_1.5,Mean-drift amplitude: 1.5 x baseline,需求变化幅度,drift,1.5,3,300,full,5,5,4,1673930.97,1710645.06,17759.61,18954.48,132595.57,4308.03,0.9685322243312203,1859.9233,1600607.0500000003,1735825.8
drift_1.5,Mean-drift amplitude: 1.5 x baseline,需求变化幅度,drift,1.5,3,300,fixed_schedule,5,5,4,1701743.5460000003,1751167.57,20455.444,28968.58,130508.23,6395.37,0.95328010871007,1890.8261622222226,1632674.4500000002,1734044.9
drift_1.5,Mean-drift amplitude: 1.5 x baseline,需求变化幅度,drift,1.5,3,300,d2as2,5,5,4,1593335.086,1667921.53,21040.984,53545.46,128185.23,8718.37,0.9363186024412475,1770.3723177777777,1557288.1999999997,1617490.8
drift_1.5,Mean-drift amplitude: 1.5 x baseline,需求变化幅度,drift,1.5,3,300,ppo,5,5,4,1552394.1620000002,1588246.75,10592.267999999998,25260.32,133271.59,3632.01,0.9734709966816673,1724.8824022222225,1431940.7000000002,1596262.7999999998
drift_1.5,Mean-drift amplitude: 1.5 x baseline,需求变化幅度,drift,1.5,3,300,no_exploration,5,5,4,1628396.6220000002,1664301.11,16592.548,19311.94,133070.21,3833.39,0.9719976431138817,1809.3295800000003,1583856.4499999997,1688571.7999999998
drift_1.5,Mean-drift amplitude: 1.5 x baseline,需求变化幅度,drift,1.5,3,300,no_substitution,5,5,4,1585900.05,1601991.34,12287.829999999998,3803.46,136287.15,616.45,0.995497855417915,1762.1111666666668,1579671.9,1592003.0500000007
drift_1.5,Mean-drift amplitude: 1.5 x baseline,需求变化幅度,drift,1.5,3,300,reset_all,5,5,4,1648324.1620000002,1682989.64,16737.778,17927.7,133110.65,3792.95,0.9722968462157863,1831.4712911111114,1615001.9499999997,1685131.7499999995
drift_1.5,Mean-drift amplitude: 1.5 x baseline,需求变化幅度,drift,1.5,3,300,no_reset,5,5,4,1668371.9119999998,1704734.68,16143.747999999998,20219.02,132614.9,4288.7,0.9686700822064896,1853.7465688888885,1610308.3000000003,1736899.6
drift_1.5,Mean-drift amplitude: 1.5 x baseline,需求变化幅度,drift,1.5,3,300,informed,5,5,4,1740465.6420000002,1782178.27,17369.168,24343.46,130952.17,5951.43,0.956528522396531,1933.8507133333335,1735872.7000000002,1746636.8999999994
drift_2,Mean-drift amplitude: 2 x baseline,需求变化幅度,drift,2.0,3,300,full,5,5,4,1695742.2140000002,1735278.31,18651.476,20884.62,131966.69,4905.51,0.9641633555230297,1884.1580155555557,1615672.2999999998,1737675.6500000004
drift_2,Mean-drift amplitude: 2 x baseline,需求变化幅度,drift,2.0,3,300,fixed_schedule,5,5,4,1719999.666,1767447.86,20587.613999999998,26860.58,130554.36,6317.84,0.9538404218312252,1911.11074,1663346.3499999996,1734516.8
drift_2,Mean-drift amplitude: 2 x baseline,需求变化幅度,drift,2.0,3,300,d2as2,5,5,4,1589029.5019999999,1666198.58,21292.178,55876.9,127888.55,8983.65,0.9343659466893901,1765.5883355555554,1552291.15,1608487.9000000008
drift_2,Mean-drift amplitude: 2 x baseline,需求变化幅度,drift,2.0,3,300,ppo,5,5,4,1547178.7719999999,1585725.57,10915.398000000001,27631.4,132871.88,4000.32,0.9707766341216096,1719.0875244444444,1442983.0499999998,1592929.6499999997
drift_2,Mean-drift amplitude: 2 x baseline,需求变化幅度,drift,2.0,3,300,no_exploration,5,5,4,1616734.5480000002,1649218.77,15694.521999999999,16789.7,133629.12,3243.08,0.9763059637072162,1796.37172,1574581.249999999,1660730.9
drift_2,Mean-drift amplitude: 2 x baseline,需求变化幅度,drift,2.0,3,300,no_substitution,5,5,4,1585646.3480000002,1603249.79,12544.802,5058.64,136040.55,831.65,0.9939256481556024,1761.8292755555558,1579513.4999999995,1594035.6
drift_2,Mean-drift amplitude: 2 x baseline,需求变化幅度,drift,2.0,3,300,reset_all,5,5,4,1640007.4479999999,1677766.5,17116.652,20642.4,132731.81,4140.39,0.9697487407142131,1822.2304977777776,1593784.8999999997,1671988.3499999996
drift_2,Mean-drift amplitude: 2 x baseline,需求变化幅度,drift,2.0,3,300,no_reset,5,5,4,1668632.3580000005,1711463.32,16784.022,26046.94,131710.04,5162.16,0.962288360038783,1854.035953333334,1589438.2999999998,1728366.7000000002
drift_2,Mean-drift amplitude: 2 x baseline,需求变化幅度,drift,2.0,3,300,informed,5,5,4,1740048.97,1781431.7,17002.25,24380.48,130926.33,5945.87,0.9565594163616258,1933.3877444444445,1734459.65,1745173.0500000003
holding_0.5,Holding cost: 0.5 x baseline,持有成本,holding,0.5,3,300,full,5,5,4,1694021.754,1722746.41,9142.256,19582.4,132277.26,4555.74,0.9667097104135419,1882.2463933333333,1626608.7999999996,1747474.2999999998
holding_0.5,Holding cost: 0.5 x baseline,持有成本,holding,0.5,3,300,fixed_schedule,5,5,4,1702701.3930000002,1744443.36,10659.386999999997,31082.58,130161.34,6671.66,0.9512413551604049,1891.8904366666668,1649573.0250000001,1744456.825
holding_0.5,Holding cost: 0.5 x baseline,持有成本,holding,0.5,3,300,d2as2,5,5,4,1618162.285,1676636.62,10219.755000000001,48254.58,128802.89,8030.11,0.9413148311136009,1797.9580944444444,1585860.2999999998,1636930.7500000005
holding_0.5,Holding cost: 0.5 x baseline,持有成本,holding,0.5,3,300,ppo,5,5,4,1552080.6710000003,1584836.18,5172.009,27583.5,133047.67,3785.33,0.9723356528193385,1724.5340788888893,1410682.2750000001,1605603.9500000002
holding_0.5,Holding cost: 0.5 x baseline,持有成本,holding,0.5,3,300,no_exploration,5,5,4,1630038.4620000003,1663095.63,8983.608,24073.56,132247.86,4585.14,0.9664940907783316,1811.153846666667,1582050.6749999989,1693347.9500000007
holding_0.5,Holding cost: 0.5 x baseline,持有成本,holding,0.5,3,300,no_substitution,5,5,4,1590109.6860000002,1599498.15,6053.924,3334.54,136332.78,500.22,0.9963447728855006,1766.7885400000002,1584568.8249999997,1594039.5250000001
holding_0.5,Holding cost: 0.5 x baseline,持有成本,holding,0.5,3,300,reset_all,5,5,4,1656058.139,1684293.97,8568.931,19666.9,132757.44,4075.56,0.9702150911537324,1840.064598888889,1621791.1750000007,1692248.7999999993
holding_0.5,Holding cost: 0.5 x baseline,持有成本,holding,0.5,3,300,no_reset,5,5,4,1677457.8549999997,1704790.18,8234.005,19098.32,132687.93,4145.07,0.969713420836321,1863.8420611111108,1575644.125,1748392.6749999993
holding_0.5,Holding cost: 0.5 x baseline,持有成本,holding,0.5,3,300,informed,5,5,4,1748007.451,1781458.26,9396.409000000001,24054.4,130921.83,5911.17,0.9568002132138446,1942.230501111111,1743113.0249999997,1752645.9749999994
holding_1.5,Holding cost: 1.5 x baseline,持有成本,holding,1.5,3,300,full,5,5,4,1659183.49,1702123.82,25821.81,17118.52,132918.51,3914.49,0.9713935423291812,1843.537211111111,1612697.7999999998,1723484.675
holding_1.5,Holding cost: 1.5 x baseline,持有成本,holding,1.5,3,300,fixed_schedule,5,5,4,1690085.8129999998,1749652.1,30526.22699999999,29040.06,130453.42,6379.58,0.9533757845274642,1877.8731255555554,1638473.2500000005,1725665.3999999994
holding_1.5,Holding cost: 1.5 x baseline,持有成本,holding,1.5,3,300,d2as2,5,5,4,1595754.8280000002,1672389.51,27390.642000000003,49244.04,128759.91,8073.09,0.94099986270769,1773.0609200000001,1558356.1750000003,1614296.4000000006
holding_1.5,Holding cost: 1.5 x baseline,持有成本,holding,1.5,3,300,ppo,5,5,4,1548128.1819999998,1587371.54,15035.298,24208.06,133407.53,3425.47,0.9749645570582562,1720.1424244444443,1434764.425,1593575.525
holding_1.5,Holding cost: 1.5 x baseline,持有成本,holding,1.5,3,300,no_exploration,5,5,4,1616928.983,1665854.87,25842.927000000003,23082.96,132387.46,4445.54,0.967513994500333,1796.5877588888889,1568930.275,1676736.8249999997
holding_1.5,Holding cost: 1.5 x baseline,持有成本,holding,1.5,3,300,no_substitution,5,5,4,1577788.0639999998,1599185.47,18063.606,3333.8,136340.55,492.45,0.9964015896584553,1753.0978488888886,1572312.1999999997,1581612.6250000002
holding_1.5,Holding cost: 1.5 x baseline,持有成本,holding,1.5,3,300,reset_all,5,5,4,1636660.5820000002,1680051.88,24805.218000000004,18586.08,132988.41,3844.59,0.9719020823514575,1818.511757777778,1585811.2749999997,1678080.9999999995
holding_1.5,Holding cost: 1.5 x baseline,持有成本,holding,1.5,3,300,no_reset,5,5,4,1632815.0350000004,1673141.72,22676.865,17649.82,133345.43,3487.57,0.9745155862215706,1814.2389277777781,1547983.7,1691988.3000000003
holding_1.5,Holding cost: 1.5 x baseline,持有成本,holding,1.5,3,300,informed,5,5,4,1729951.543,1780481.48,25855.077,24674.86,130843.64,5989.36,0.9562287817890577,1922.168381111111,1725202.0000000005,1734822.2
holding_2,Holding cost: 2 x baseline,持有成本,holding,2.0,3,300,full,5,5,4,1644552.9339999997,1695664.55,34000.03599999999,17111.58,132990.11,3842.89,0.9719201021208075,1827.2810377777773,1575440.0499999998,1712048.05
holding_2,Holding cost: 2 x baseline,持有成本,holding,2.0,3,300,fixed_schedule,5,5,4,1687380.404,1753019.96,39614.616,26024.94,130882.36,5950.64,0.9565100853372778,1874.8671155555558,1632086.5999999996,1716258.4499999993
holding_2,Holding cost: 2 x baseline,持有成本,holding,2.0,3,300,d2as2,5,5,4,1586126.2839999998,1671164.6,34539.956,50498.36,128587.52,8245.48,0.9397395305702162,1762.3625377777776,1549838.7500000002,1604266.6000000006
holding_2,Holding cost: 2 x baseline,持有成本,holding,2.0,3,300,ppo,5,5,4,1535195.5019999999,1582531.07,19579.647999999997,27755.92,133060.56,3772.44,0.9724318843237938,1705.7727799999998,1424471.8,1586977.35
holding_2,Holding cost: 2 x baseline,持有成本,holding,2.0,3,300,no_exploration,5,5,4,1608112.586,1658935.77,32109.703999999994,18713.48,133176.51,3656.49,0.9732822723802973,1786.7917622222221,1569282.0499999998,1667648.9500000002
holding_2,Holding cost: 2 x baseline,持有成本,holding,2.0,3,300,no_substitution,5,5,4,1571722.5659999996,1599155.99,24084.323999999993,3349.1,136336.54,496.46,0.9963722503766661,1746.3584066666663,1566230.5500000003,1575699.6500000006
holding_2,Holding cost: 2 x baseline,持有成本,holding,2.0,3,300,reset_all,5,5,4,1620280.45,1670064.93,31901.94,17882.54,133214.18,3618.82,0.9735528731751113,1800.311611111111,1599918.7000000002,1654593.3499999996
holding_2,Holding cost: 2 x baseline,持有成本,holding,2.0,3,300,no_reset,5,5,4,1626685.7459999996,1674435.51,30035.703999999994,17714.06,133291.14,3541.86,0.9741164026274433,1807.4286066666662,1563563.0500000003,1679080.2500000005
holding_2,Holding cost: 2 x baseline,持有成本,holding,2.0,3,300,informed,5,5,4,1720747.1199999996,1776771.32,28648.16,27376.04,130416.49,6416.51,0.9531071818066869,1911.941244444444,1715508.6999999997,1725630.2000000004
shortage_0.5,Lost-sales penalty: 0.5 x baseline,失销惩罚,shortage,0.5,3,300,full,5,5,4,1691920.6880000003,1724268.26,19342.912,13004.66,131248.74,5584.26,0.959192655043842,1879.911875555556,1637893.4499999995,1750379.0000000005
shortage_0.5,Lost-sales penalty: 0.5 x baseline,失销惩罚,shortage,0.5,3,300,fixed_schedule,5,5,4,1688163.2160000002,1730456.08,22175.204000000005,20117.66,128869.4,7963.6,0.9418026500000256,1875.736906666667,1618342.0,1746329.9500000007
shortage_0.5,Lost-sales penalty: 0.5 x baseline,失销惩罚,shortage,0.5,3,300,d2as2,5,5,4,1629163.3560000001,1675272.23,19389.414,26719.46,128027.66,8805.34,0.935650239455676,1810.1815066666668,1599664.4,1647058.6999999997
shortage_0.5,Lost-sales penalty: 0.5 x baseline,失销惩罚,shortage,0.5,3,300,ppo,5,5,4,1546919.736,1573921.11,10953.614,16047.76,132429.91,4403.09,0.9678207237066084,1718.7997066666667,1450376.85,1613255.9999999998
shortage_0.5,Lost-sales penalty: 0.5 x baseline,失销惩罚,shortage,0.5,3,300,no_exploration,5,5,4,1616744.7319999996,1653850.45,19420.827999999998,17684.89,130576.65,6256.35,0.9542772059327267,1796.3830355555551,1582195.4499999997,1666498.3999999992
shortage_0.5,Lost-sales penalty: 0.5 x baseline,失销惩罚,shortage,0.5,3,300,no_substitution,5,5,4,1585219.3000000003,1598904.15,12013.97,1670.88,136342.33,490.67,0.9964145575245665,1761.354777777778,1579995.6500000004,1589193.0
shortage_0.5,Lost-sales penalty: 0.5 x baseline,失销惩罚,shortage,0.5,3,300,reset_all,5,5,4,1657651.3859999997,1689742.48,18454.134,13636.96,131498.26,5334.74,0.9610146902661508,1841.834873333333,1618840.5499999996,1686885.0000000005
shortage_0.5,Lost-sales penalty: 0.5 x baseline,失销惩罚,shortage,0.5,3,300,no_reset,5,5,4,1678519.4279999998,1709529.97,17155.992000000002,13854.55,131199.1,5633.9,0.9588314086247917,1865.0215866666665,1579999.7,1751289.4000000008
shortage_0.5,Lost-sales penalty: 0.5 x baseline,失销惩罚,shortage,0.5,3,300,informed,5,5,4,1751025.9019999998,1780839.93,17592.248,12221.78,130874.71,5958.29,0.9564558557642749,1945.5843355555553,1746204.7,1755595.3499999999
shortage_1.5,Lost-sales penalty: 1.5 x baseline,失销惩罚,shortage,1.5,3,300,full,5,5,4,1638128.468,1675510.1,16235.622,21146.01,133699.53,3133.47,0.9771080284199871,1820.1427422222223,1577820.4,1717924.4000000001
shortage_1.5,Lost-sales penalty: 1.5 x baseline,失销惩罚,shortage,1.5,3,300,fixed_schedule,5,5,4,1702720.904,1760818.52,20296.386000000002,37801.23,130924.78,5908.22,0.9568216543214177,1891.9121155555556,1632731.4500000007,1723002.3499999996
shortage_1.5,Lost-sales penalty: 1.5 x baseline,失销惩罚,shortage,1.5,3,300,d2as2,5,5,4,1585304.916,1673271.01,19276.203999999998,68689.89,129274.78,7558.22,0.9447629632844005,1761.4499066666667,1560540.9000000001,1602879.2999999996
shortage_1.5,Lost-sales penalty: 1.5 x baseline,失销惩罚,shortage,1.5,3,300,ppo,5,5,4,1543635.054,1586533.02,9800.166,33097.8,133700.8,3132.2,0.9771096757675847,1715.15006,1444101.9,1582178.4000000001
shortage_1.5,Lost-sales penalty: 1.5 x baseline,失销惩罚,shortage,1.5,3,300,no_exploration,5,5,4,1622358.7300000002,1663741.92,16394.149999999998,24989.04,133434.8,3398.2,0.975165889413008,1802.6208111111114,1569072.9500000004,1700749.7500000002
shortage_1.5,Lost-sales penalty: 1.5 x baseline,失销惩罚,shortage,1.5,3,300,no_substitution,5,5,4,1582508.886,1599573.15,12105.383999999998,4958.88,136336.24,496.76,0.9963700671899123,1758.3432066666667,1577262.0500000003,1585937.5999999999
shortage_1.5,Lost-sales penalty: 1.5 x baseline,失销惩罚,shortage,1.5,3,300,reset_all,5,5,4,1622362.17,1663238.5,16086.52,24789.81,133504.65,3328.35,0.9756757494688527,1802.6246333333333,1587371.9999999995,1654154.4000000001
shortage_1.5,Lost-sales penalty: 1.5 x baseline,失销惩罚,shortage,1.5,3,300,no_reset,5,5,4,1640878.5780000002,1678788.2,15254.761999999999,22654.86,133604.29,3228.71,0.9764070198352495,1823.1984200000002,1573950.7500000005,1715533.3000000003
shortage_1.5,Lost-sales penalty: 1.5 x baseline,失销惩罚,shortage,1.5,3,300,informed,5,5,4,1726786.2939999998,1781117.21,17931.555999999997,36399.36,130896.66,5936.34,0.9566162647073381,1918.6514377777776,1721581.8999999994,1731441.85
shortage_2,Lost-sales penalty: 2 x baseline,失销惩罚,shortage,2.0,3,300,full,5,5,4,1630674.9159999997,1674493.58,16078.583999999999,27740.08,133760.57,3072.43,0.977553238446928,1811.8610177777775,1578305.5499999996,1709087.1
shortage_2,Lost-sales penalty: 2 x baseline,失销惩罚,shortage,2.0,3,300,fixed_schedule,5,5,4,1686711.4140000003,1752456.22,19661.046,46083.76,131369.86,5463.14,0.9600723747000144,1874.1237933333337,1638823.7000000002,1709232.2500000002
shortage_2,Lost-sales penalty: 2 x baseline,失销惩罚,shortage,2.0,3,300,d2as2,5,5,4,1564404.2539999997,1673648.92,19369.025999999998,89875.64,129410.11,7422.89,0.9457521574836706,1738.2269488888885,1539798.5999999996,1581049.2999999998
shortage_2,Lost-sales penalty: 2 x baseline,失销惩罚,shortage,2.0,3,300,ppo,5,5,4,1534477.8159999999,1592806.7,10182.284,48146.6,133428.11,3404.89,0.9751157642297337,1704.975351111111,1367001.9,1584061.9
shortage_2,Lost-sales penalty: 2 x baseline,失销惩罚,shortage,2.0,3,300,no_exploration,5,5,4,1602685.938,1644673.64,15325.582,26662.12,134199.18,2633.82,0.9807551517433802,1780.7621533333333,1560117.5,1641216.7499999995
shortage_2,Lost-sales penalty: 2 x baseline,失销惩罚,shortage,2.0,3,300,no_substitution,5,5,4,1581103.0639999998,1599880.83,12138.365999999998,6639.4,136329.07,503.93,0.9963177389281741,1756.781182222222,1575639.1,1584607.9499999997
shortage_2,Lost-sales penalty: 2 x baseline,失销惩罚,shortage,2.0,3,300,reset_all,5,5,4,1607867.5839999998,1655553.32,15762.096000000001,31923.64,133689.45,3143.55,0.9770252528262161,1786.5195377777775,1580605.85,1640643.55
shortage_2,Lost-sales penalty: 2 x baseline,失销惩罚,shortage,2.0,3,300,no_reset,5,5,4,1619438.616,1659723.19,14517.934000000001,25766.64,134180.14,2652.86,0.980618145788829,1799.3762399999998,1565775.8499999996,1707178.3500000003
shortage_2,Lost-sales penalty: 2 x baseline,失销惩罚,shortage,2.0,3,300,informed,5,5,4,1714706.4760000003,1781234.7,18141.224000000002,48387.0,130905.11,5927.89,0.9566780343354844,1905.229417777778,1709490.8999999992,1719451.5000000002
seasons_15,15 demand stages,阶段数量与日历结构,seasons,15,3,300,full,5,5,4,1652561.0680000002,1685512.56,16976.932,15974.56,133212.75,3574.25,0.9738697955860719,1836.1789644444448,1602940.9500000002,1721122.8000000003
seasons_15,15 demand stages,阶段数量与日历结构,seasons,15,3,300,fixed_schedule,5,5,4,1687173.748,1733671.96,20403.112,26095.1,130977.54,5809.46,0.9575303918762121,1874.6374977777778,1638923.950000001,1727815.9000000004
seasons_15,15 demand stages,阶段数量与日历结构,seasons,15,3,300,d2as2,5,5,4,1540050.02,1625043.96,21382.96,63610.98,127464.85,9322.15,0.931849540127456,1711.166688888889,1510118.0499999998,1550932.2
seasons_15,15 demand stages,阶段数量与日历结构,seasons,15,3,300,ppo,5,5,4,1530939.9740000002,1575470.33,10105.196,34425.16,132429.61,4357.39,0.9681427967375068,1701.0444155555558,1443659.15,1581553.65
seasons_15,15 demand stages,阶段数量与日历结构,seasons,15,3,300,no_exploration,5,5,4,1609726.862,1639863.58,15742.798,14393.92,133983.81,2803.19,0.9795068576698485,1788.5854022222222,1580159.250000001,1659097.0999999996
seasons_15,15 demand stages,阶段数量与日历结构,seasons,15,3,300,no_substitution,5,5,4,1581829.7360000003,1598316.71,12371.993999999999,4114.98,136168.62,618.38,0.9954797791264628,1757.588595555556,1577060.5000000005,1585779.0500000005
seasons_15,15 demand stages,阶段数量与日历结构,seasons,15,3,300,reset_all,5,5,4,1601930.4680000003,1635111.57,15973.442,17207.66,133638.07,3148.93,0.9769803962067152,1779.9227422222225,1590130.6000000006,1615825.0500000003
seasons_15,15 demand stages,阶段数量与日历结构,seasons,15,3,300,no_reset,5,5,4,1687777.9660000002,1732980.17,17883.183999999997,27319.02,131181.62,5605.38,0.959021530600398,1875.3088511111114,1638916.95,1730800.5499999993
seasons_15,15 demand stages,阶段数量与日历结构,seasons,15,3,300,informed,5,5,4,1737145.5680000002,1779762.37,18186.582,24430.22,130829.5,5957.5,0.9564469955490494,1930.1617422222225,1732470.3499999996,1741152.6999999997
