case_id,case_label,baseline,statistic,full_mean_profit,baseline_mean_profit,difference,percent,crossed95_low,crossed95_high,crossed95_percent_low,crossed95_percent_high,seed_t95_low,seed_t95_high,seed_ratio_mean_percent,seed_ratio_t95_percent_low,seed_ratio_t95_percent_high,min_paired_path_seed_difference,max_paired_path_seed_difference,n_paths,n_training_seeds,replications_per_cell,bootstrap_draws
n3_t150,"K = 3, T = 150",fixed_schedule,full_minus_baseline_over_baseline,831523.0439999999,846595.8000000002,-15072.756000000025,-1.7803957921832687,-33235.32800000005,1248.0127499999774,-3.8887586374113483,0.1481268379208451,-38461.90375602543,8316.391756025376,-1.7643730515559153,-4.504457375990758,0.9757112728789272,-69375.9500000003,22474.849999999627,5,5,4,20000
n3_t150,"K = 3, T = 150",d2as2,full_minus_baseline_over_baseline,831523.0439999999,765835.1120000001,65687.93199999996,8.577294377173946,50015.221999999994,79805.5517,6.49353880879591,10.494437727164335,48312.63419095463,83063.22980904525,8.58193881491012,6.277783862309202,10.886093767511039,18944.499999999884,97347.3999999999,5,5,4,20000
n3_t150,"K = 3, T = 150",ppo,full_minus_baseline_over_baseline,831523.0439999999,755056.7179999999,76466.32600000002,10.127229409009775,44293.95164999998,110949.64040000002,5.68216221479452,15.222480701475629,25411.602557427643,127521.04944257239,10.322671065993552,2.9473150277645512,17.698027104222554,8404.249999999767,150896.3500000001,5,5,4,20000
n3_t150,"K = 3, T = 150",no_exploration,full_minus_baseline_over_baseline,831523.0439999999,807666.3759999999,23856.66799999996,2.9537775384622362,12236.649999999976,34719.584000000024,1.5107579983557125,4.321266583525698,12855.013550923106,34858.32244907682,2.9569061482285326,1.5796924100736345,4.334119886383431,-14955.20000000007,45848.09999999963,5,5,4,20000
n3_t150,"K = 3, T = 150",no_substitution,full_minus_baseline_over_baseline,831523.0439999999,792364.896,39158.148000000016,4.94193372241467,26730.415999999965,49822.34584999998,3.371961096914175,6.286408749292806,24624.46629762563,53691.82970237439,4.941724864427272,3.108730828260696,6.7747189005938475,1417.0999999999767,60957.44999999972,5,5,4,20000
n3_t150,"K = 3, T = 150",reset_all,full_minus_baseline_over_baseline,831523.0439999999,817842.7939999999,13680.250000000015,1.6727236701678394,-537.91460000001,26051.187749999975,-0.06562203120955061,3.2016801708367626,609.3600691248066,26751.139930875215,1.6718135405949852,0.07477886370617148,3.268848217483799,-28140.0,45225.19999999984,5,5,4,20000
n3_t150,"K = 3, T = 150",no_reset,full_minus_baseline_over_baseline,831523.0439999999,827068.006,4455.038000000012,0.5386543751759907,-2366.566000000066,10826.779149999982,-0.28244962746915225,1.332236049917989,-1931.4715267113324,10841.547526711354,0.5468879703244636,-0.2508550950881502,1.3446310357370774,-23106.25,26874.349999999977,5,5,4,20000
n3_t150,"K = 3, T = 150",informed,informed_minus_full_over_informed,831523.0439999999,869838.74,38315.696000000025,4.404919468176379,27341.546000000035,51104.64400000002,3.1419303278174113,5.871707607406843,23390.54356352147,53240.84843647858,4.404688520843019,2.69025016801739,6.119126873668647,15708.55000000028,76218.99999999977,5,5,4,20000
n3_t300,"K = 3, T = 300 (central)",fixed_schedule,full_minus_baseline_over_baseline,1669916.91,1699897.4760000003,-29980.566000000155,-1.7636690696516062,-63172.7939999998,-289.60600000026636,-3.6938878172210403,-0.017234038046276885,-74285.50214276453,14324.370142764219,-1.7478375632180252,-4.319311073660662,0.8236359472246115,-116227.1000000001,52789.299999999814,5,5,4,20000
n3_t300,"K = 3, T = 300 (central)",d2as2,full_minus_baseline_over_baseline,1669916.91,1607019.888,62897.02200000002,3.913891948050358,35906.711399999775,88722.0249000002,2.2250697201549343,5.553056295128705,34005.43733352931,91788.60666647073,3.915638012521056,2.1085889450786954,5.722687079963417,9239.100000000559,151796.55000000075,5,5,4,20000
n3_t300,"K = 3, T = 300 (central)",ppo,full_minus_baseline_over_baseline,1669916.91,1551798.7780000002,118118.1319999999,7.611691262718582,78443.89000000014,175697.36599999957,4.978527494218272,11.719257038303466,43429.47143508484,192806.79256491497,7.738226978560055,2.3191850264376255,13.157268930682484,53060.94999999972,248523.8999999999,5,5,4,20000
n3_t300,"K = 3, T = 300 (central)",no_exploration,full_minus_baseline_over_baseline,1669916.91,1621010.862,48906.04799999989,3.017009271588703,25301.159999999963,72082.17599999996,1.5519337100760475,4.485956612908022,24937.292717046348,72874.80328295343,3.024973493902223,1.513274693388044,4.536672294416402,-3649.5000000004657,124665.75000000047,5,5,4,20000
n3_t300,"K = 3, T = 300 (central)",no_substitution,full_minus_baseline_over_baseline,1669916.91,1583882.81,86034.09999999992,5.431847574632106,62234.86600000021,106015.29039999998,3.9297571532377824,6.689194111732102,58938.07452845247,113130.12547154739,5.431754359144166,3.721543416998615,7.141965301289717,32961.25,146636.40000000084,5,5,4,20000
n3_t300,"K = 3, T = 300 (central)",reset_all,full_minus_baseline_over_baseline,1669916.91,1645542.7380000001,24374.171999999817,1.4812238805553153,1251.1402999995207,45969.90014999944,0.0755903553968526,2.7983291969338855,-1286.4947325850662,50034.8387325847,1.4813587484407547,-0.08405811908285821,3.0467756159643677,-20265.40000000084,85024.1000000001,5,5,4,20000
n3_t300,"K = 3, T = 300 (central)",no_reset,full_minus_baseline_over_baseline,1669916.91,1658650.1940000001,11266.715999999988,0.6792701704528171,-3212.640150000224,27904.53395000015,-0.19171820508639803,1.7145774532561593,-5058.776078707724,27592.208078707703,0.6925762182857272,-0.3320157929387696,1.7171682295102242,-34439.94999999972,57516.5,5,5,4,20000
n3_t300,"K = 3, T = 300 (central)",informed,informed_minus_full_over_informed,1669916.91,1738855.414,68938.50400000006,3.9645909283174126,48833.42599999983,92871.81349999957,2.8082562220719374,5.339333197563902,41375.804648883146,96501.20335111697,3.9644467588077577,2.3804582251272968,5.548435292488218,6106.3499999996275,124184.49999999953,5,5,4,20000
n3_t600,"K = 3, T = 600",fixed_schedule,full_minus_baseline_over_baseline,3341205.234,3400899.5999999996,-59694.365999999645,-1.7552522279693132,-133455.53864999945,-5552.659199999639,-3.8917436703795083,-0.1635886320905479,-145992.9887977809,26604.256797781614,-1.7423288033434292,-4.244003933649436,0.7593463269625778,-294134.85000000056,108746.94999999739,5,5,4,20000
n3_t600,"K = 3, T = 600",d2as2,full_minus_baseline_over_baseline,3341205.234,3255801.0679999995,85404.16600000027,2.6231383372714308,37271.74600000022,125946.27840000059,1.144010492403413,3.874348154962969,37460.29044805743,133348.0415519431,2.6204354733772663,1.153666614947192,4.0872043318073406,-103113.79999999981,295305.05000000075,5,5,4,20000
n3_t600,"K = 3, T = 600",ppo,full_minus_baseline_over_baseline,3341205.234,3144380.4080000008,196824.82599999942,6.259574239148464,140791.0805499998,246743.47599999898,4.463125454040169,7.904313862523114,128787.0928681268,264862.5591318721,6.269080117643153,4.047284015427609,8.490876219858697,20295.300000000745,345155.1499999985,5,5,4,20000
n3_t600,"K = 3, T = 600",no_exploration,full_minus_baseline_over_baseline,3341205.234,3263666.1020000004,77539.13200000004,2.375829192590601,35532.589249999925,130289.23624999884,1.0847755559607413,4.030827037147266,27575.24136920092,127503.02263079918,2.3796847363635374,0.8339460323743133,3.9254234403527617,-64805.550000000745,240957.80000000028,5,5,4,20000
n3_t600,"K = 3, T = 600",no_substitution,full_minus_baseline_over_baseline,3341205.234,3168804.458,172400.77599999963,5.440562151594905,123019.72204999892,214842.03050000008,3.882852908558479,6.779882952025131,110581.72774373893,234219.8242562604,5.440556928701303,3.489678419419158,7.391435437983448,2347.4999999981374,300144.25000000047,5,5,4,20000
n3_t600,"K = 3, T = 600",reset_all,full_minus_baseline_over_baseline,3341205.234,3291484.5520000006,49720.68200000001,1.510585306249967,5939.050000000484,92257.60029999955,0.18009812328859118,2.8072757157626294,-3466.840565538252,102908.20456553828,1.5099329468671032,-0.11120059820141925,3.1310664919356257,-77042.44999999832,194291.75,5,5,4,20000
n3_t600,"K = 3, T = 600",no_reset,full_minus_baseline_over_baseline,3341205.234,3316720.22,24485.013999999555,0.738229708142219,-18415.059549999783,62473.0985499995,-0.5502628010891512,1.905090286578667,-19549.05662110116,68519.08462110028,0.7503253888407451,-0.5878802997532657,2.088531077434756,-104044.35000000149,130881.89999999944,5,5,4,20000
n3_t600,"K = 3, T = 600",informed,informed_minus_full_over_informed,3341205.234,3477376.1800000006,136170.94600000023,3.9159107025343585,93911.55925000178,185193.56285000112,2.7004702770730855,5.327045164916503,74664.05979689432,197677.83220310614,3.915996437330276,2.146985433741132,5.68500744091942,7160.750000000466,305660.1000000024,5,5,4,20000
n5_t150,"K = 5, T = 150",fixed_schedule,full_minus_baseline_over_baseline,1351048.4201631586,1340171.7307060598,10876.689457098777,0.8115892320283771,-6339.066401755633,33880.05180361129,-0.47095746834473634,2.518333132970832,-18152.321389473713,39905.70030367127,0.8016837399715024,-1.332576312011212,2.935943791954217,-48425.33153770259,85000.13207583805,5,5,4,20000
n5_t150,"K = 5, T = 150",d2as2,full_minus_baseline_over_baseline,1351048.4201631586,1283388.5836549953,67659.83650816344,5.271968082766723,47055.84298562385,97078.33173265593,3.6710366686190206,7.541077166134274,28016.574057151178,107303.09895917572,5.267114785274902,2.202434385438473,8.331795185111332,26055.923264500452,139543.7276820843,5,5,4,20000
n5_t150,"K = 5, T = 150",ppo,full_minus_baseline_over_baseline,1351048.4201631586,1168412.8620860353,182635.55807712337,15.631080759505966,114251.72917220305,291281.01262228575,9.31849102283277,27.82216746734977,39543.951964726526,325727.1641895203,16.792787281678233,-0.02345389997167402,33.609028463328144,87078.5101225907,440784.49135714176,5,5,4,20000
n5_t150,"K = 5, T = 150",no_exploration,full_minus_baseline_over_baseline,1351048.4201631586,1329300.785616777,21747.634546381552,1.6360205892973319,6051.8705332579275,42675.360240051814,0.4549264738683426,3.19667644440882,-3632.184444931536,47127.453537694644,1.6243790760879553,-0.23942353353049484,3.4881816857064054,-25505.19059455348,86098.06607532757,5,5,4,20000
n5_t150,"K = 5, T = 150",no_substitution,full_minus_baseline_over_baseline,1351048.4201631586,1316794.108006961,34254.31215619758,2.6013415421522024,11879.204364845325,66757.14320065618,0.9020630968723071,5.0688984147054805,-9522.498818259526,78031.12313065467,2.6015347554034,-0.7237798908548356,5.926849401661635,-2349.372194327647,120064.02495316928,5,5,4,20000
n5_t150,"K = 5, T = 150",reset_all,full_minus_baseline_over_baseline,1351048.4201631586,1330566.7056084638,20481.714554694696,1.5393226411244443,98.71123548805217,47205.39345541117,0.007424743433859067,3.537291849413581,-16420.71850396858,57384.14761335796,1.5322685641092062,-1.2189020379170552,4.283439166135468,-13263.218645739602,86956.10439874069,5,5,4,20000
n5_t150,"K = 5, T = 150",no_reset,full_minus_baseline_over_baseline,1351048.4201631586,1339534.631063634,11513.789099524469,0.8595365011490724,256.77137511776385,25541.49618888211,0.019232348661630785,1.8924967878982597,-4334.1069385227565,27361.685137571698,0.8492912123220082,-0.29481582215097046,1.993398246794987,-18475.731018410763,66702.99288675329,5,5,4,20000
n5_t150,"K = 5, T = 150",informed,informed_minus_full_over_informed,1351048.4201631586,1455968.2639981601,104919.84383500148,7.206190301626943,72483.59251565608,126915.4195744799,4.979747623100176,8.720404380971637,61296.51346605951,148543.17420394346,7.206184029948001,4.20944564951382,10.202922410382183,18113.316183397546,140775.45833194745,5,5,4,20000
n5_t300,"K = 5, T = 300",fixed_schedule,full_minus_baseline_over_baseline,2705786.315106353,2679607.4901889847,26178.824917367903,0.976964910466115,-4788.3765501007465,65839.2949765988,-0.17736329010306404,2.4497696643483593,-8424.491021987833,60782.140856723636,0.9712531558308337,-0.29750199927748033,2.2400083109391478,-45761.75023830915,125376.67371895118,5,5,4,20000
n5_t300,"K = 5, T = 300",d2as2,full_minus_baseline_over_baseline,2705786.315106353,2620417.5537980916,85368.76130826118,3.2578304623446677,46126.36655279385,139690.3621209503,1.759431912921412,5.330230117817764,22045.292049953947,148692.23056656838,3.2575046744030267,0.842579831501733,5.67242951730432,6962.263503252994,228450.97789268196,5,5,4,20000
n5_t300,"K = 5, T = 300",ppo,full_minus_baseline_over_baseline,2705786.315106353,2442753.4465435217,263032.8685628306,10.767884451663374,222753.61222181606,319900.3383875902,8.989780989178163,13.318674351149685,200068.51438304136,325997.22274261987,10.80870684038555,7.8949728979587395,13.722440782812361,144345.03745885007,495018.37781952927,5,5,4,20000
n5_t300,"K = 5, T = 300",no_exploration,full_minus_baseline_over_baseline,2705786.315106353,2667732.223994503,38054.09111185005,1.4264584267333276,12304.516458949298,72142.06393693131,0.4618090067703863,2.690877558588468,9981.110298416927,66127.07192528318,1.4218358282320958,0.3939702629759809,2.4497013934882106,-50876.674267617054,144669.39351743925,5,5,4,20000
n5_t300,"K = 5, T = 300",no_substitution,full_minus_baseline_over_baseline,2705786.315106353,2631884.7907583774,73901.52434797559,2.807931586043349,37134.03088207629,128392.9558243684,1.4132270804247764,4.87698512259266,8669.489462044628,139133.55923390656,2.808495767973683,0.32795111136609156,5.289040424581275,-4952.831967212725,225582.6132300296,5,5,4,20000
n5_t300,"K = 5, T = 300",reset_all,full_minus_baseline_over_baseline,2705786.315106353,2670314.634240792,35471.68086556072,1.3283708373056853,4160.066720092856,81384.0765683171,0.1561903507593327,3.039057009600431,-16894.792024312876,87838.15375543431,1.3241135814586493,-0.6235536144506468,3.2717807773679457,-37036.0942567531,167327.97533501778,5,5,4,20000
n5_t300,"K = 5, T = 300",no_reset,full_minus_baseline_over_baseline,2705786.315106353,2674967.329869429,30818.985236923563,1.1521256687059434,11075.692912033697,57286.8084590996,0.411995533596826,2.125606287198064,5104.055691728663,56533.914782118474,1.1478537152210382,0.20625748327636617,2.0894499471657104,-36286.43879061146,112743.05569225829,5,5,4,20000
n5_t300,"K = 5, T = 300",informed,informed_minus_full_over_informed,2705786.315106353,2908527.5656447094,202741.25053835684,6.970580335325672,149759.890840511,238403.7582646837,5.145783883447819,8.197114558823229,139121.3813055762,266361.11977113754,6.970757098395984,4.782527285860445,9.158986910931523,51830.467811657116,279928.18218446337,5,5,4,20000
n5_t600,"K = 5, T = 600",fixed_schedule,full_minus_baseline_over_baseline,5426113.146435452,5368871.088245603,57242.058189849704,1.0661842545478875,-29220.977863642758,142003.49138463207,-0.5458283801031892,2.637257648091115,-18474.700660448434,132958.81704014784,1.059816704704109,-0.32373211720051276,2.443365526608731,-169848.57688513584,256266.9334314298,5,5,4,20000
n5_t600,"K = 5, T = 600",d2as2,full_minus_baseline_over_baseline,5426113.146435452,5347648.8574804645,78464.2889549873,1.4672670372743117,-23902.676901538784,198510.51871395076,-0.4467149707403001,3.7158965994108573,-58855.51713613329,215784.0950461079,1.4672276286575765,-1.1006233181526213,4.035078575467774,-115619.98542713001,382423.7898336267,5,5,4,20000
n5_t600,"K = 5, T = 600",ppo,full_minus_baseline_over_baseline,5426113.146435452,4995995.995379355,430117.1510560968,8.60923730631288,306521.6854266838,558402.4473510009,6.056148399995933,11.345214742007746,249757.40184647424,610476.9002657192,8.662606980544393,4.815604565623821,12.509609395464963,166800.788872079,680391.5308277598,5,5,4,20000
n5_t600,"K = 5, T = 600",no_exploration,full_minus_baseline_over_baseline,5426113.146435452,5342425.05121859,83688.09521686188,1.5664814089955823,12518.530718858132,170944.53873474692,0.23469685817886066,3.189262165542941,1932.1345553358988,165444.05587838788,1.5608869600060593,0.05837518532108321,3.0633987346910354,-152948.364515787,356492.6103869509,5,5,4,20000
n5_t600,"K = 5, T = 600",no_substitution,full_minus_baseline_over_baseline,5426113.146435452,5265358.427385918,160754.71904953424,3.053063172554872,61533.580880301895,275859.9347065464,1.168395057717307,5.235369126750229,23371.296487390384,298138.14161167806,3.053039196315068,0.4440009078875735,5.662077484742563,-24608.171352490783,449571.7836486753,5,5,4,20000
n5_t600,"K = 5, T = 600",reset_all,full_minus_baseline_over_baseline,5426113.146435452,5356626.548621356,69486.59781409655,1.2972081809955565,-14224.106366926404,168075.66224331807,-0.26644735541941367,3.1261135673754223,-45813.40307685072,184786.59870504384,1.2927092307161892,-0.8450325936764904,3.4304510551088687,-86027.06215431355,324009.03076957166,5,5,4,20000
n5_t600,"K = 5, T = 600",no_reset,full_minus_baseline_over_baseline,5426113.146435452,5374115.762865362,51997.38357009001,0.9675523539962984,10602.826726410054,85265.6022288543,0.197101710104445,1.5879677777073413,36786.46023532654,67208.30690485347,0.9685459443451278,0.676233496944924,1.2608583917453315,-93192.85102362093,163939.03103559278,5,5,4,20000
n5_t600,"K = 5, T = 600",informed,informed_minus_full_over_informed,5426113.146435452,5817952.201278002,391839.05484254996,6.7349995545937436,276706.8743809676,490035.3367094517,4.753049882336187,8.424429605791989,255000.38015142252,528677.7295336775,6.735138406816882,4.382608460038266,9.087668353595497,105392.15704840701,573017.1120745083,5,5,4,20000
n10_t150,"K = 10, T = 150",fixed_schedule,full_minus_baseline_over_baseline,2624060.023944099,2624468.875962733,-408.85201863363386,-0.015578467033025048,-5717.375848861374,4738.571293995958,-0.21757422621177278,0.1808890810156368,-4896.708498984878,4079.004461717611,-0.015527565467293955,-0.18629762306450556,0.15524249212991767,-12800.400621117093,20596.93685300136,5,5,4,20000
n10_t150,"K = 10, T = 150",d2as2,full_minus_baseline_over_baseline,2624060.023944099,2491656.868198757,132403.1557453418,5.313859923299047,127663.93147644901,137593.12997166178,5.11830403371544,5.523632053743488,127423.79787036977,137382.5136203138,5.313863839253723,5.113867826566844,5.513859851940602,117116.14272774383,146547.8035714291,5,5,4,20000
n10_t150,"K = 10, T = 150",ppo,full_minus_baseline_over_baseline,2624060.023944099,2278261.881894409,345798.14204968954,15.17815597924824,321413.58215088,371457.37095238117,13.962985089856707,16.48800382680484,334665.2245084942,356931.05959088466,15.17956808566836,14.617239167526021,15.741897003810697,260365.2422360247,447589.7815734991,5,5,4,20000
n10_t150,"K = 10, T = 150",no_exploration,full_minus_baseline_over_baseline,2624060.023944099,2624950.9406884057,-890.9167443063296,-0.03394031981691195,-6119.368566252794,3937.8105296327844,-0.2326787848943948,0.15031910772405815,-5829.869687887296,4048.0361992746366,-0.03382087738308028,-0.22170730629641158,0.154065551530251,-15030.904503104277,20596.93685300136,5,5,4,20000
n10_t150,"K = 10, T = 150",no_substitution,full_minus_baseline_over_baseline,2624060.023944099,2619588.2718478255,4471.752096273433,0.17070438680499786,-111.36902445650357,9054.379445134351,-0.004248541222574549,0.34569515318948874,328.0481029680677,8615.456089578798,0.17070774561848184,0.012443038759240216,0.32897245247772344,-9781.819746376947,27041.797748446465,5,5,4,20000
n10_t150,"K = 10, T = 150",reset_all,full_minus_baseline_over_baseline,2624060.023944099,2612157.96295031,11902.060993788913,0.4556409360613836,6069.078081651205,17264.123535455925,0.23198107136291707,0.662137650565878,4021.1361957373483,19782.985791840478,0.45592647071555187,0.1533988269832559,0.7584541144478478,-8323.216873705853,24213.941123188008,5,5,4,20000
n10_t150,"K = 10, T = 150",no_reset,full_minus_baseline_over_baseline,2624060.023944099,2601340.5569565212,22719.466987577864,0.8733753420643519,11293.372325569113,35614.98902950329,0.43206251260486145,1.3763156504321659,5471.4887933622085,39967.44518179352,0.8759978493966049,0.20572392382411586,1.5462717749690937,592.6581262936816,67771.55292443186,5,5,4,20000
n10_t150,"K = 10, T = 150",informed,informed_minus_full_over_informed,2624060.023944099,2668635.1171169765,44575.093172877285,1.6703330060736685,39612.89385222508,48959.37148550659,1.4850513423905451,1.8338732642569915,38954.65893934966,50195.52740640491,1.6703161154076138,1.4599797913089538,1.8806524395062738,31338.35248447163,61347.59187370539,5,5,4,20000
n10_t300,"K = 10, T = 300",fixed_schedule,full_minus_baseline_over_baseline,5244660.952127329,5249662.364730849,-5001.412603518888,-0.09527112899909859,-13872.4148210384,3539.8534306425486,-0.2640820877332187,0.06761727259368128,-12188.438130399712,2185.612923361936,-0.09510572772216008,-0.23184643041583597,0.041634974971515804,-36862.12305900641,24065.16537267156,5,5,4,20000
n10_t300,"K = 10, T = 300",d2as2,full_minus_baseline_over_baseline,5244660.952127329,5011434.630771221,233226.3213561083,4.653883339594049,221869.1658307453,244039.0374087754,4.422418203977148,4.873901916000842,223281.36293160793,243171.27978060872,4.653940094312851,4.452982478556148,4.8548977100695545,195302.89635093138,258906.244435817,5,5,4,20000
n10_t300,"K = 10, T = 300",ppo,full_minus_baseline_over_baseline,5244660.952127329,4701653.987629398,543006.9644979304,11.549275338564817,414162.88412008405,647165.4255176,8.572958079704122,14.086930882386303,356767.7807140895,729246.1482817715,11.639107205955463,7.307538353313891,15.970676058597036,251604.58902691212,723464.6964285718,5,5,4,20000
n10_t300,"K = 10, T = 300",no_exploration,full_minus_baseline_over_baseline,5244660.952127329,5246005.088421324,-1344.1362939951196,-0.025622092837117014,-9394.831087214356,5938.0304244314875,-0.17899938433529838,0.11334857084900296,-5456.059205620688,2767.7866176304483,-0.025558534324646453,-0.10395490158490353,0.05283783293561062,-30924.47813147027,32460.0499482397,5,5,4,20000
n10_t300,"K = 10, T = 300",no_substitution,full_minus_baseline_over_baseline,5244660.952127329,5238515.756796066,6145.195331263356,0.11730794783409844,-5637.793469332468,19208.316925466497,-0.1076383021916889,0.3670970596217668,-903.8385620183526,13194.229224545064,0.11733732216412682,-0.017334579621200663,0.2520092239494543,-22109.60106107779,49769.59484989755,5,5,4,20000
n10_t300,"K = 10, T = 300",reset_all,full_minus_baseline_over_baseline,5244660.952127329,5229698.195196686,14962.756930642687,0.2861112892592078,860.2201966875791,26929.33825051997,0.01642381198256115,0.5156114197573323,542.7219089918126,29382.791952293555,0.2863858072491977,0.010177942457416655,0.5625936720409788,-24786.29037267156,44249.633799170144,5,5,4,20000
n10_t300,"K = 10, T = 300",no_reset,full_minus_baseline_over_baseline,5244660.952127329,5213126.339373705,31534.612753624097,0.6049078940490938,6534.381532092407,62617.749922360854,0.12485511743444022,1.2058167235445698,-8053.036575223952,71122.26208247215,0.6076034530429759,-0.16007632968641505,1.375283235772367,-25830.82207556814,108559.24534161761,5,5,4,20000
n10_t300,"K = 10, T = 300",informed,informed_minus_full_over_informed,5244660.952127329,5336769.174182192,92108.22205486383,1.7259172928156112,81300.0396948732,103557.80173395317,1.5232629945893126,1.9396099859002238,84250.44782566992,99965.99628405774,1.7259144426459663,1.5787423686064443,1.8730865166854882,60064.096273291856,116660.67093684897,5,5,4,20000
n10_t600,"K = 10, T = 600",fixed_schedule,full_minus_baseline_over_baseline,10496184.85568323,10503299.397453414,-7114.541770185828,-0.06773625601788877,-25532.277890010733,11785.319668738619,-0.2428693316906198,0.11219719245861441,-16857.836238786727,2628.752698415071,-0.06775698241018277,-0.16066892293106483,0.025154958110699302,-60130.666925463825,74299.62370599993,5,5,4,20000
n10_t600,"K = 10, T = 600",d2as2,full_minus_baseline_over_baseline,10496184.85568323,10142446.142287783,353738.71339544735,3.4877061059321077,332790.5051345774,372698.82239104895,3.2789956063503056,3.675007568267974,326632.2656178781,380845.1611730166,3.4877368010076983,3.219685879393587,3.7557877226218097,266232.77497411706,394740.7826086953,5,5,4,20000
n10_t600,"K = 10, T = 600",ppo,full_minus_baseline_over_baseline,10496184.85568323,9577513.869943064,918670.9857401667,9.591956725045469,787085.4474948228,1032920.176534292,8.103302920295603,10.91975766792044,739506.6698136602,1097835.3016666735,9.61240531078553,7.582809618545901,11.642001003025158,601030.2430124152,1172874.8989389315,5,5,4,20000
n10_t600,"K = 10, T = 600",no_exploration,full_minus_baseline_over_baseline,10496184.85568323,10496872.802572463,-687.9468892335146,-0.00655382705089319,-16346.216061075776,13097.889886127561,-0.15540252902586524,0.12466006288895264,-8887.59761113887,7511.703832671842,-0.006496243600972682,-0.08456572183572057,0.0715732346337752,-50581.83799172193,74299.62370599993,5,5,4,20000
n10_t600,"K = 10, T = 600",no_substitution,full_minus_baseline_over_baseline,10496184.85568323,10496492.263447205,-307.40776397503913,-0.002928671371913952,-16684.38658902809,17810.029411749838,-0.15876249360579195,0.16965426043496715,-16232.709944218079,15617.894416268,-0.0029059599310654605,-0.15456115033835308,0.14874923047622216,-56559.02523292042,64022.408773291856,5,5,4,20000
n10_t600,"K = 10, T = 600",reset_all,full_minus_baseline_over_baseline,10496184.85568323,10460721.465170808,35463.39051242329,0.3390147671028029,9670.346484084792,60084.56074055663,0.09226309763009231,0.5752764135471109,7771.963751209914,63154.81727363667,0.3391437218227657,0.07402379862453301,0.6042636450209984,-29854.370471017435,105827.34122670442,5,5,4,20000
n10_t600,"K = 10, T = 600",no_reset,full_minus_baseline_over_baseline,10496184.85568323,10439295.363395443,56889.49228778526,0.544955289676592,20480.670309397694,93454.76191252752,0.19537954044658853,0.898592160587717,6851.34485651851,106927.63971905201,0.5461497148833467,0.06439572470943411,1.0279037050572595,-42440.81495858915,202174.2158385031,5,5,4,20000
n10_t600,"K = 10, T = 600",informed,informed_minus_full_over_informed,10496184.85568323,10672971.483348861,176786.62766563133,1.6563955777586419,158174.32211179988,195887.18016045398,1.4821789654775666,1.8353467831514354,151593.84625189845,201979.4090793642,1.656394749234734,1.4203640788644114,1.8924254196050565,132376.70807453617,228565.06677018665,5,5,4,20000
seasons_3,3 demand stages,fixed_schedule,full_minus_baseline_over_baseline,1663287.6640000003,1689062.36,-25774.69600000006,-1.5259765779162684,-58117.43779999972,9790.687999999682,-3.3946976269292968,0.589572832229946,-61014.25317082479,9464.861170824668,-1.5089055409687044,-3.5685023307467576,0.5506912488093487,-107696.3999999999,51113.9999999993,5,5,4,20000
seasons_3,3 demand stages,d2as2,full_minus_baseline_over_baseline,1663287.6640000003,1586102.466,77185.1980000001,4.866343735953836,55656.327999999936,99615.44135000002,3.5074831716906627,6.291034212720033,54744.82095082987,99625.57504917032,4.866163155308902,3.452843953386692,6.279482357231112,20334.000000000233,149938.84999999963,5,5,4,20000
seasons_3,3 demand stages,ppo,full_minus_baseline_over_baseline,1663287.6640000003,1495529.708,167757.95600000003,11.2172934514518,104798.15395000002,261408.38719999915,6.746499603669579,18.437648809998233,41913.88112408832,293602.0308759118,11.600670574870719,1.677276222525979,21.52406492721546,51175.40000000084,385250.8499999996,5,5,4,20000
seasons_3,3 demand stages,no_exploration,full_minus_baseline_over_baseline,1663287.6640000003,1599221.606,64066.05800000005,4.006077566713442,44063.18599999998,86331.57399999998,2.746949165885603,5.418803350552689,52836.84356034301,75295.2724396571,4.006754991920829,3.2963847085950864,4.7171252752465715,-18220.500000000233,125226.3499999994,5,5,4,20000
seasons_3,3 demand stages,no_substitution,full_minus_baseline_over_baseline,1663287.6640000003,1587524.914,75762.75000000003,4.772381795829897,54273.17199999999,98545.47199999982,3.4165305070804113,6.214792254254003,52764.02950511046,98761.4704948896,4.7724519556876865,3.323221509955049,6.221682401420324,20199.44999999972,149159.94999999972,5,5,4,20000
seasons_3,3 demand stages,reset_all,full_minus_baseline_over_baseline,1663287.6640000003,1658023.6600000004,5264.003999999948,0.31748666361009326,-14378.16794999989,28299.24785000009,-0.8660193351065153,1.709803520885283,-22975.55996669277,33503.567966692666,0.3222584135648286,-1.3832651033587018,2.027781930488359,-44606.55000000005,75894.49999999907,5,5,4,20000
seasons_3,3 demand stages,no_reset,full_minus_baseline_over_baseline,1663287.6640000003,1626873.0680000002,36414.59599999994,2.2383182017246432,22897.444000000207,50868.98799999996,1.3876103852650417,3.163019562395631,26672.483011031756,46156.70898896812,2.241899726150167,1.614631960489377,2.8691674918109573,89.25000000046566,85705.15000000014,5,5,4,20000
seasons_3,3 demand stages,informed,informed_minus_full_over_informed,1663287.6640000003,1741255.36,77967.69599999994,4.477671557605414,55239.32824999989,99411.77799999961,3.1771990270106363,5.707610254982878,55011.67997811863,100923.71202188125,4.477627708531188,3.1593714860693582,5.795883930993019,5296.500000000466,133157.85000000056,5,5,4,20000
seasons_10,10 demand stages,fixed_schedule,full_minus_baseline_over_baseline,1681610.362,1707504.136,-25893.773999999892,-1.5164691817765517,-51583.828000000016,-326.7870500000133,-3.0116305310193368,-0.019269948288760486,-53846.85278735419,2059.304787354409,-1.511775202111337,-3.148644919611094,0.12509451538841998,-110572.79999999912,50755.499999999534,5,5,4,20000
seasons_10,10 demand stages,d2as2,full_minus_baseline_over_baseline,1681610.362,1529298.9880000001,152311.37399999992,9.95955501148869,127560.52825000002,173997.8618999995,8.35972148545539,11.37630736795886,121260.59453071965,183362.15346928014,9.959034537880239,7.932039274439567,11.98602980132091,88436.84999999986,201872.84999999846,5,5,4,20000
seasons_10,10 demand stages,ppo,full_minus_baseline_over_baseline,1681610.362,1541355.614,140254.74799999993,9.099441214349117,90207.43800000004,213753.61800000007,5.7581367230924005,14.454754068575399,40111.477899855454,240398.0181001444,9.306611499396062,1.8721877565173761,16.741035242274748,64045.549999999814,309701.00000000093,5,5,4,20000
seasons_10,10 demand stages,no_exploration,full_minus_baseline_over_baseline,1681610.362,1611235.114,70375.24799999996,4.367782664895416,47478.32684999984,87354.94599999975,2.95088914709896,5.422749671650848,49915.15527393606,90835.34072606383,4.364549565802517,3.110978530906963,5.618120600698071,4504.850000000559,120156.49999999884,5,5,4,20000
seasons_10,10 demand stages,no_substitution,full_minus_baseline_over_baseline,1681610.362,1584677.5380000002,96932.82399999994,6.11688003871989,70226.32,118492.54470000003,4.435190801270654,7.472695262324907,65114.94718433522,128750.70081566465,6.116861771523562,4.109123430927563,8.124600112119559,28016.55000000028,148648.5999999987,5,5,4,20000
seasons_10,10 demand stages,reset_all,full_minus_baseline_over_baseline,1681610.362,1618290.5979999998,63319.763999999974,3.912756094502145,37367.24400000004,84932.86684999979,2.3134870816468043,5.24900113033491,31562.89878866487,95076.6292113351,3.9128668193794853,1.9490404512762047,5.876693187482766,-5604.849999999395,116464.39999999967,5,5,4,20000
seasons_10,10 demand stages,no_reset,full_minus_baseline_over_baseline,1681610.362,1658173.72,23436.64199999991,1.4134008829907154,3772.8379999998397,46005.42600000035,0.22744898246715503,2.790778176457905,3910.2640624129453,42963.01993758687,1.4136187176919788,0.23107406839142763,2.59616336699253,-45160.45000000042,98234.19999999972,5,5,4,20000
seasons_10,10 demand stages,informed,informed_minus_full_over_informed,1681610.362,1740041.1139999998,58430.75200000016,3.358009849875298,36971.6132000002,85301.23219999988,2.123539645665592,4.903860299740519,26181.860874909504,90679.6431250908,3.3577847425325436,1.505579833863053,5.209989651202034,6637.650000001304,127054.19999999995,5,5,4,20000
capacity_0.8,Capacity: 0.8 x baseline,fixed_schedule,full_minus_baseline_over_baseline,1556348.1020000002,1584314.16,-27966.057999999906,-1.7651838698455948,-41798.5559999998,-12737.138849999996,-2.6205254250451384,-0.8131971616902359,-40153.76083557931,-15778.355164420507,-1.7611066718970139,-2.5125818386287553,-1.0096315051652724,-74721.79999999935,37405.60000000056,5,5,4,20000
capacity_0.8,Capacity: 0.8 x baseline,d2as2,full_minus_baseline_over_baseline,1556348.1020000002,1301806.866,254541.23600000012,19.552918535613276,241787.7460000002,265501.5080000003,18.572479672303682,20.400684277595637,240271.99057177716,268810.4814282231,19.552867397055937,18.45847761451945,20.647257179592426,213455.05000000005,282826.9500000002,5,5,4,20000
capacity_0.8,Capacity: 0.8 x baseline,ppo,full_minus_baseline_over_baseline,1556348.1020000002,1172656.136,383691.9660000001,32.719904345428695,357067.9080000003,409923.4554999998,29.899266996908857,35.81285310149994,343195.0603444642,424188.8716555358,32.805451652225905,28.144462335112994,37.46644096933882,312779.0499999998,452736.8999999997,5,5,4,20000
capacity_0.8,Capacity: 0.8 x baseline,no_exploration,full_minus_baseline_over_baseline,1556348.1020000002,1553691.0180000004,2657.0839999999853,0.17101752981877624,-3108.6519999998436,7702.699749999969,-0.19906032643948396,0.49861836097985834,-2206.9161004065554,7521.084100406526,0.1717689805414651,-0.14271129527105386,0.4862492563539841,-24790.60000000056,21305.2499999993,5,5,4,20000
capacity_0.8,Capacity: 0.8 x baseline,no_substitution,full_minus_baseline_over_baseline,1556348.1020000002,1577400.8380000002,-21052.736000000023,-1.3346471925736374,-33820.44225000003,-10491.927999999942,-2.142985846150541,-0.6654959667400655,-35112.610545881165,-6992.861454118884,-1.334758340665657,-2.2264052254153017,-0.4431114559160121,-59847.75000000023,5441.850000000326,5,5,4,20000
capacity_0.8,Capacity: 0.8 x baseline,reset_all,full_minus_baseline_over_baseline,1556348.1020000002,1551127.344,5220.758000000017,0.3365782970814643,-3381.8339999998825,14010.426000000118,-0.2178396513125273,0.9057129935588452,-5476.436632639825,15917.95263263986,0.3385559538060804,-0.3578537991651858,1.0349657067773466,-29234.949999999953,31320.90000000014,5,5,4,20000
capacity_0.8,Capacity: 0.8 x baseline,no_reset,full_minus_baseline_over_baseline,1556348.1020000002,1548848.644,7499.458000000026,0.4841956655385173,-4323.56120000017,21288.705600000074,-0.278857253292376,1.3862523642926814,-8334.581312774195,23333.49731277425,0.48959100176927867,-0.5374876056825915,1.5166696092211487,-29961.55000000028,48381.90000000014,5,5,4,20000
capacity_0.8,Capacity: 0.8 x baseline,informed,informed_minus_full_over_informed,1556348.1020000002,1625741.8400000003,69393.73800000004,4.268435263990014,58735.74800000003,82058.36605000003,3.6135171647267654,5.047823479376862,54748.88011150196,84038.59588849812,4.268380012699537,3.3681455659295043,5.16861445946957,42005.950000000186,106963.25000000023,5,5,4,20000
capacity_0.9,Capacity: 0.9 x baseline,fixed_schedule,full_minus_baseline_over_baseline,1646411.6559999997,1636587.9980000001,9823.658000000018,0.600252355021828,-20026.420000000056,39531.63220000005,-1.212080507513952,2.444439247172798,-31780.30905108955,51427.625051089584,0.6208655617450658,-1.9398179990074138,3.1815491224975454,-54001.25000000023,93960.29999999935,5,5,4,20000
capacity_0.9,Capacity: 0.9 x baseline,d2as2,full_minus_baseline_over_baseline,1646411.6559999997,1469496.862,176914.79399999985,12.03914064567766,161268.8032999997,193496.7564499998,10.974842527941489,13.174378755207346,153321.95680889545,200507.63119110418,12.039258868537454,10.43169346715768,13.646824269917227,143300.9499999995,226179.84999999986,5,5,4,20000
capacity_0.9,Capacity: 0.9 x baseline,ppo,full_minus_baseline_over_baseline,1646411.6559999997,1441733.118,204678.53799999988,14.196700862634946,163538.5859999999,240497.2859999998,11.128829698591007,17.014108480379523,144316.151347252,265040.9246527477,14.272819215484668,9.675910538976582,18.869727891992753,120528.74999999977,264321.14999999944,5,5,4,20000
capacity_0.9,Capacity: 0.9 x baseline,no_exploration,full_minus_baseline_over_baseline,1646411.6559999997,1614389.0560000003,32022.59999999985,1.9835739025227503,3586.3093499996635,60033.17999999967,0.21909595291885475,3.7574328726340793,-9526.987108662379,73572.18710866208,2.0055725681264636,-0.5953542982956042,4.606499434548532,-48738.69999999949,119273.54999999935,5,5,4,20000
capacity_0.9,Capacity: 0.9 x baseline,no_substitution,full_minus_baseline_over_baseline,1646411.6559999997,1588695.5180000002,57716.137999999744,3.6329263440396744,42166.5279999998,76450.28399999971,2.650798746228246,4.823210443492558,38118.940975234495,77313.33502476502,3.6314878021211228,2.4053819226861073,4.857593681556138,18221.850000000093,116613.64999999967,5,5,4,20000
capacity_0.9,Capacity: 0.9 x baseline,reset_all,full_minus_baseline_over_baseline,1646411.6559999997,1622143.656,24267.999999999814,1.496045058046312,9286.847049999715,37993.475999999726,0.57160919924288,2.3446401786513165,6630.806303317717,41905.19369668191,1.4945890451556267,0.41140107215408905,2.5777770181571644,-10574.450000000652,69439.99999999953,5,5,4,20000
capacity_0.9,Capacity: 0.9 x baseline,no_reset,full_minus_baseline_over_baseline,1646411.6559999997,1639997.4640000004,6414.191999999806,0.39110987308205614,-5189.152000000412,17827.872700000004,-0.31331224794612594,1.096692229115903,-3390.828499171236,16219.212499170852,0.3970458912138791,-0.20285275425444638,0.9969445366822046,-36642.80000000051,39291.20000000042,5,5,4,20000
capacity_0.9,Capacity: 0.9 x baseline,informed,informed_minus_full_over_informed,1646411.6559999997,1712493.7019999998,66082.04600000028,3.858819797282974,49616.28520000017,81810.33930000049,2.8983977703091357,4.778425595904415,42493.375785575554,89670.716214425,3.8587346576961226,2.4815696019941393,5.235899713398106,17459.299999999814,100550.24999999977,5,5,4,20000
capacity_1.1,Capacity: 1.1 x baseline,fixed_schedule,full_minus_baseline_over_baseline,1658416.9919999999,1688338.9800000002,-29921.98800000001,-1.7722737172129,-53699.02599999964,-9723.072000000038,-3.166258325157388,-0.5788631213799905,-50578.50544044742,-9265.470559552588,-1.7659990655907687,-2.96247826551292,-0.5695198656686171,-107794.79999999981,39308.65000000014,5,5,4,20000
capacity_1.1,Capacity: 1.1 x baseline,d2as2,full_minus_baseline_over_baseline,1658416.9919999999,1610785.36,47631.632000000005,2.9570440098859447,25465.830050000026,71325.61929999995,1.5803879673923145,4.425304037319344,20366.21775228191,74897.04624771808,2.9574325547393867,1.2635658700461676,4.651299239432606,-9872.54999999958,116620.40000000107,5,5,4,20000
capacity_1.1,Capacity: 1.1 x baseline,ppo,full_minus_baseline_over_baseline,1658416.9919999999,1540417.9360000002,117999.05600000006,7.660197485521853,70873.56800000019,188599.2839999999,4.509966298038973,12.759968327348085,26246.732338784845,209751.37966121527,7.8374499662412065,1.1336086935635281,14.541291238918884,44287.04999999958,290155.00000000047,5,5,4,20000
capacity_1.1,Capacity: 1.1 x baseline,no_exploration,full_minus_baseline_over_baseline,1658416.9919999999,1623172.3920000002,35244.599999999984,2.1713405288130123,9520.70855000013,65417.24134999989,0.5819361576272118,4.05673411576463,4086.2409317358542,66402.95906826411,2.1798403479754604,0.24935570454310074,4.11032499140782,-34338.25,127638.30000000051,5,5,4,20000
capacity_1.1,Capacity: 1.1 x baseline,no_substitution,full_minus_baseline_over_baseline,1658416.9919999999,1571800.658,86616.33400000002,5.510643704031316,65588.13715000007,109961.34000000019,4.1754471001748685,6.9959725754132345,60052.69604742025,113179.97195257978,5.5106460347638215,3.8206896200599196,7.200602449467723,35035.399999999674,151852.05000000075,5,5,4,20000
capacity_1.1,Capacity: 1.1 x baseline,reset_all,full_minus_baseline_over_baseline,1658416.9919999999,1630361.1859999998,28055.806000000153,1.7208337784852112,5282.870000000242,51872.821999999964,0.3212145757241524,3.1932386328495097,-1848.0668368616934,57959.678836862004,1.7256576991607286,-0.11330928009363017,3.5646246784150875,-43758.59999999916,83404.40000000107,5,5,4,20000
capacity_1.1,Capacity: 1.1 x baseline,no_reset,full_minus_baseline_over_baseline,1658416.9919999999,1649918.2660000003,8498.72599999995,0.5150998188900321,-10672.91010000009,27598.048149999744,-0.6404358161598623,1.6887892280170769,-14294.595763513456,31292.047763513357,0.522419020547788,-0.8532472424008338,1.89808528349641,-48748.80000000005,77933.04999999981,5,5,4,20000
capacity_1.1,Capacity: 1.1 x baseline,informed,informed_minus_full_over_informed,1658416.9919999999,1739902.0060000003,81485.01400000001,4.683310538122365,57898.86434999989,102987.49254999976,3.3284862936336586,5.920016227289124,54327.88374477945,108642.14425522054,4.683034885046647,3.1237373506939283,6.242332419399365,16013.249999999302,134983.44999999972,5,5,4,20000
capacity_1.2,Capacity: 1.2 x baseline,fixed_schedule,full_minus_baseline_over_baseline,1659328.7580000001,1687180.006,-27851.248000000025,-1.6507573525619355,-54476.82000000012,-1152.0289999998688,-3.207585354212603,-0.0683028119539529,-59781.15613854939,4078.660138549334,-1.6398621864086604,-3.5146200449278187,0.23489567211049756,-107168.45000000042,52172.40000000037,5,5,4,20000
capacity_1.2,Capacity: 1.2 x baseline,d2as2,full_minus_baseline_over_baseline,1659328.7580000001,1594971.3080000002,64357.45000000002,4.035022428127587,45332.56999999997,86547.5560000002,2.8457857243143985,5.4179130997653715,45659.97157298101,83054.92842701904,4.035267684286469,2.8615266994231594,5.20900866914978,15988.199999999953,122947.75000000047,5,5,4,20000
capacity_1.2,Capacity: 1.2 x baseline,ppo,full_minus_baseline_over_baseline,1659328.7580000001,1524559.0059999996,134769.75199999992,8.839917082225455,90261.1579999996,199074.94169999985,5.813408424886639,13.571915183310761,51491.95250771614,218047.5514922837,9.005161043273528,2.7496676714406503,15.260654415106405,43340.049999999814,281659.9500000004,5,5,4,20000
capacity_1.2,Capacity: 1.2 x baseline,no_exploration,full_minus_baseline_over_baseline,1659328.7580000001,1597017.676,62311.082000000075,3.9017152368700625,45128.47725000016,78669.6460000003,2.8207635753841886,4.921971316969584,53686.44366523238,70935.72033476777,3.904970792038585,3.322265595854044,4.487675988223126,7580.049999999814,111712.20000000019,5,5,4,20000
capacity_1.2,Capacity: 1.2 x baseline,no_substitution,full_minus_baseline_over_baseline,1659328.7580000001,1573179.3020000001,86149.4559999997,5.476137137736129,67259.30799999935,108723.93929999978,4.27984298365527,6.904517977318528,67902.20929250628,104396.70270749312,5.476207882280134,4.31572367104967,6.6366920935105975,37428.200000000186,148828.04999999888,5,5,4,20000
capacity_1.2,Capacity: 1.2 x baseline,reset_all,full_minus_baseline_over_baseline,1659328.7580000001,1628415.398,30913.359999999982,1.8983706514914753,14236.461999999921,49977.8243500003,0.8715175893774255,3.060826463784896,17090.150087381655,44736.5699126183,1.8973444627830105,1.0534044346112066,2.7412844909548144,-17315.59999999986,82703.30000000005,5,5,4,20000
capacity_1.2,Capacity: 1.2 x baseline,no_reset,full_minus_baseline_over_baseline,1659328.7580000001,1667579.916,-8251.158000000081,-0.4947983554390458,-25377.918000000158,4297.58309999919,-1.5166775080154806,0.2597395574716178,-18445.192177177567,1942.8761771774061,-0.49140772461776994,-1.1020942597820422,0.11927881054650236,-75336.45000000112,44070.44999999879,5,5,4,20000
capacity_1.2,Capacity: 1.2 x baseline,informed,informed_minus_full_over_informed,1659328.7580000001,1728378.6820000003,69049.9240000001,3.9950691777856644,46816.51304999998,87756.64470000054,2.7057601858305675,5.0813066297058045,50827.17755456863,87272.67044543158,3.9950160914762,2.941290330702941,5.048741852249459,7122.899999999907,116783.9000000013,5,5,4,20000
noise_0.5,Demand noise: 0.5 x baseline,fixed_schedule,full_minus_baseline_over_baseline,1654051.378,1695475.0060000003,-41423.628000000055,-2.443187180784678,-74829.9443500003,-9373.90664999995,-4.360220373839066,-0.5579368258723965,-88218.66537619152,5371.409376191397,-2.4216403533289155,-5.135140841853061,0.2918601351952299,-115326.1000000001,45734.95000000112,5,5,4,20000
noise_0.5,Demand noise: 0.5 x baseline,d2as2,full_minus_baseline_over_baseline,1654051.378,1608662.6179999998,45388.76000000002,2.8215213987150816,22137.014000000163,71464.1359999998,1.3702157207869923,4.468608902585507,16338.598481696506,74438.92151830353,2.825822505387995,1.0104643577456625,4.641180653030328,-17291.499999999534,126686.20000000065,5,5,4,20000
noise_0.5,Demand noise: 0.5 x baseline,ppo,full_minus_baseline_over_baseline,1654051.378,1559657.6300000004,94393.74800000002,6.052209548065985,54404.7044500002,152727.13799999954,3.436304498619437,10.119829045051672,18246.01353139848,170541.4824686016,6.173220242617861,0.794817255511254,11.551623229724466,12577.700000001118,236109.25000000093,5,5,4,20000
noise_0.5,Demand noise: 0.5 x baseline,no_exploration,full_minus_baseline_over_baseline,1654051.378,1628882.6340000003,25168.74399999992,1.5451539278918798,2433.2317500000454,45504.59800000023,0.14747524831816744,2.8195654345784784,-2148.39227047607,52485.880270475915,1.5630682762548131,-0.12874073278029607,3.2548772852899224,-56968.19999999972,100000.24999999977,5,5,4,20000
noise_0.5,Demand noise: 0.5 x baseline,no_substitution,full_minus_baseline_over_baseline,1654051.378,1587211.5760000004,66839.80200000005,4.211146327980137,47469.74620000004,85527.09999999985,2.9911559499260347,5.3876272869285575,43446.020179046944,90233.58382095316,4.2111195059496325,2.737398138430083,5.684840873469182,14948.450000000652,111453.25000000047,5,5,4,20000
noise_0.5,Demand noise: 0.5 x baseline,reset_all,full_minus_baseline_over_baseline,1654051.378,1648859.302,5192.076000000229,0.3148889655838032,-21131.42399999978,31832.145650000206,-1.2712815333520016,1.9393823304187314,-32247.858498651207,42632.01049865166,0.32716791361531583,-1.9454986910116963,2.5998345182423277,-87147.89999999967,73274.5000000007,5,5,4,20000
noise_0.5,Demand noise: 0.5 x baseline,no_reset,full_minus_baseline_over_baseline,1654051.378,1655259.678,-1208.300000000028,-0.0729976097442305,-22702.875049999933,18872.149149999754,-1.3542366319862915,1.1517214251778307,-26174.764515880655,23758.1645158806,-0.06257485447570302,-1.5740263784634456,1.4488766695120396,-77119.49999999907,63658.94999999972,5,5,4,20000
noise_0.5,Demand noise: 0.5 x baseline,informed,informed_minus_full_over_informed,1654051.378,1741239.24,87187.86199999992,5.007230482584344,68443.23599999945,106764.51804999975,3.9297296462004403,6.13292781841133,63550.21969033098,110825.50430966886,5.007151910792321,3.6504227031695384,6.363881118415104,42177.499999999534,139266.6999999995,5,5,4,20000
noise_1.5,Demand noise: 1.5 x baseline,fixed_schedule,full_minus_baseline_over_baseline,1666597.9840000002,1690370.5839999998,-23772.599999999973,-1.4063543358489745,-68500.02199999992,19522.034450000196,-4.022839920064505,1.1679533692943793,-57816.895988157965,10271.695988158026,-1.3984878416690494,-3.395300846413319,0.5983251630752204,-119425.14999999944,76673.75000000023,5,5,4,20000
noise_1.5,Demand noise: 1.5 x baseline,d2as2,full_minus_baseline_over_baseline,1666597.9840000002,1586683.9400000004,79914.04399999994,5.036544581147002,40496.40660000005,126240.67100000005,2.5372478094520905,8.028613747707833,44650.99269082278,115177.0953091771,5.045947333478209,2.7842387478165893,7.307655919139828,-2670.950000000652,195537.0499999998,5,5,4,20000
noise_1.5,Demand noise: 1.5 x baseline,ppo,full_minus_baseline_over_baseline,1666597.9840000002,1540068.6599999997,126529.3240000001,8.215823572437381,80133.91050000019,187735.47070000006,5.110728486810534,12.504607169537143,52171.63926375371,200887.0087362465,8.334355754563642,2.964248250087002,13.704463259040281,37114.4999999993,277251.0499999996,5,5,4,20000
noise_1.5,Demand noise: 1.5 x baseline,no_exploration,full_minus_baseline_over_baseline,1666597.9840000002,1612549.6539999999,54048.32999999998,3.3517312081479824,29306.61000000003,80164.23274999995,1.814477210625564,4.975047066105551,42012.65047247076,66084.0095275292,3.353525707555839,2.589087334103856,4.117964081007822,-21905.200000000652,122277.6500000006,5,5,4,20000
noise_1.5,Demand noise: 1.5 x baseline,no_substitution,full_minus_baseline_over_baseline,1666597.9840000002,1577883.118,88714.86600000001,5.622397818188721,58992.66325000004,119291.71225000013,3.7430938956456505,7.5467664849105285,65755.10739156586,111674.62460843415,5.622310584680548,4.168055666074983,7.076565503286114,29974.700000000186,151632.80000000075,5,5,4,20000
noise_1.5,Demand noise: 1.5 x baseline,reset_all,full_minus_baseline_over_baseline,1666597.9840000002,1644953.4020000005,21644.581999999926,1.3158173340158663,-3444.6860000005086,51652.99400000021,-0.2095553005668535,3.134374315442806,-6497.605195086548,49786.76919508641,1.3193117537501244,-0.4021210362616676,3.0407445437619165,-49919.5000000007,91524.95000000019,5,5,4,20000
noise_1.5,Demand noise: 1.5 x baseline,no_reset,full_minus_baseline_over_baseline,1666597.9840000002,1659448.8139999998,7149.169999999991,0.4308159395870581,-21805.06000000024,25189.996000000156,-1.2906136486351165,1.5455964475267008,-17218.416867438616,31516.7568674386,0.43965169491448375,-1.0405219593085169,1.9198253491374844,-119153.10000000149,47682.24999999977,5,5,4,20000
noise_1.5,Demand noise: 1.5 x baseline,informed,informed_minus_full_over_informed,1666597.9840000002,1733462.876,66864.89199999995,3.8573016431878733,35717.405999999886,96985.32889999992,2.0570904894449917,5.602043907017799,43528.60189533321,90201.18210466669,3.857220343188753,2.511794401800511,5.2026462845769945,4911.799999999814,126614.8499999994,5,5,4,20000
noise_2,Demand noise: 2 x baseline,fixed_schedule,full_minus_baseline_over_baseline,1665418.9439999997,1683099.7179999999,-17680.773999999874,-1.0504887981925388,-48743.99819999987,8431.414000000264,-2.8773265434194744,0.5054116923749339,-42110.80933129227,6749.261331292524,-1.0492959156653723,-2.4978580340580576,0.39926620272731284,-112772.35000000079,41856.2500000007,5,5,4,20000
noise_2,Demand noise: 2 x baseline,d2as2,full_minus_baseline_over_baseline,1665418.9439999997,1571360.0420000001,94058.90200000003,5.98582753067101,59870.8479999997,131000.4631,3.787848888779963,8.433772270738062,53122.1279562424,134995.6760437577,6.000252123701028,3.3316425019145743,8.668861745487481,17552.249999999534,192878.29999999888,5,5,4,20000
noise_2,Demand noise: 2 x baseline,ppo,full_minus_baseline_over_baseline,1665418.9439999997,1526275.71,139143.23400000003,9.116520238666427,89393.21605000006,202237.8376999999,5.72059625408429,13.658023157994773,51883.58753911586,226402.8804608842,9.270527067449432,2.909234491324802,15.631819643574062,40402.85000000009,291234.84999999986,5,5,4,20000
noise_2,Demand noise: 2 x baseline,no_exploration,full_minus_baseline_over_baseline,1665418.9439999997,1611201.51,54217.433999999994,3.365031230637294,28774.253700000158,83357.70399999987,1.7797785814839178,5.2013899740696266,31413.163071361447,77021.70492863854,3.3700347103102737,1.9280803155023258,4.811989105118221,-22074.94999999972,140123.29999999958,5,5,4,20000
noise_2,Demand noise: 2 x baseline,no_substitution,full_minus_baseline_over_baseline,1665418.9439999997,1568003.2859999998,97415.65800000001,6.212720271046666,72949.90139999993,120567.18139999971,4.657828947686512,7.67658631469337,73264.31377596667,121567.00222403338,6.212404473334401,4.674756781556219,7.750052165112583,32884.5,156670.14999999944,5,5,4,20000
noise_2,Demand noise: 2 x baseline,reset_all,full_minus_baseline_over_baseline,1665418.9439999997,1635469.836,29949.108000000055,1.8312235016971463,6143.346350000167,52631.391100000146,0.37731715328181253,3.2259660685932476,190.72968412558475,59707.48631587453,1.8341507475645322,0.00844828076501325,3.659853214364051,-39696.04999999958,81806.45000000019,5,5,4,20000
noise_2,Demand noise: 2 x baseline,no_reset,full_minus_baseline_over_baseline,1665418.9439999997,1654038.6819999998,11380.26200000003,0.688028770055081,-7785.883999999845,29094.47200000017,-0.4628637486946883,1.7935188216377609,-9219.83387363198,31980.35787363204,0.696271268890144,-0.570931926921898,1.963474464702186,-53316.0,69095.79999999958,5,5,4,20000
noise_2,Demand noise: 2 x baseline,informed,informed_minus_full_over_informed,1665418.9439999997,1725698.7239999997,60279.779999999984,3.4930651081596347,37462.593999999786,84460.55600000016,2.16956365383136,4.898890570835534,35396.13291883621,85163.42708116377,3.493014397338091,2.0513678459843003,4.9346609486918815,4698.7500000006985,125577.80000000098,5,5,4,20000
drift_0,Mean-drift amplitude: 0 x baseline,fixed_schedule,full_minus_baseline_over_baseline,1671777.3640000003,1698552.1819999998,-26774.818000000007,-1.5763317891401412,-57919.493050000274,2723.234349999997,-3.4081316994450868,0.16031349320936827,-66405.82522997612,12856.18922997611,-1.5793236152881076,-3.9165183788234925,0.7578711482472773,-144072.35000000056,75051.30000000005,5,5,4,20000
drift_0,Mean-drift amplitude: 0 x baseline,d2as2,full_minus_baseline_over_baseline,1671777.3640000003,1599258.0080000001,72519.35600000009,4.534562630747205,42001.85015000011,103855.84015000022,2.624722108231112,6.515164217449396,27898.364785932143,117140.347214068,4.534977753403043,1.7405648583666524,7.329390648439433,-24861.5,154099.8000000005,5,5,4,20000
drift_0,Mean-drift amplitude: 0 x baseline,ppo,full_minus_baseline_over_baseline,1671777.3640000003,1557552.6279999998,114224.73600000025,7.333603625751804,94924.70535000025,136944.8080000002,6.055293192291307,8.94032602434831,85705.0323946701,142744.43960533044,7.359192260277103,5.315204254470628,9.403180266083577,44632.05000000005,178875.10000000033,5,5,4,20000
drift_0,Mean-drift amplitude: 0 x baseline,no_exploration,full_minus_baseline_over_baseline,1671777.3640000003,1612259.736,59517.628000000135,3.691565736651272,22971.777999999875,97791.52800000018,1.4144904686142399,6.091389664701477,4103.636220334745,114931.61977966555,3.7085679153093336,0.22770803346185442,7.189427797156813,-36295.000000000466,150490.55000000005,5,5,4,20000
drift_0,Mean-drift amplitude: 0 x baseline,no_substitution,full_minus_baseline_over_baseline,1671777.3640000003,1585207.61,86569.75400000006,5.461098814684607,55405.60999999997,116091.62649999985,3.497885821033849,7.3216040930665365,41594.066058355,131545.4419416451,5.461298754462249,2.6232016102764675,8.299395898648031,-6839.950000000652,150941.5500000005,5,5,4,20000
drift_0,Mean-drift amplitude: 0 x baseline,reset_all,full_minus_baseline_over_baseline,1671777.3640000003,1651402.618,20374.746000000156,1.2337842860317105,-10385.825300000004,50509.99800000033,-0.6293386382145111,3.066861933959612,-23195.783182452116,63945.27518245243,1.2350340421818884,-1.4073485523522273,3.877416636716004,-68254.30000000028,87605.95000000019,5,5,4,20000
drift_0,Mean-drift amplitude: 0 x baseline,no_reset,full_minus_baseline_over_baseline,1671777.3640000003,1674026.95,-2249.5859999999775,-0.1343817075346165,-15802.340350000073,8009.192000000067,-0.9402262746330522,0.48185885560715536,-16878.337424329224,12379.165424329267,-0.1269646256758546,-0.9936721463340461,0.7397428949823368,-39109.34999999963,24950.5000000007,5,5,4,20000
drift_0,Mean-drift amplitude: 0 x baseline,informed,informed_minus_full_over_informed,1671777.3640000003,1740232.352,68454.98800000008,3.9336694276098405,38856.70199999998,99379.5619999994,2.23324836524287,5.711157184126783,23416.608416313014,113493.36758368716,3.9334542716261196,1.3457838433968519,6.521124699855387,4523.699999998789,160765.6000000001,5,5,4,20000
drift_0.5,Mean-drift amplitude: 0.5 x baseline,fixed_schedule,full_minus_baseline_over_baseline,1677232.254,1705189.6160000002,-27957.361999999983,-1.6395456398322446,-51200.92600000002,-6235.920000000084,-2.998939386829542,-0.368718689958113,-50450.319806964835,-5464.4041930351195,-1.646032058156776,-2.9853910444078506,-0.3066730719057016,-114506.50000000047,50203.15000000014,5,5,4,20000
drift_0.5,Mean-drift amplitude: 0.5 x baseline,d2as2,full_minus_baseline_over_baseline,1677232.254,1600660.5600000003,76571.69399999989,4.783755901376095,50630.01600000009,101619.79999999986,3.1686907958508947,6.3494569045783,40164.02103737651,112979.36696262326,4.782603976807218,2.507724007779573,7.057483945834863,3023.0999999996275,146019.60000000033,5,5,4,20000
drift_0.5,Mean-drift amplitude: 0.5 x baseline,ppo,full_minus_baseline_over_baseline,1677232.254,1557989.4760000003,119242.778,7.653631801553947,98603.70719999999,140513.04599999997,6.266790240071812,9.21676368818828,93805.72053961478,144679.83546038525,7.685081623087939,5.751658919687252,9.618504326488626,24598.59999999986,183932.69999999972,5,5,4,20000
drift_0.5,Mean-drift amplitude: 0.5 x baseline,no_exploration,full_minus_baseline_over_baseline,1677232.254,1623571.168,53661.08600000006,3.305126812894961,26638.526700000093,81906.63424999984,1.6279361202788052,5.059762743458444,21543.861802735046,85778.31019726509,3.3006668653367846,1.3322060737745638,5.2691276568990055,-30484.5,154503.80000000005,5,5,4,20000
drift_0.5,Mean-drift amplitude: 0.5 x baseline,no_substitution,full_minus_baseline_over_baseline,1677232.254,1585375.676,91856.578,5.793994407165357,63119.594000000165,118593.0383999998,3.9838633457641284,7.479815682437683,51975.03331676967,131738.12268323032,5.793962566067485,3.278536544030491,8.30938858810448,22327.850000000093,150603.20000000042,5,5,4,20000
drift_0.5,Mean-drift amplitude: 0.5 x baseline,reset_all,full_minus_baseline_over_baseline,1677232.254,1646975.8739999998,30256.380000000074,1.8370870197701588,-1375.9619999996853,56184.27000000001,-0.08298379635231815,3.41900256138403,-5201.252022772063,65714.01202277222,1.8345693476174607,-0.3128271248959478,3.981965820130869,-63919.35000000009,84138.70000000019,5,5,4,20000
drift_0.5,Mean-drift amplitude: 0.5 x baseline,no_reset,full_minus_baseline_over_baseline,1677232.254,1666288.6040000003,10943.64999999999,0.656767979672246,-177.40400000015273,23376.350799999876,-0.010706246864650926,1.4192549083158028,983.4239285933854,20903.876071406594,0.6578294672440086,0.05743402458283875,1.2582249099051785,-34105.049999999814,55528.10000000009,5,5,4,20000
drift_0.5,Mean-drift amplitude: 0.5 x baseline,informed,informed_minus_full_over_informed,1677232.254,1739605.29,62373.03600000002,3.585470586836401,36058.19839999982,90697.01100000045,2.0713970072772963,5.213684924484538,22644.578633618774,102101.49336638127,3.585598544039051,1.3011420223048984,5.8700550657732045,5516.050000000978,129318.6500000006,5,5,4,20000
drift_1.5,Mean-drift amplitude: 1.5 x baseline,fixed_schedule,full_minus_baseline_over_baseline,1673930.97,1701743.5460000003,-27812.575999999997,-1.6343576601406629,-59855.592000000084,3254.2420000000393,-3.4992624850277623,0.19123552019755963,-75164.5890183474,19539.437018347395,-1.6228318289730008,-4.391752657513779,1.146088999567777,-113249.5999999994,49730.35000000009,5,5,4,20000
drift_1.5,Mean-drift amplitude: 1.5 x baseline,d2as2,full_minus_baseline_over_baseline,1673930.97,1593335.086,80595.88399999999,5.0583135153530465,49973.45075000001,112100.62999999998,3.1302082769310626,7.061852532302209,42153.63305776688,119038.1349422331,5.062814566166071,2.6311219932685983,7.494507139063543,-14078.499999999534,150448.24999999953,5,5,4,20000
drift_1.5,Mean-drift amplitude: 1.5 x baseline,ppo,full_minus_baseline_over_baseline,1673930.97,1552394.1620000002,121536.808,7.828991565094517,76635.88189999988,183804.33974999996,4.858734876771642,12.276994182666854,40028.41135035371,203045.2046496463,7.962675641134217,2.085349745618312,13.84000153665012,13676.850000000093,293971.2999999998,5,5,4,20000
drift_1.5,Mean-drift amplitude: 1.5 x baseline,no_exploration,full_minus_baseline_over_baseline,1673930.97,1628396.6220000002,45534.34799999986,2.7962688809851732,17350.73599999993,76838.55474999962,1.05969602910543,4.731181761600834,17016.10084598077,74052.59515401896,2.8042827183184555,1.037287329824074,4.571278106812837,-59125.80000000051,144184.34999999986,5,5,4,20000
drift_1.5,Mean-drift amplitude: 1.5 x baseline,no_substitution,full_minus_baseline_over_baseline,1673930.97,1585900.05,88030.92000000007,5.550849184978582,58473.29009999993,116570.03515000005,3.6887444665470497,7.345930334952092,53207.0226265599,122854.81737344025,5.550901145849624,3.3549406492805596,7.746861642418688,9482.150000000605,148549.84999999986,5,5,4,20000
drift_1.5,Mean-drift amplitude: 1.5 x baseline,reset_all,full_minus_baseline_over_baseline,1673930.97,1648324.1620000002,25606.80800000011,1.5535055901218855,379.7637999999604,49233.36539999988,0.023119894870437276,2.989959613189223,-1758.0528056530457,52971.668805653266,1.5508390438037076,-0.11108981908473492,3.21276790669215,-50518.099999999395,86198.69999999949,5,5,4,20000
drift_1.5,Mean-drift amplitude: 1.5 x baseline,no_reset,full_minus_baseline_over_baseline,1673930.97,1668371.9119999998,5559.057999999905,0.3332025647288765,-5099.978500000396,15583.09599999981,-0.30061507170111734,0.9426348440906173,-2677.6560455777353,13795.772045577545,0.3371514926663388,-0.15959113020892168,0.8338941155415993,-32825.79999999865,52209.64999999991,5,5,4,20000
drift_1.5,Mean-drift amplitude: 1.5 x baseline,informed,informed_minus_full_over_informed,1673930.97,1740465.6420000002,66534.6720000002,3.822808700983265,37702.50200000003,96208.10260000023,2.164855595799954,5.523122027102881,31684.615258956605,101384.72874104379,3.82274599399488,1.8205885761801683,5.824903411809592,4590.700000000186,145742.8500000001,5,5,4,20000
drift_2,Mean-drift amplitude: 2 x baseline,fixed_schedule,full_minus_baseline_over_baseline,1695742.2140000002,1719999.666,-24257.45200000003,-1.4103172506081065,-53450.5024000001,2028.1279999997093,-3.1093349893534,0.11953753511771481,-51092.459506473235,2577.555506473167,-1.410937057800363,-2.9733061038645836,0.15143198826385773,-108763.09999999986,37896.499999999534,5,5,4,20000
drift_2,Mean-drift amplitude: 2 x baseline,d2as2,full_minus_baseline_over_baseline,1695742.2140000002,1589029.5019999999,106712.71199999991,6.715590356610025,77633.61654999998,133950.88799999983,4.883436472084212,8.456460067194262,79083.28151609188,134342.14248390796,6.7154981842623584,4.973833983027738,8.457162385496979,15060.34999999986,176290.49999999907,5,5,4,20000
drift_2,Mean-drift amplitude: 2 x baseline,ppo,full_minus_baseline_over_baseline,1695742.2140000002,1547178.7719999999,148563.44199999998,9.602215638465358,101492.6921999994,212564.02600000016,6.461533991817558,14.176408638300147,63382.12837803482,233744.75562196516,9.736490029811822,3.5485516809619027,15.92442837866174,38652.24999999907,285292.5499999996,5,5,4,20000
drift_2,Mean-drift amplitude: 2 x baseline,no_exploration,full_minus_baseline_over_baseline,1695742.2140000002,1616734.5480000002,79007.66600000007,4.886866931725885,54728.6923000001,104091.58494999981,3.3688602041362414,6.464950951160673,56391.631458632924,101623.70054136722,4.891657725260972,3.470273684945381,6.313041765576562,11259.199999999488,149159.1999999988,5,5,4,20000
drift_2,Mean-drift amplitude: 2 x baseline,no_substitution,full_minus_baseline_over_baseline,1695742.2140000002,1585646.3480000002,110095.86599999986,6.943280015677235,83086.57829999969,134344.9703999997,5.2407834549279215,8.469367541299759,80181.35233654482,140010.3796634549,6.9431830379720365,5.057298996181283,8.82906707976279,33439.44999999972,152881.74999999953,5,5,4,20000
drift_2,Mean-drift amplitude: 2 x baseline,reset_all,full_minus_baseline_over_baseline,1695742.2140000002,1640007.4479999999,55734.76599999986,3.398445907545677,37874.69000000007,71328.91880000009,2.3231169458885725,4.332987187692661,36769.655389804226,74699.87661019547,3.39550314601981,2.2520381842050377,4.538968107834583,-3709.550000000745,101014.69999999879,5,5,4,20000
drift_2,Mean-drift amplitude: 2 x baseline,no_reset,full_minus_baseline_over_baseline,1695742.2140000002,1668632.3580000005,27109.85599999981,1.6246751940309474,16282.489549999846,39776.58369999975,0.9632177203440173,2.412414222704196,13246.985593984016,40972.7264060156,1.6295525145876308,0.7834974714025316,2.4756075577727303,-17484.450000001118,82876.75,5,5,4,20000
drift_2,Mean-drift amplitude: 2 x baseline,informed,informed_minus_full_over_informed,1695742.2140000002,1740048.97,44306.75600000002,2.546293625288018,20779.28199999991,71474.20214999969,1.1939401264234901,4.112114213839902,13926.341967318993,74687.17003268105,2.546129120743699,0.8003892040608247,4.291869037426574,5248.499999999534,120665.39999999967,5,5,4,20000
holding_0.5,Holding cost: 0.5 x baseline,fixed_schedule,full_minus_baseline_over_baseline,1694021.754,1702701.3930000002,-8679.638999999957,-0.5097569682906931,-48948.463999999876,23756.599999999926,-2.8439046604844993,1.4064000567996453,-62156.966741025026,44797.68874102512,-0.4860990962646573,-3.598926905662977,2.6267287131336623,-111159.57500000042,58098.749999999534,5,5,4,20000
holding_0.5,Holding cost: 0.5 x baseline,d2as2,full_minus_baseline_over_baseline,1694021.754,1618162.285,75859.46900000004,4.688001302662919,50809.445074999814,99724.58550000012,3.1448190018000113,6.167390860281832,45319.78780679028,106399.1501932098,4.686390404217931,2.804787668040058,6.567993140395805,14537.599999999627,142902.77500000014,5,5,4,20000
holding_0.5,Holding cost: 0.5 x baseline,ppo,full_minus_baseline_over_baseline,1694021.754,1552080.6710000003,141941.08300000004,9.145212981007454,95607.15699999999,203018.16500000018,6.046076623580829,13.604444653227086,58353.94022943512,225528.22577056498,9.304390211855306,3.1473844731496463,15.461395950560966,69443.42500000028,289431.2999999996,5,5,4,20000
holding_0.5,Holding cost: 0.5 x baseline,no_exploration,full_minus_baseline_over_baseline,1694021.754,1630038.4620000003,63983.292000000045,3.9252627156720217,27647.989449999932,96007.8430000003,1.6816029955553877,5.9338409264346375,15849.536489304031,112117.04751069608,3.946355057836533,0.9717452000783267,6.920964915594739,-25516.675000000512,129345.22500000102,5,5,4,20000
holding_0.5,Holding cost: 0.5 x baseline,no_substitution,full_minus_baseline_over_baseline,1694021.754,1590109.6860000002,103912.06799999991,6.53489937926205,78707.8018249998,126682.28299999997,4.953604655776528,7.964237532154351,69519.65372896267,138304.48227103712,6.534957380520839,4.37180002443109,8.698114736610588,38269.95000000042,154346.17499999935,5,5,4,20000
holding_0.5,Holding cost: 0.5 x baseline,reset_all,full_minus_baseline_over_baseline,1694021.754,1656058.139,37963.61500000009,2.2924083464197746,20268.502100000256,55949.164000000244,1.2274359271898343,3.3714341294611985,14802.736075848443,61124.49392415174,2.2879718489125147,0.9018152531214325,3.674128444703597,-24157.6249999993,93906.87500000047,5,5,4,20000
holding_0.5,Holding cost: 0.5 x baseline,no_reset,full_minus_baseline_over_baseline,1694021.754,1677457.8549999997,16563.899000000143,0.9874405458609994,-1800.7821749995974,36130.303225000185,-0.10567295724859857,2.1859143219861283,-2550.2656439321436,35678.06364393243,0.996072181906718,-0.15240091409417778,2.1445452779076137,-34761.64999999991,76608.54999999981,5,5,4,20000
holding_0.5,Holding cost: 0.5 x baseline,informed,informed_minus_full_over_informed,1694021.754,1748007.451,53985.69699999993,3.0884134372033594,31008.252999999906,79439.60300000018,1.7740478715614403,4.54991612968132,19247.21373119663,88724.18026880323,3.088159107174195,1.1017587051793696,5.0745595091690205,4063.0500000002794,119268.02499999944,5,5,4,20000
holding_1.5,Holding cost: 1.5 x baseline,fixed_schedule,full_minus_baseline_over_baseline,1659183.49,1690085.8129999998,-30902.32299999999,-1.828446979573567,-62617.09807500007,-485.97740000003165,-3.672627118581184,-0.02883962392789437,-75360.38905642953,13555.743056429554,-1.811274658446615,-4.413956957427514,0.7914076405342834,-103986.02500000084,51257.150000000605,5,5,4,20000
holding_1.5,Holding cost: 1.5 x baseline,d2as2,full_minus_baseline_over_baseline,1659183.49,1595754.8280000002,63428.66200000003,3.974837543151696,39173.53782500028,92020.57245000008,2.4443847319465664,5.795422880685485,34194.18056572245,92663.14343427762,3.9780256297000336,2.131661302700601,5.824389956699466,11960.149999999674,152640.89999999944,5,5,4,20000
holding_1.5,Holding cost: 1.5 x baseline,ppo,full_minus_baseline_over_baseline,1659183.49,1548128.1819999998,111055.30800000005,7.173521501076854,76664.83372499986,154315.74899999998,4.876161418431346,10.202688068462622,52801.1355344049,169309.48046559517,7.239854318362722,3.160940931246878,11.318767705478567,50270.25000000023,209762.0250000006,5,5,4,20000
holding_1.5,Holding cost: 1.5 x baseline,no_exploration,full_minus_baseline_over_baseline,1659183.49,1616928.983,42254.50700000005,2.613256824774226,16156.016999999882,67559.97200000043,0.9914331252546479,4.20700100110151,14984.243002199113,69524.770997801,2.6208660788092066,0.9046179658234441,4.337114191794969,-22459.82500000042,119392.90000000154,5,5,4,20000
holding_1.5,Holding cost: 1.5 x baseline,no_substitution,full_minus_baseline_over_baseline,1659183.49,1577788.0639999998,81395.42600000015,5.158831395494714,60943.77097500004,102669.13705000024,3.8623193022246944,6.508534370586909,55722.166862658974,107068.68513734135,5.1587088070706475,3.532178933339935,6.78523868080136,36287.39999999991,144087.6000000008,5,5,4,20000
holding_1.5,Holding cost: 1.5 x baseline,reset_all,full_minus_baseline_over_baseline,1659183.49,1636660.5820000002,22522.90800000015,1.3761502077893766,4898.891150000186,45685.53499999994,0.3001272571476324,2.7962991908402133,-25.608287891485816,45071.42428789179,1.3761064745018596,-0.000626106795647452,2.7528390557993667,-21744.324999999022,99334.52500000037,5,5,4,20000
holding_1.5,Holding cost: 1.5 x baseline,no_reset,full_minus_baseline_over_baseline,1659183.49,1632815.0350000004,26368.45499999998,1.6149076554773152,8372.1569249999,42720.355000000054,0.5087256436606261,2.64720705275239,3810.908898821923,48926.00110117804,1.6295680875449512,0.21516738592935147,3.0439687891605507,-39631.225000000326,68802.19999999879,5,5,4,20000
holding_1.5,Holding cost: 1.5 x baseline,informed,informed_minus_full_over_informed,1659183.49,1729951.543,70768.05299999993,4.090753483029789,48827.24000000016,91586.42042499963,2.822781525365838,5.295627034744981,44514.30813940073,97021.79786059912,4.090591780627936,2.574185564936209,5.606997996319664,5798.149999999674,116878.00000000023,5,5,4,20000
holding_2,Holding cost: 2 x baseline,fixed_schedule,full_minus_baseline_over_baseline,1644552.9339999997,1687380.404,-42827.47000000001,-2.538104027904809,-68712.28600000014,-12964.707999999951,-4.0464647212724945,-0.7764884575081329,-69463.86393027542,-16191.076069724611,-2.5336297581931846,-4.097138092991047,-0.9701214233953219,-101664.69999999995,50092.34999999986,5,5,4,20000
holding_2,Holding cost: 2 x baseline,d2as2,full_minus_baseline_over_baseline,1644552.9339999997,1586126.2839999998,58426.64999999995,3.6836064435333395,34906.51645000003,79074.54704999959,2.1926363379700065,5.005307778057831,35569.320568135445,81283.97943186446,3.6851933584693812,2.2337495090867137,5.136637207852049,-28826.550000000745,150768.65000000014,5,5,4,20000
holding_2,Holding cost: 2 x baseline,ppo,full_minus_baseline_over_baseline,1644552.9339999997,1535195.5019999999,109357.43199999999,7.123355420044724,71969.57439999994,167100.1804999996,4.609078017055655,11.272472524427897,33281.53580117106,185433.3281988289,7.258272039172536,1.6876635493489198,12.828880528996152,20346.050000000047,250988.8999999985,5,5,4,20000
holding_2,Holding cost: 2 x baseline,no_exploration,full_minus_baseline_over_baseline,1644552.9339999997,1608112.586,36440.347999999896,2.266032137130464,17876.99999999973,54172.70705000012,1.1080121609333484,3.393925183505053,25643.35143844993,47237.344561549864,2.2673245090077225,1.5888232228481036,2.9458257951673414,-22883.350000001024,118176.45000000042,5,5,4,20000
holding_2,Holding cost: 2 x baseline,no_substitution,full_minus_baseline_over_baseline,1644552.9339999997,1571722.5659999996,72830.36800000002,4.633792857307619,52761.91800000019,89408.94675000024,3.359516760185318,5.687865049523256,51119.31215468613,94541.4238453139,4.63372660869342,3.2527191834084768,6.014734033978364,2104.850000000093,138008.40000000014,5,5,4,20000
holding_2,Holding cost: 2 x baseline,reset_all,full_minus_baseline_over_baseline,1644552.9339999997,1620280.45,24272.483999999975,1.498042144494165,4435.142499999857,42400.90115000021,0.27377511021006695,2.621535014314047,8791.937102102851,39753.0308978971,1.4969425619359311,0.5438535964486086,2.4500315274232536,-40457.85000000009,96822.39999999967,5,5,4,20000
holding_2,Holding cost: 2 x baseline,no_reset,full_minus_baseline_over_baseline,1644552.9339999997,1626685.7459999996,17867.187999999987,1.0983798219130696,6786.104000000022,28036.809999999863,0.4111261524641424,1.7331283095024512,4717.818920490627,31016.557079509348,1.1042855832956557,0.2852140706802925,1.9233570959110189,-11095.149999999441,43172.400000000605,5,5,4,20000
holding_2,Holding cost: 2 x baseline,informed,informed_minus_full_over_informed,1644552.9339999997,1720747.1199999996,76194.18600000002,4.427971147788409,59263.05395000005,96213.8240000001,3.443006101148329,5.5943914061847755,54227.69262390128,98160.67937609875,4.42792821726667,3.151862796835851,5.703993637697489,8587.19999999972,147610.7000000002,5,5,4,20000
shortage_0.5,Lost-sales penalty: 0.5 x baseline,fixed_schedule,full_minus_baseline_over_baseline,1691920.6880000003,1688163.2160000002,3757.4720000000484,0.2225775306787674,-17269.94400000002,22502.16095000019,-1.0149619588335264,1.3512510946868885,-21225.460539314827,28740.404539314924,0.23633340021008484,-1.263648967058437,1.7363157674786065,-44825.90000000037,43987.80000000028,5,5,4,20000
shortage_0.5,Lost-sales penalty: 0.5 x baseline,d2as2,full_minus_baseline_over_baseline,1691920.6880000003,1629163.3560000001,62757.332000000206,3.852120278109187,35883.38379999996,91842.78200000021,2.198787492831794,5.650584820921278,28002.073276908937,97512.59072309149,3.8540787265840963,1.7149288014835622,5.99322865168463,6541.549999999581,146110.19999999995,5,5,4,20000
shortage_0.5,Lost-sales penalty: 0.5 x baseline,ppo,full_minus_baseline_over_baseline,1691920.6880000003,1546919.736,145000.95200000014,9.37352783247445,91684.70779999989,198607.3481500003,5.790386605804302,13.177162270739787,62860.106437941635,227141.79756205864,9.500604644066602,3.7570485691307978,15.244160719002405,57611.50000000023,243655.5499999998,5,5,4,20000
shortage_0.5,Lost-sales penalty: 0.5 x baseline,no_exploration,full_minus_baseline_over_baseline,1691920.6880000003,1616744.7319999996,75175.95600000027,4.649834603574309,58554.888250000666,94342.70785000018,3.634747615463425,5.821083654785478,57108.30585041811,93243.60614958243,4.644708910749168,3.568887615308186,5.72053020619015,35485.649999999674,121130.00000000023,5,5,4,20000
shortage_0.5,Lost-sales penalty: 0.5 x baseline,no_substitution,full_minus_baseline_over_baseline,1691920.6880000003,1585219.3000000003,106701.38800000005,6.731017468687142,82487.67799999988,131891.8759499997,5.205701367981613,8.314778406694467,73306.72197318554,140096.05402681453,6.7311470856403535,4.623786024129627,8.83850814715108,53621.29999999888,162485.2999999998,5,5,4,20000
shortage_0.5,Lost-sales penalty: 0.5 x baseline,reset_all,full_minus_baseline_over_baseline,1691920.6880000003,1657651.3859999997,34269.30200000016,2.0673407140625777,15297.450250000093,53551.58800000035,0.9218169858227959,3.2268311544923614,5436.054137982323,63102.549862018,2.06679799004199,0.32911905542358055,3.804476924660399,-17009.849999999627,80069.99999999907,5,5,4,20000
shortage_0.5,Lost-sales penalty: 0.5 x baseline,no_reset,full_minus_baseline_over_baseline,1691920.6880000003,1678519.4279999998,13401.260000000111,0.7983976697826148,-5942.615999999707,38078.841500000206,-0.35175265760498065,2.3052971888166747,-14968.272909281797,41770.79290928202,0.8110559386062096,-0.9104049595981109,2.53251683681053,-38870.10000000009,85856.10000000033,5,5,4,20000
shortage_0.5,Lost-sales penalty: 0.5 x baseline,informed,informed_minus_full_over_informed,1691920.6880000003,1751025.9019999998,59105.21399999991,3.375462003873856,34010.26129999993,83145.53999999986,1.9402915091324076,4.748553662945842,25585.420167113494,92625.00783288632,3.375282967817301,1.4615527241699162,5.2890132114646855,4137.399999999907,110916.55000000028,5,5,4,20000
shortage_1.5,Lost-sales penalty: 1.5 x baseline,fixed_schedule,full_minus_baseline_over_baseline,1638128.468,1702720.904,-64592.43600000008,-3.7934834680340535,-98505.74815000006,-25703.232300000494,-5.763592275342251,-1.523886275355962,-103796.05293002023,-25388.81906997993,-3.7889575468076138,-6.074904469395534,-1.5030106242196934,-135922.50000000047,58102.79999999935,5,5,4,20000
shortage_1.5,Lost-sales penalty: 1.5 x baseline,d2as2,full_minus_baseline_over_baseline,1638128.468,1585304.916,52823.5520000001,3.332075203127683,19566.26325000015,88998.92400000038,1.2301245792758508,5.637082508759583,10973.678282788052,94673.42571721214,3.338018591065692,0.6896996432733085,5.986337538858075,-17113.34999999916,157324.95000000088,5,5,4,20000
shortage_1.5,Lost-sales penalty: 1.5 x baseline,ppo,full_minus_baseline_over_baseline,1638128.468,1543635.054,94493.41400000002,6.121486665850236,50450.51444999991,145308.76399999994,3.2223873341492864,9.614103042502533,25481.23281660564,163505.59518339438,6.1997178538316575,1.4222282876202135,10.9772074200431,6281.300000000279,228030.6000000001,5,5,4,20000
shortage_1.5,Lost-sales penalty: 1.5 x baseline,no_exploration,full_minus_baseline_over_baseline,1638128.468,1622358.7300000002,15769.737999999952,0.9720253423852746,-11678.029699999832,47491.2260000001,-0.7162319226000845,2.9305486213045175,-21821.78203282854,53361.25803282844,0.9890647374218993,-1.3448738832725853,3.3230033581163836,-53317.59999999986,89051.8500000001,5,5,4,20000
shortage_1.5,Lost-sales penalty: 1.5 x baseline,no_substitution,full_minus_baseline_over_baseline,1638128.468,1582508.886,55619.582000000126,3.514645793906788,27891.898650000207,85849.64800000009,1.7651126377025645,5.418016338370461,20544.316837831444,90694.84716216881,3.514586547057152,1.298441727329696,5.7307313667846085,258.0500000005122,133465.80000000028,5,5,4,20000
shortage_1.5,Lost-sales penalty: 1.5 x baseline,reset_all,full_minus_baseline_over_baseline,1638128.468,1622362.17,15766.298000000092,0.9718112448344494,-11923.149949999766,44999.68499999992,-0.7342901454078924,2.7755328016313503,-23559.44617232203,55092.04217232221,0.9753359225937757,-1.4501429804451138,3.400814825632665,-63242.85000000079,90743.65000000014,5,5,4,20000
shortage_1.5,Lost-sales penalty: 1.5 x baseline,no_reset,full_minus_baseline_over_baseline,1638128.468,1640878.5780000002,-2750.1099999998883,-0.16759984784200785,-22218.84484999988,14180.102350000167,-1.355581150328068,0.8677113003134693,-27865.49838914087,22365.278389141095,-0.16562706439691668,-1.7009729609039876,1.3697188321101543,-61071.69999999995,60779.04999999935,5,5,4,20000
shortage_1.5,Lost-sales penalty: 1.5 x baseline,informed,informed_minus_full_over_informed,1638128.468,1726786.2939999998,88657.82599999987,5.134267413869087,58054.8848500001,116610.29989999959,3.359058300143549,6.755130079057112,53306.02468685962,124009.62731314008,5.134145948781383,3.087696031441073,7.180595866121694,8395.399999999674,145075.50000000023,5,5,4,20000
shortage_2,Lost-sales penalty: 2 x baseline,fixed_schedule,full_minus_baseline_over_baseline,1630674.9159999997,1686711.4140000003,-56036.498000000065,-3.3222338768142463,-78303.74399999988,-32097.15600000008,-4.62545761484193,-1.9028904164769251,-77163.4426084386,-34909.553391561516,-3.3192820692907645,-4.553764171838273,-2.0847999667432564,-118311.3500000001,35767.34999999963,5,5,4,20000
shortage_2,Lost-sales penalty: 2 x baseline,d2as2,full_minus_baseline_over_baseline,1630674.9159999997,1564404.2539999997,66270.66200000007,4.236159664648932,45350.04,89281.35884999987,2.8916872458865437,5.720055183105908,48302.92732910997,84238.39667089014,4.236253724748396,3.085476337050185,5.387031112446607,15647.650000000373,169288.50000000047,5,5,4,20000
shortage_2,Lost-sales penalty: 2 x baseline,ppo,full_minus_baseline_over_baseline,1630674.9159999997,1534477.8159999999,96197.1,6.269044687186267,50746.04249999997,159437.95799999998,3.233574280635605,10.869053740004741,11929.886700009127,180464.3132999909,6.458104397894354,0.228383095677688,12.68782570011102,6304.049999999115,255956.64999999967,5,5,4,20000
shortage_2,Lost-sales penalty: 2 x baseline,no_exploration,full_minus_baseline_over_baseline,1630674.9159999997,1602685.938,27988.978000000006,1.7463794581568015,5810.218000000147,51855.423999999926,0.35960877137829766,3.245933115592541,-488.89346052243127,56466.84946052244,1.7547157174639452,-0.026057796467550798,3.535489231395441,-25116.050000000047,116104.20000000019,5,5,4,20000
shortage_2,Lost-sales penalty: 2 x baseline,no_substitution,full_minus_baseline_over_baseline,1630674.9159999997,1581103.0639999998,49571.85200000004,3.1352701243010155,29853.922000000115,68962.42760000001,1.8906067552512125,4.35851839487563,30782.3833300013,68361.32066999876,3.135231845478123,1.9471197847625463,4.3233439061937,-2105.850000000093,125687.75000000047,5,5,4,20000
shortage_2,Lost-sales penalty: 2 x baseline,reset_all,full_minus_baseline_over_baseline,1630674.9159999997,1607867.5839999998,22807.331999999984,1.4184832275342358,10076.489499999769,37082.63800000001,0.6291068505644033,2.302189654542178,7312.6613257263925,38302.00267427358,1.4179024956478428,0.4559408190138663,2.3798641722818195,-19329.39999999944,84208.45000000042,5,5,4,20000
shortage_2,Lost-sales penalty: 2 x baseline,no_reset,full_minus_baseline_over_baseline,1630674.9159999997,1619438.616,11236.299999999945,0.6938392038441927,459.5639999997709,26544.80600000011,0.027870587554792693,1.6541253665362126,3184.493640899933,19288.106359099955,0.6934364955289234,0.19702006972647862,1.1898529213313682,-25644.65000000014,68111.19999999972,5,5,4,20000
shortage_2,Lost-sales penalty: 2 x baseline,informed,informed_minus_full_over_informed,1630674.9159999997,1714706.4760000003,84031.56000000007,4.900638166132436,64519.56635000001,103482.06399999987,3.7622640561186955,6.041862621761622,64872.264743499676,103190.8552565005,4.900543331765608,3.7837895832360777,6.017297080295138,4829.100000000093,134883.9000000006,5,5,4,20000
seasons_15,15 demand stages,fixed_schedule,full_minus_baseline_over_baseline,1652561.0680000002,1687173.748,-34612.68000000002,-2.051518407101229,-65169.00910000016,-1187.348950000201,-3.8343415426398573,-0.07036095800636064,-68823.64202925042,-401.71797074961796,-2.0448690495155346,-4.055704192341375,-0.03403390668969397,-116371.34999999963,40538.05000000005,5,5,4,20000
seasons_15,15 demand stages,d2as2,full_minus_baseline_over_baseline,1652561.0680000002,1540050.02,112511.04800000013,7.305674915675803,88648.48600000002,138783.4835999999,5.751321728439524,9.014992335122598,82226.24559056731,142795.85040943293,7.305616729729084,5.341074237482858,9.270159221975309,64744.450000000186,177223.30000000028,5,5,4,20000
seasons_15,15 demand stages,ppo,full_minus_baseline_over_baseline,1652561.0680000002,1530939.9740000002,121621.09400000003,7.94421048933954,90116.23129999991,156850.64199999996,5.820971138000188,10.446451430878385,79153.16620283655,164089.02179716353,7.988405749624978,4.904210237297633,11.072601261952324,44976.54999999935,213640.9500000002,5,5,4,20000
seasons_15,15 demand stages,no_exploration,full_minus_baseline_over_baseline,1652561.0680000002,1609726.862,42834.20599999997,2.660961123974847,27265.026799999523,61516.05199999989,1.694870817715961,3.8127615302946345,25498.097218810548,60170.31478118937,2.658437065919085,1.600701535995796,3.716172595842374,-9570.34999999986,104648.30000000028,5,5,4,20000
seasons_15,15 demand stages,no_substitution,full_minus_baseline_over_baseline,1652561.0680000002,1581829.7360000003,70731.33199999988,4.471488327110316,47227.278000000464,97891.39599999992,2.9836372347504896,6.1921753776781685,40207.04229009601,101255.62170990377,4.471466046666039,2.5419004871657456,6.401031606166333,23245.80000000028,139345.8500000001,5,5,4,20000
seasons_15,15 demand stages,reset_all,full_minus_baseline_over_baseline,1652561.0680000002,1601930.4680000003,50630.59999999984,3.160599102856932,26184.482699999797,79715.72800000009,1.633037851417142,4.990137931457469,17529.44708335177,83731.7529166479,3.1625097989071227,1.0883255821239302,5.236694015690315,5963.850000000093,124284.50000000023,5,5,4,20000
seasons_15,15 demand stages,no_reset,full_minus_baseline_over_baseline,1652561.0680000002,1687777.9660000002,-35216.89800000005,-2.0865835856041763,-55537.95960000032,-13692.43999999986,-3.2804085034970796,-0.8124315319826381,-54644.69415933137,-15789.101840668736,-2.0850773645385576,-3.222982987599864,-0.9471717414772514,-70374.94999999995,35912.75,5,5,4,20000
seasons_15,15 demand stages,informed,informed_minus_full_over_informed,1652561.0680000002,1737145.5680000002,84584.5,4.869165921275285,57556.995200000245,107870.87200000009,3.3122737794555137,6.206394559150987,54270.170543554836,114898.82945644516,4.8692922509644925,3.1239354577949894,6.614649044133996,17684.65000000084,130437.75000000047,5,5,4,20000
