case_label,n,t,full_unit_profit,gain_fixed_schedule,gain_d2as2,gain_ppo,gain_no_exploration,gain_no_substitution,gain_reset_all,gain_no_reset,informed_gap
"K = 3, T = 150",3,150,1847.8289866666664,-1.7803957921832687,8.577294377173946,10.127229409009775,2.9537775384622362,4.94193372241467,1.6727236701678394,0.5386543751759907,4.404919468176379
"K = 3, T = 300 (central)",3,300,1855.4632333333332,-1.7636690696516062,3.913891948050358,7.611691262718582,3.017009271588703,5.431847574632106,1.4812238805553153,0.6792701704528171,3.9645909283174126
"K = 3, T = 600",3,600,1856.22513,-1.7552522279693132,2.6231383372714308,6.259574239148464,2.375829192590601,5.440562151594905,1.510585306249967,0.738229708142219,3.9159107025343585
"K = 5, T = 150",5,150,1801.397893550878,0.8115892320283771,5.271968082766723,15.631080759505966,1.6360205892973319,2.6013415421522024,1.5393226411244443,0.8595365011490724,7.206190301626943
"K = 5, T = 300",5,300,1803.8575434042352,0.976964910466115,3.2578304623446677,10.767884451663374,1.4264584267333276,2.807931586043349,1.3283708373056853,1.1521256687059434,6.970580335325672
"K = 5, T = 600",5,600,1808.7043821451505,1.0661842545478875,1.4672670372743117,8.60923730631288,1.5664814089955823,3.053063172554872,1.2972081809955565,0.9675523539962984,6.7349995545937436
"K = 10, T = 150",10,150,1749.373349296066,-0.015578467033025048,5.313859923299047,15.17815597924824,-0.03394031981691195,0.17070438680499786,0.4556409360613836,0.8733753420643519,1.6703330060736685
"K = 10, T = 300",10,300,1748.2203173757764,-0.09527112899909859,4.653883339594049,11.549275338564817,-0.025622092837117014,0.11730794783409844,0.2861112892592078,0.6049078940490938,1.7259172928156112
"K = 10, T = 600",10,600,1749.3641426138715,-0.06773625601788877,3.4877061059321077,9.591956725045469,-0.00655382705089319,-0.002928671371913952,0.3390147671028029,0.544955289676592,1.6563955777586419
3 demand stages,3,300,1848.097404444445,-1.5259765779162684,4.866343735953836,11.2172934514518,4.006077566713442,4.772381795829897,0.31748666361009326,2.2383182017246432,4.477671557605414
10 demand stages,3,300,1868.4559577777777,-1.5164691817765517,9.95955501148869,9.099441214349117,4.367782664895416,6.11688003871989,3.912756094502145,1.4134008829907154,3.358009849875298
Capacity: 0.8 x baseline,3,300,1729.2756688888892,-1.7651838698455948,19.552918535613276,32.719904345428695,0.17101752981877624,-1.3346471925736374,0.3365782970814643,0.4841956655385173,4.268435263990014
Capacity: 0.9 x baseline,3,300,1829.346284444444,0.600252355021828,12.03914064567766,14.196700862634946,1.9835739025227503,3.6329263440396744,1.496045058046312,0.39110987308205614,3.858819797282974
Capacity: 1.1 x baseline,3,300,1842.6855466666666,-1.7722737172129,2.9570440098859447,7.660197485521853,2.1713405288130123,5.510643704031316,1.7208337784852112,0.5150998188900321,4.683310538122365
Capacity: 1.2 x baseline,3,300,1843.6986200000001,-1.6507573525619355,4.035022428127587,8.839917082225455,3.9017152368700625,5.476137137736129,1.8983706514914753,-0.4947983554390458,3.9950691777856644
Demand noise: 0.5 x baseline,3,300,1837.8348644444445,-2.443187180784678,2.8215213987150816,6.052209548065985,1.5451539278918798,4.211146327980137,0.3148889655838032,-0.0729976097442305,5.007230482584344
Demand noise: 1.5 x baseline,3,300,1851.775537777778,-1.4063543358489745,5.036544581147002,8.215823572437381,3.3517312081479824,5.622397818188721,1.3158173340158663,0.4308159395870581,3.8573016431878733
Demand noise: 2 x baseline,3,300,1850.465493333333,-1.0504887981925388,5.98582753067101,9.116520238666427,3.365031230637294,6.212720271046666,1.8312235016971463,0.688028770055081,3.4930651081596347
Mean-drift amplitude: 0 x baseline,3,300,1857.5304044444447,-1.5763317891401412,4.534562630747205,7.333603625751804,3.691565736651272,5.461098814684607,1.2337842860317105,-0.1343817075346165,3.9336694276098405
Mean-drift amplitude: 0.5 x baseline,3,300,1863.5913933333334,-1.6395456398322446,4.783755901376095,7.653631801553947,3.305126812894961,5.793994407165357,1.8370870197701588,0.656767979672246,3.585470586836401
Mean-drift amplitude: 1.5 x baseline,3,300,1859.9233,-1.6343576601406629,5.0583135153530465,7.828991565094517,2.7962688809851732,5.550849184978582,1.5535055901218855,0.3332025647288765,3.822808700983265
Mean-drift amplitude: 2 x baseline,3,300,1884.1580155555557,-1.4103172506081065,6.715590356610025,9.602215638465358,4.886866931725885,6.943280015677235,3.398445907545677,1.6246751940309474,2.546293625288018
Holding cost: 0.5 x baseline,3,300,1882.2463933333333,-0.5097569682906931,4.688001302662919,9.145212981007454,3.9252627156720217,6.53489937926205,2.2924083464197746,0.9874405458609994,3.0884134372033594
Holding cost: 1.5 x baseline,3,300,1843.537211111111,-1.828446979573567,3.974837543151696,7.173521501076854,2.613256824774226,5.158831395494714,1.3761502077893766,1.6149076554773152,4.090753483029789
Holding cost: 2 x baseline,3,300,1827.2810377777773,-2.538104027904809,3.6836064435333395,7.123355420044724,2.266032137130464,4.633792857307619,1.498042144494165,1.0983798219130696,4.427971147788409
Lost-sales penalty: 0.5 x baseline,3,300,1879.911875555556,0.2225775306787674,3.852120278109187,9.37352783247445,4.649834603574309,6.731017468687142,2.0673407140625777,0.7983976697826148,3.375462003873856
Lost-sales penalty: 1.5 x baseline,3,300,1820.1427422222223,-3.7934834680340535,3.332075203127683,6.121486665850236,0.9720253423852746,3.514645793906788,0.9718112448344494,-0.16759984784200785,5.134267413869087
Lost-sales penalty: 2 x baseline,3,300,1811.8610177777775,-3.3222338768142463,4.236159664648932,6.269044687186267,1.7463794581568015,3.1352701243010155,1.4184832275342358,0.6938392038441927,4.900638166132436
15 demand stages,3,300,1836.1789644444448,-2.051518407101229,7.305674915675803,7.94421048933954,2.660961123974847,4.471488327110316,3.160599102856932,-2.0865835856041763,4.869165921275285
